ISO-10303-21;
HEADER;
/* Generated by software containing ST-Developer
 * from STEP Tools, Inc. (www.steptools.com) 
 */
/* OPTION: using custom renumber hook */

FILE_DESCRIPTION(
/* description */ ('STEP AP242',
'CAx-IF Rec.Pracs.---Representation and Presentation of Product Manufa
cturing Information (PMI)---4.0---2014-10-13',
'CAx-IF Rec.Pracs.---3D Tessellated Geometry---0.4---2014-09-14','2;1'),

/* implementation_level */ '2;1');

FILE_NAME(
/* name */ 'CL-SB-12A-01T',
/* time_stamp */ '2026-09-06T22:45:27+02:00',
/* author */ ('License CC BY-ND 4.0'),
/* organization */ ('CADENAS'),
/* preprocessor_version */ 'ST-DEVELOPER v20',
/* originating_system */ 'PARTsolutions',
/* authorisation */ '  ');

FILE_SCHEMA (('AP242_MANAGED_MODEL_BASED_3D_ENGINEERING_MIM_LF { 1 0 10303 442 1 1 4 }'));
ENDSEC;

DATA;
#10=DRAUGHTING_PRE_DEFINED_COLOUR('white');
#11=CONTEXT_DEPENDENT_SHAPE_REPRESENTATION(#15,#10929);
#12=CONTEXT_DEPENDENT_SHAPE_REPRESENTATION(#16,#10931);
#13=NEXT_ASSEMBLY_USAGE_OCCURRENCE('NAUO1','12A-01_c','12A-01_c',#10932,
#10933,'');
#14=NEXT_ASSEMBLY_USAGE_OCCURRENCE('NAUO2','2Top setting_s',
'2Top setting_s',#10932,#10934,'');
#15=(
REPRESENTATION_RELATIONSHIP(' ',' ',#7285,#7284)
REPRESENTATION_RELATIONSHIP_WITH_TRANSFORMATION(#17)
SHAPE_REPRESENTATION_RELATIONSHIP()
);
#16=(
REPRESENTATION_RELATIONSHIP(' ',' ',#7286,#7284)
REPRESENTATION_RELATIONSHIP_WITH_TRANSFORMATION(#18)
SHAPE_REPRESENTATION_RELATIONSHIP()
);
#17=ITEM_DEFINED_TRANSFORMATION(' ',' ',#7287,#7705);
#18=ITEM_DEFINED_TRANSFORMATION(' ',' ',#7287,#7742);
#19=SHAPE_REPRESENTATION_RELATIONSHIP('','',#7285,#21);
#20=SHAPE_REPRESENTATION_RELATIONSHIP('','',#7286,#22);
#21=ADVANCED_BREP_SHAPE_REPRESENTATION('',(#7279),#10919);
#22=ADVANCED_BREP_SHAPE_REPRESENTATION('',(#7280),#10920);
#23=B_SPLINE_CURVE_WITH_KNOTS('',3,(#10317,#10318,#10319,#10320,#10321),
 .UNSPECIFIED.,.F.,.F.,(4,1,4),(2.25406463813061E-24,0.000171376381966919,
0.000342752763933838),.UNSPECIFIED.);
#24=B_SPLINE_CURVE_WITH_KNOTS('',3,(#10353,#10354,#10355,#10356,#10357),
 .UNSPECIFIED.,.F.,.F.,(4,1,4),(0.,0.000171485946217981,0.000342971892435961),
 .UNSPECIFIED.);
#25=B_SPLINE_CURVE_WITH_KNOTS('',3,(#10368,#10369,#10370,#10371,#10372),
 .UNSPECIFIED.,.F.,.F.,(4,1,4),(2.16841895313195E-19,0.000171376370362662,
0.000342752740725323),.UNSPECIFIED.);
#26=B_SPLINE_CURVE_WITH_KNOTS('',3,(#10400,#10401,#10402,#10403,#10404),
 .UNSPECIFIED.,.F.,.F.,(4,1,4),(0.,0.000171485946217975,0.00034297189243595),
 .UNSPECIFIED.);
#27=CONICAL_SURFACE('',#7523,0.2,0.785398163397447);
#28=CONICAL_SURFACE('',#7528,0.2,0.785398163397447);
#29=CYLINDRICAL_SURFACE('',#7452,0.1);
#30=CYLINDRICAL_SURFACE('',#7454,0.1);
#31=CYLINDRICAL_SURFACE('',#7455,0.1);
#32=CYLINDRICAL_SURFACE('',#7457,0.0999999999999998);
#33=CYLINDRICAL_SURFACE('',#7459,0.1);
#34=CYLINDRICAL_SURFACE('',#7460,0.0999999999999998);
#35=CYLINDRICAL_SURFACE('',#7462,0.1);
#36=CYLINDRICAL_SURFACE('',#7469,0.1);
#37=CYLINDRICAL_SURFACE('',#7472,0.1);
#38=CYLINDRICAL_SURFACE('',#7475,0.100000000000001);
#39=CYLINDRICAL_SURFACE('',#7478,0.1);
#40=CYLINDRICAL_SURFACE('',#7482,0.1);
#41=CYLINDRICAL_SURFACE('',#7485,0.100000000000001);
#42=CYLINDRICAL_SURFACE('',#7488,0.1);
#43=CYLINDRICAL_SURFACE('',#7491,0.0999999999999998);
#44=CYLINDRICAL_SURFACE('',#7495,0.1);
#45=CYLINDRICAL_SURFACE('',#7498,0.0999999999999998);
#46=CYLINDRICAL_SURFACE('',#7501,0.1);
#47=CYLINDRICAL_SURFACE('',#7504,0.100000000000001);
#48=CYLINDRICAL_SURFACE('',#7508,0.100000000000001);
#49=CYLINDRICAL_SURFACE('',#7511,0.100000000000001);
#50=CYLINDRICAL_SURFACE('',#7514,0.1);
#51=CYLINDRICAL_SURFACE('',#7517,0.1);
#52=CYLINDRICAL_SURFACE('',#7525,0.4);
#53=CYLINDRICAL_SURFACE('',#7530,0.4);
#54=CYLINDRICAL_SURFACE('',#7533,0.5);
#55=CYLINDRICAL_SURFACE('',#7536,0.4);
#56=CYLINDRICAL_SURFACE('',#7542,0.199999999999998);
#57=CYLINDRICAL_SURFACE('',#7543,0.199999999999999);
#58=CYLINDRICAL_SURFACE('',#7545,0.2);
#59=CYLINDRICAL_SURFACE('',#7548,0.124999999999999);
#60=CYLINDRICAL_SURFACE('',#7552,0.125);
#61=CYLINDRICAL_SURFACE('',#7555,0.2);
#62=CYLINDRICAL_SURFACE('',#7557,0.199999999999999);
#63=CYLINDRICAL_SURFACE('',#7558,0.2);
#64=CYLINDRICAL_SURFACE('',#7563,0.200000000000001);
#65=CYLINDRICAL_SURFACE('',#7564,0.200000000000001);
#66=CYLINDRICAL_SURFACE('',#7566,0.2);
#67=CYLINDRICAL_SURFACE('',#7569,0.2);
#68=CYLINDRICAL_SURFACE('',#7571,0.125);
#69=CYLINDRICAL_SURFACE('',#7576,0.200000000000001);
#70=CYLINDRICAL_SURFACE('',#7577,0.200000000000002);
#71=CYLINDRICAL_SURFACE('',#7578,0.1);
#72=CYLINDRICAL_SURFACE('',#7580,0.1);
#73=CYLINDRICAL_SURFACE('',#7582,0.1);
#74=CYLINDRICAL_SURFACE('',#7584,0.1);
#75=CYLINDRICAL_SURFACE('',#7589,0.200000000000001);
#76=CYLINDRICAL_SURFACE('',#7591,0.200000000000001);
#77=CYLINDRICAL_SURFACE('',#7593,0.125);
#78=CYLINDRICAL_SURFACE('',#7594,0.125);
#79=CYLINDRICAL_SURFACE('',#7599,0.200000000000001);
#80=CYLINDRICAL_SURFACE('',#7601,0.200000000000001);
#81=CYLINDRICAL_SURFACE('',#7603,0.125);
#82=CYLINDRICAL_SURFACE('',#7604,0.125);
#83=CYLINDRICAL_SURFACE('',#7606,0.250000000000001);
#84=CYLINDRICAL_SURFACE('',#7607,0.250000000000001);
#85=CYLINDRICAL_SURFACE('',#7611,0.200000000000001);
#86=CYLINDRICAL_SURFACE('',#7613,0.200000000000001);
#87=CYLINDRICAL_SURFACE('',#7614,0.3);
#88=CYLINDRICAL_SURFACE('',#7615,0.05);
#89=CYLINDRICAL_SURFACE('',#7617,0.3);
#90=CYLINDRICAL_SURFACE('',#7630,0.400000000000002);
#91=CYLINDRICAL_SURFACE('',#7634,0.2);
#92=CYLINDRICAL_SURFACE('',#7639,0.199999999999999);
#93=CYLINDRICAL_SURFACE('',#7641,0.7);
#94=CYLINDRICAL_SURFACE('',#7645,0.400000000000001);
#95=CYLINDRICAL_SURFACE('',#7647,0.450000000000001);
#96=CYLINDRICAL_SURFACE('',#7648,0.0999999999999994);
#97=CYLINDRICAL_SURFACE('',#7652,0.150000000000001);
#98=CYLINDRICAL_SURFACE('',#7658,0.400000000000001);
#99=CYLINDRICAL_SURFACE('',#7662,0.400000000000001);
#100=CYLINDRICAL_SURFACE('',#7667,0.4);
#101=CYLINDRICAL_SURFACE('',#7671,0.4);
#102=CYLINDRICAL_SURFACE('',#7677,0.149999999999999);
#103=CYLINDRICAL_SURFACE('',#7681,0.100000000000001);
#104=CYLINDRICAL_SURFACE('',#7696,0.400000000000001);
#105=CYLINDRICAL_SURFACE('',#7698,0.400000000000001);
#106=CYLINDRICAL_SURFACE('',#7702,0.150000000000001);
#107=CYLINDRICAL_SURFACE('',#7704,0.0999999999999994);
#108=CIRCLE('',#7289,0.400000000000001);
#109=CIRCLE('',#7291,0.400000000000001);
#110=CIRCLE('',#7294,0.4);
#111=CIRCLE('',#7296,0.4);
#112=CIRCLE('',#7299,0.1);
#113=CIRCLE('',#7300,0.1);
#114=CIRCLE('',#7301,0.1);
#115=CIRCLE('',#7302,0.1);
#116=CIRCLE('',#7303,0.124999999999999);
#117=CIRCLE('',#7304,0.125);
#118=CIRCLE('',#7305,0.2);
#119=CIRCLE('',#7306,0.199999999999999);
#120=CIRCLE('',#7307,0.200000000000001);
#121=CIRCLE('',#7308,0.2);
#122=CIRCLE('',#7309,0.2);
#123=CIRCLE('',#7310,0.125);
#124=CIRCLE('',#7311,0.200000000000001);
#125=CIRCLE('',#7312,0.199999999999999);
#126=CIRCLE('',#7313,0.2);
#127=CIRCLE('',#7315,0.3);
#128=CIRCLE('',#7317,0.3);
#129=CIRCLE('',#7319,0.1);
#130=CIRCLE('',#7320,0.1);
#131=CIRCLE('',#7321,0.1);
#132=CIRCLE('',#7322,0.1);
#133=CIRCLE('',#7323,0.124999999999999);
#134=CIRCLE('',#7324,0.199999999999999);
#135=CIRCLE('',#7325,0.199999999999998);
#136=CIRCLE('',#7326,0.200000000000002);
#137=CIRCLE('',#7327,0.200000000000001);
#138=CIRCLE('',#7328,0.125);
#139=CIRCLE('',#7329,0.2);
#140=CIRCLE('',#7330,0.200000000000001);
#141=CIRCLE('',#7331,0.200000000000001);
#142=CIRCLE('',#7332,0.2);
#143=CIRCLE('',#7333,0.199999999999999);
#144=CIRCLE('',#7334,0.125);
#145=CIRCLE('',#7336,0.125);
#146=CIRCLE('',#7337,0.200000000000001);
#147=CIRCLE('',#7338,0.200000000000001);
#148=CIRCLE('',#7339,0.125);
#149=CIRCLE('',#7341,0.250000000000001);
#150=CIRCLE('',#7343,0.250000000000001);
#151=CIRCLE('',#7345,0.200000000000001);
#152=CIRCLE('',#7346,0.200000000000001);
#153=CIRCLE('',#7348,0.125);
#154=CIRCLE('',#7354,0.200000000000001);
#155=CIRCLE('',#7355,0.200000000000001);
#156=CIRCLE('',#7357,0.125);
#157=CIRCLE('',#7361,0.199999999999999);
#158=CIRCLE('',#7362,0.2);
#159=CIRCLE('',#7364,0.200000000000001);
#160=CIRCLE('',#7365,0.2);
#161=CIRCLE('',#7367,0.125);
#162=CIRCLE('',#7369,0.0999999999999998);
#163=CIRCLE('',#7370,0.1);
#164=CIRCLE('',#7371,0.1);
#165=CIRCLE('',#7372,0.1);
#166=CIRCLE('',#7376,0.1);
#167=CIRCLE('',#7377,0.0999999999999998);
#168=CIRCLE('',#7378,0.1);
#169=CIRCLE('',#7385,0.200000000000001);
#170=CIRCLE('',#7387,0.1);
#171=CIRCLE('',#7389,0.124999999999999);
#172=CIRCLE('',#7391,0.1);
#173=CIRCLE('',#7392,0.0999999999999998);
#174=CIRCLE('',#7394,0.2);
#175=CIRCLE('',#7398,0.2);
#176=CIRCLE('',#7399,0.199999999999999);
#177=CIRCLE('',#7403,0.4);
#178=CIRCLE('',#7404,0.5);
#179=CIRCLE('',#7405,0.4);
#180=CIRCLE('',#7406,0.4);
#181=CIRCLE('',#7407,0.100000000000001);
#182=CIRCLE('',#7408,0.100000000000001);
#183=CIRCLE('',#7409,0.1);
#184=CIRCLE('',#7410,0.1);
#185=CIRCLE('',#7411,0.1);
#186=CIRCLE('',#7412,0.0999999999999998);
#187=CIRCLE('',#7413,0.1);
#188=CIRCLE('',#7414,0.100000000000001);
#189=CIRCLE('',#7415,0.1);
#190=CIRCLE('',#7416,0.100000000000001);
#191=CIRCLE('',#7417,0.1);
#192=CIRCLE('',#7418,0.0999999999999998);
#193=CIRCLE('',#7419,0.1);
#194=CIRCLE('',#7420,0.1);
#195=CIRCLE('',#7421,0.100000000000001);
#196=CIRCLE('',#7422,0.1);
#197=CIRCLE('',#7434,0.125);
#198=CIRCLE('',#7437,0.125);
#199=CIRCLE('',#7444,0.1);
#200=CIRCLE('',#7445,0.1);
#201=CIRCLE('',#7448,0.0999999999999998);
#202=CIRCLE('',#7449,0.1);
#203=CIRCLE('',#7466,0.400000000000001);
#204=CIRCLE('',#7468,0.400000000000001);
#205=CIRCLE('',#7470,0.1);
#206=CIRCLE('',#7473,0.1);
#207=CIRCLE('',#7476,0.100000000000001);
#208=CIRCLE('',#7479,0.1);
#209=CIRCLE('',#7483,0.1);
#210=CIRCLE('',#7486,0.100000000000001);
#211=CIRCLE('',#7489,0.1);
#212=CIRCLE('',#7492,0.0999999999999998);
#213=CIRCLE('',#7496,0.1);
#214=CIRCLE('',#7499,0.0999999999999998);
#215=CIRCLE('',#7502,0.1);
#216=CIRCLE('',#7505,0.100000000000001);
#217=CIRCLE('',#7509,0.100000000000001);
#218=CIRCLE('',#7512,0.100000000000001);
#219=CIRCLE('',#7515,0.1);
#220=CIRCLE('',#7518,0.1);
#221=CIRCLE('',#7522,0.2);
#222=CIRCLE('',#7524,0.4);
#223=CIRCLE('',#7527,0.2);
#224=CIRCLE('',#7529,0.4);
#225=CIRCLE('',#7532,0.5);
#226=CIRCLE('',#7535,0.4);
#227=CIRCLE('',#7538,0.125);
#228=CIRCLE('',#7539,0.200000000000001);
#229=CIRCLE('',#7540,0.200000000000001);
#230=CIRCLE('',#7541,0.125);
#231=CIRCLE('',#7550,0.200000000000001);
#232=CIRCLE('',#7551,0.200000000000001);
#233=CIRCLE('',#7560,0.250000000000001);
#234=CIRCLE('',#7562,0.250000000000001);
#235=CIRCLE('',#7573,0.3);
#236=CIRCLE('',#7574,0.05);
#237=CIRCLE('',#7587,0.125);
#238=CIRCLE('',#7588,0.125);
#239=CIRCLE('',#7597,0.125);
#240=CIRCLE('',#7598,0.125);
#241=CIRCLE('',#7609,0.200000000000001);
#242=CIRCLE('',#7610,0.200000000000001);
#243=CIRCLE('',#7616,0.05);
#244=CIRCLE('',#7618,0.3);
#245=CIRCLE('',#7621,0.199999999999999);
#246=CIRCLE('',#7622,0.7);
#247=CIRCLE('',#7623,0.400000000000001);
#248=CIRCLE('',#7624,0.450000000000001);
#249=CIRCLE('',#7626,0.450000000000001);
#250=CIRCLE('',#7627,0.400000000000001);
#251=CIRCLE('',#7628,0.7);
#252=CIRCLE('',#7629,0.199999999999999);
#253=CIRCLE('',#7631,0.400000000000002);
#254=CIRCLE('',#7632,0.400000000000002);
#255=CIRCLE('',#7635,0.2);
#256=CIRCLE('',#7636,0.2);
#257=CIRCLE('',#7649,0.0999999999999994);
#258=CIRCLE('',#7650,0.0999999999999994);
#259=CIRCLE('',#7653,0.150000000000001);
#260=CIRCLE('',#7654,0.150000000000001);
#261=CIRCLE('',#7659,0.400000000000001);
#262=CIRCLE('',#7660,0.400000000000001);
#263=CIRCLE('',#7663,0.400000000000001);
#264=CIRCLE('',#7664,0.400000000000001);
#265=CIRCLE('',#7668,0.4);
#266=CIRCLE('',#7669,0.4);
#267=CIRCLE('',#7672,0.4);
#268=CIRCLE('',#7673,0.4);
#269=CIRCLE('',#7678,0.149999999999999);
#270=CIRCLE('',#7679,0.149999999999999);
#271=CIRCLE('',#7682,0.100000000000001);
#272=CIRCLE('',#7683,0.100000000000001);
#273=CIRCLE('',#7687,0.400000000000001);
#274=CIRCLE('',#7688,0.400000000000001);
#275=CIRCLE('',#7689,0.150000000000001);
#276=CIRCLE('',#7690,0.0999999999999994);
#277=CIRCLE('',#7692,0.400000000000001);
#278=CIRCLE('',#7693,0.0999999999999994);
#279=CIRCLE('',#7694,0.150000000000001);
#280=CIRCLE('',#7695,0.400000000000001);
#281=ORIENTED_EDGE('',*,*,#1893,.T.);
#282=ORIENTED_EDGE('',*,*,#1894,.F.);
#283=ORIENTED_EDGE('',*,*,#1895,.F.);
#284=ORIENTED_EDGE('',*,*,#1896,.T.);
#285=ORIENTED_EDGE('',*,*,#1897,.T.);
#286=ORIENTED_EDGE('',*,*,#1898,.T.);
#287=ORIENTED_EDGE('',*,*,#1899,.F.);
#288=ORIENTED_EDGE('',*,*,#1900,.T.);
#289=ORIENTED_EDGE('',*,*,#1895,.T.);
#290=ORIENTED_EDGE('',*,*,#1901,.F.);
#291=ORIENTED_EDGE('',*,*,#1897,.F.);
#292=ORIENTED_EDGE('',*,*,#1902,.T.);
#293=ORIENTED_EDGE('',*,*,#1903,.F.);
#294=ORIENTED_EDGE('',*,*,#1904,.F.);
#295=ORIENTED_EDGE('',*,*,#1905,.T.);
#296=ORIENTED_EDGE('',*,*,#1906,.T.);
#297=ORIENTED_EDGE('',*,*,#1907,.F.);
#298=ORIENTED_EDGE('',*,*,#1908,.T.);
#299=ORIENTED_EDGE('',*,*,#1909,.T.);
#300=ORIENTED_EDGE('',*,*,#1910,.T.);
#301=ORIENTED_EDGE('',*,*,#1911,.T.);
#302=ORIENTED_EDGE('',*,*,#1912,.T.);
#303=ORIENTED_EDGE('',*,*,#1913,.F.);
#304=ORIENTED_EDGE('',*,*,#1914,.T.);
#305=ORIENTED_EDGE('',*,*,#1915,.F.);
#306=ORIENTED_EDGE('',*,*,#1916,.F.);
#307=ORIENTED_EDGE('',*,*,#1917,.F.);
#308=ORIENTED_EDGE('',*,*,#1918,.F.);
#309=ORIENTED_EDGE('',*,*,#1919,.F.);
#310=ORIENTED_EDGE('',*,*,#1920,.F.);
#311=ORIENTED_EDGE('',*,*,#1921,.F.);
#312=ORIENTED_EDGE('',*,*,#1922,.F.);
#313=ORIENTED_EDGE('',*,*,#1923,.F.);
#314=ORIENTED_EDGE('',*,*,#1924,.F.);
#315=ORIENTED_EDGE('',*,*,#1925,.F.);
#316=ORIENTED_EDGE('',*,*,#1926,.T.);
#317=ORIENTED_EDGE('',*,*,#1927,.T.);
#318=ORIENTED_EDGE('',*,*,#1928,.T.);
#319=ORIENTED_EDGE('',*,*,#1929,.F.);
#320=ORIENTED_EDGE('',*,*,#1930,.T.);
#321=ORIENTED_EDGE('',*,*,#1931,.T.);
#322=ORIENTED_EDGE('',*,*,#1932,.T.);
#323=ORIENTED_EDGE('',*,*,#1933,.T.);
#324=ORIENTED_EDGE('',*,*,#1934,.T.);
#325=ORIENTED_EDGE('',*,*,#1935,.F.);
#326=ORIENTED_EDGE('',*,*,#1936,.T.);
#327=ORIENTED_EDGE('',*,*,#1937,.T.);
#328=ORIENTED_EDGE('',*,*,#1938,.T.);
#329=ORIENTED_EDGE('',*,*,#1939,.F.);
#330=ORIENTED_EDGE('',*,*,#1940,.T.);
#331=ORIENTED_EDGE('',*,*,#1941,.F.);
#332=ORIENTED_EDGE('',*,*,#1942,.T.);
#333=ORIENTED_EDGE('',*,*,#1943,.T.);
#334=ORIENTED_EDGE('',*,*,#1944,.T.);
#335=ORIENTED_EDGE('',*,*,#1945,.T.);
#336=ORIENTED_EDGE('',*,*,#1946,.F.);
#337=ORIENTED_EDGE('',*,*,#1947,.T.);
#338=ORIENTED_EDGE('',*,*,#1948,.T.);
#339=ORIENTED_EDGE('',*,*,#1949,.F.);
#340=ORIENTED_EDGE('',*,*,#1950,.T.);
#341=ORIENTED_EDGE('',*,*,#1951,.T.);
#342=ORIENTED_EDGE('',*,*,#1952,.T.);
#343=ORIENTED_EDGE('',*,*,#1953,.F.);
#344=ORIENTED_EDGE('',*,*,#1954,.F.);
#345=ORIENTED_EDGE('',*,*,#1955,.T.);
#346=ORIENTED_EDGE('',*,*,#1956,.T.);
#347=ORIENTED_EDGE('',*,*,#1957,.T.);
#348=ORIENTED_EDGE('',*,*,#1958,.T.);
#349=ORIENTED_EDGE('',*,*,#1959,.F.);
#350=ORIENTED_EDGE('',*,*,#1960,.F.);
#351=ORIENTED_EDGE('',*,*,#1961,.F.);
#352=ORIENTED_EDGE('',*,*,#1962,.T.);
#353=ORIENTED_EDGE('',*,*,#1963,.T.);
#354=ORIENTED_EDGE('',*,*,#1964,.T.);
#355=ORIENTED_EDGE('',*,*,#1965,.T.);
#356=ORIENTED_EDGE('',*,*,#1966,.T.);
#357=ORIENTED_EDGE('',*,*,#1967,.T.);
#358=ORIENTED_EDGE('',*,*,#1968,.T.);
#359=ORIENTED_EDGE('',*,*,#1969,.T.);
#360=ORIENTED_EDGE('',*,*,#1970,.T.);
#361=ORIENTED_EDGE('',*,*,#1971,.T.);
#362=ORIENTED_EDGE('',*,*,#1972,.T.);
#363=ORIENTED_EDGE('',*,*,#1973,.F.);
#364=ORIENTED_EDGE('',*,*,#1955,.F.);
#365=ORIENTED_EDGE('',*,*,#1974,.T.);
#366=ORIENTED_EDGE('',*,*,#1975,.F.);
#367=ORIENTED_EDGE('',*,*,#1976,.F.);
#368=ORIENTED_EDGE('',*,*,#1977,.T.);
#369=ORIENTED_EDGE('',*,*,#1978,.F.);
#370=ORIENTED_EDGE('',*,*,#1979,.F.);
#371=ORIENTED_EDGE('',*,*,#1980,.T.);
#372=ORIENTED_EDGE('',*,*,#1981,.F.);
#373=ORIENTED_EDGE('',*,*,#1982,.T.);
#374=ORIENTED_EDGE('',*,*,#1983,.F.);
#375=ORIENTED_EDGE('',*,*,#1984,.T.);
#376=ORIENTED_EDGE('',*,*,#1985,.F.);
#377=ORIENTED_EDGE('',*,*,#1986,.F.);
#378=ORIENTED_EDGE('',*,*,#1987,.F.);
#379=ORIENTED_EDGE('',*,*,#1988,.F.);
#380=ORIENTED_EDGE('',*,*,#1989,.F.);
#381=ORIENTED_EDGE('',*,*,#1990,.T.);
#382=ORIENTED_EDGE('',*,*,#1991,.F.);
#383=ORIENTED_EDGE('',*,*,#1992,.F.);
#384=ORIENTED_EDGE('',*,*,#1993,.F.);
#385=ORIENTED_EDGE('',*,*,#1994,.T.);
#386=ORIENTED_EDGE('',*,*,#1995,.F.);
#387=ORIENTED_EDGE('',*,*,#1996,.T.);
#388=ORIENTED_EDGE('',*,*,#1997,.T.);
#389=ORIENTED_EDGE('',*,*,#1998,.F.);
#390=ORIENTED_EDGE('',*,*,#1999,.F.);
#391=ORIENTED_EDGE('',*,*,#2000,.F.);
#392=ORIENTED_EDGE('',*,*,#2001,.F.);
#393=ORIENTED_EDGE('',*,*,#2002,.F.);
#394=ORIENTED_EDGE('',*,*,#2003,.T.);
#395=ORIENTED_EDGE('',*,*,#2004,.T.);
#396=ORIENTED_EDGE('',*,*,#2005,.F.);
#397=ORIENTED_EDGE('',*,*,#2006,.T.);
#398=ORIENTED_EDGE('',*,*,#2007,.T.);
#399=ORIENTED_EDGE('',*,*,#2008,.F.);
#400=ORIENTED_EDGE('',*,*,#2009,.F.);
#401=ORIENTED_EDGE('',*,*,#2010,.T.);
#402=ORIENTED_EDGE('',*,*,#2011,.F.);
#403=ORIENTED_EDGE('',*,*,#2012,.F.);
#404=ORIENTED_EDGE('',*,*,#2013,.T.);
#405=ORIENTED_EDGE('',*,*,#1963,.F.);
#406=ORIENTED_EDGE('',*,*,#2014,.T.);
#407=ORIENTED_EDGE('',*,*,#2015,.F.);
#408=ORIENTED_EDGE('',*,*,#2016,.F.);
#409=ORIENTED_EDGE('',*,*,#2017,.T.);
#410=ORIENTED_EDGE('',*,*,#2018,.T.);
#411=ORIENTED_EDGE('',*,*,#2019,.T.);
#412=ORIENTED_EDGE('',*,*,#2020,.T.);
#413=ORIENTED_EDGE('',*,*,#2021,.F.);
#414=ORIENTED_EDGE('',*,*,#2022,.T.);
#415=ORIENTED_EDGE('',*,*,#2023,.T.);
#416=ORIENTED_EDGE('',*,*,#2024,.T.);
#417=ORIENTED_EDGE('',*,*,#2025,.T.);
#418=ORIENTED_EDGE('',*,*,#2026,.T.);
#419=ORIENTED_EDGE('',*,*,#2027,.T.);
#420=ORIENTED_EDGE('',*,*,#2028,.T.);
#421=ORIENTED_EDGE('',*,*,#2029,.F.);
#422=ORIENTED_EDGE('',*,*,#2030,.T.);
#423=ORIENTED_EDGE('',*,*,#2031,.T.);
#424=ORIENTED_EDGE('',*,*,#2032,.T.);
#425=ORIENTED_EDGE('',*,*,#2033,.T.);
#426=ORIENTED_EDGE('',*,*,#2034,.F.);
#427=ORIENTED_EDGE('',*,*,#2035,.F.);
#428=ORIENTED_EDGE('',*,*,#2036,.F.);
#429=ORIENTED_EDGE('',*,*,#2037,.F.);
#430=ORIENTED_EDGE('',*,*,#1981,.T.);
#431=ORIENTED_EDGE('',*,*,#2038,.T.);
#432=ORIENTED_EDGE('',*,*,#2039,.F.);
#433=ORIENTED_EDGE('',*,*,#2040,.F.);
#434=ORIENTED_EDGE('',*,*,#1983,.T.);
#435=ORIENTED_EDGE('',*,*,#2041,.F.);
#436=ORIENTED_EDGE('',*,*,#2042,.F.);
#437=ORIENTED_EDGE('',*,*,#2043,.T.);
#438=ORIENTED_EDGE('',*,*,#2044,.T.);
#439=ORIENTED_EDGE('',*,*,#2045,.T.);
#440=ORIENTED_EDGE('',*,*,#2046,.T.);
#441=ORIENTED_EDGE('',*,*,#2047,.T.);
#442=ORIENTED_EDGE('',*,*,#2048,.F.);
#443=ORIENTED_EDGE('',*,*,#2049,.T.);
#444=ORIENTED_EDGE('',*,*,#2050,.T.);
#445=ORIENTED_EDGE('',*,*,#2051,.T.);
#446=ORIENTED_EDGE('',*,*,#2052,.T.);
#447=ORIENTED_EDGE('',*,*,#2053,.T.);
#448=ORIENTED_EDGE('',*,*,#2054,.T.);
#449=ORIENTED_EDGE('',*,*,#2055,.T.);
#450=ORIENTED_EDGE('',*,*,#2056,.F.);
#451=ORIENTED_EDGE('',*,*,#2057,.T.);
#452=ORIENTED_EDGE('',*,*,#2058,.F.);
#453=ORIENTED_EDGE('',*,*,#2059,.F.);
#454=ORIENTED_EDGE('',*,*,#2060,.F.);
#455=ORIENTED_EDGE('',*,*,#2061,.T.);
#456=ORIENTED_EDGE('',*,*,#2062,.T.);
#457=ORIENTED_EDGE('',*,*,#2063,.T.);
#458=ORIENTED_EDGE('',*,*,#2064,.F.);
#459=ORIENTED_EDGE('',*,*,#2065,.T.);
#460=ORIENTED_EDGE('',*,*,#2061,.F.);
#461=ORIENTED_EDGE('',*,*,#2066,.T.);
#462=ORIENTED_EDGE('',*,*,#2067,.T.);
#463=ORIENTED_EDGE('',*,*,#2068,.F.);
#464=ORIENTED_EDGE('',*,*,#2069,.F.);
#465=ORIENTED_EDGE('',*,*,#2070,.T.);
#466=ORIENTED_EDGE('',*,*,#2071,.F.);
#467=ORIENTED_EDGE('',*,*,#2000,.T.);
#468=ORIENTED_EDGE('',*,*,#2072,.F.);
#469=ORIENTED_EDGE('',*,*,#2073,.F.);
#470=ORIENTED_EDGE('',*,*,#2074,.F.);
#471=ORIENTED_EDGE('',*,*,#2075,.T.);
#472=ORIENTED_EDGE('',*,*,#2030,.F.);
#473=ORIENTED_EDGE('',*,*,#2076,.T.);
#474=ORIENTED_EDGE('',*,*,#2020,.F.);
#475=ORIENTED_EDGE('',*,*,#2077,.T.);
#476=ORIENTED_EDGE('',*,*,#2078,.F.);
#477=ORIENTED_EDGE('',*,*,#2079,.T.);
#478=ORIENTED_EDGE('',*,*,#2080,.F.);
#479=ORIENTED_EDGE('',*,*,#2010,.F.);
#480=ORIENTED_EDGE('',*,*,#2081,.F.);
#481=ORIENTED_EDGE('',*,*,#2082,.T.);
#482=ORIENTED_EDGE('',*,*,#2083,.F.);
#483=ORIENTED_EDGE('',*,*,#2084,.T.);
#484=ORIENTED_EDGE('',*,*,#2085,.T.);
#485=ORIENTED_EDGE('',*,*,#2086,.T.);
#486=ORIENTED_EDGE('',*,*,#2087,.T.);
#487=ORIENTED_EDGE('',*,*,#2088,.T.);
#488=ORIENTED_EDGE('',*,*,#2089,.T.);
#489=ORIENTED_EDGE('',*,*,#2090,.T.);
#490=ORIENTED_EDGE('',*,*,#2091,.T.);
#491=ORIENTED_EDGE('',*,*,#2092,.F.);
#492=ORIENTED_EDGE('',*,*,#2093,.F.);
#493=ORIENTED_EDGE('',*,*,#2094,.F.);
#494=ORIENTED_EDGE('',*,*,#2095,.F.);
#495=ORIENTED_EDGE('',*,*,#2096,.T.);
#496=ORIENTED_EDGE('',*,*,#2097,.T.);
#497=ORIENTED_EDGE('',*,*,#2078,.T.);
#498=ORIENTED_EDGE('',*,*,#2098,.F.);
#499=ORIENTED_EDGE('',*,*,#2099,.T.);
#500=ORIENTED_EDGE('',*,*,#2100,.T.);
#501=ORIENTED_EDGE('',*,*,#2059,.T.);
#502=ORIENTED_EDGE('',*,*,#2101,.T.);
#503=ORIENTED_EDGE('',*,*,#2102,.T.);
#504=ORIENTED_EDGE('',*,*,#2103,.F.);
#505=ORIENTED_EDGE('',*,*,#2104,.T.);
#506=ORIENTED_EDGE('',*,*,#2105,.T.);
#507=ORIENTED_EDGE('',*,*,#2106,.F.);
#508=ORIENTED_EDGE('',*,*,#2107,.T.);
#509=ORIENTED_EDGE('',*,*,#2108,.T.);
#510=ORIENTED_EDGE('',*,*,#2109,.T.);
#511=ORIENTED_EDGE('',*,*,#2110,.T.);
#512=ORIENTED_EDGE('',*,*,#2079,.F.);
#513=ORIENTED_EDGE('',*,*,#2097,.F.);
#514=ORIENTED_EDGE('',*,*,#2111,.F.);
#515=ORIENTED_EDGE('',*,*,#2112,.F.);
#516=ORIENTED_EDGE('',*,*,#2073,.T.);
#517=ORIENTED_EDGE('',*,*,#2113,.T.);
#518=ORIENTED_EDGE('',*,*,#2114,.T.);
#519=ORIENTED_EDGE('',*,*,#2115,.F.);
#520=ORIENTED_EDGE('',*,*,#2116,.F.);
#521=ORIENTED_EDGE('',*,*,#2117,.T.);
#522=ORIENTED_EDGE('',*,*,#2118,.T.);
#523=ORIENTED_EDGE('',*,*,#2119,.T.);
#524=ORIENTED_EDGE('',*,*,#2077,.F.);
#525=ORIENTED_EDGE('',*,*,#2019,.F.);
#526=ORIENTED_EDGE('',*,*,#2120,.T.);
#527=ORIENTED_EDGE('',*,*,#2098,.T.);
#528=ORIENTED_EDGE('',*,*,#2121,.F.);
#529=ORIENTED_EDGE('',*,*,#2122,.F.);
#530=ORIENTED_EDGE('',*,*,#2123,.F.);
#531=ORIENTED_EDGE('',*,*,#2124,.F.);
#532=ORIENTED_EDGE('',*,*,#2125,.F.);
#533=ORIENTED_EDGE('',*,*,#2126,.T.);
#534=ORIENTED_EDGE('',*,*,#2127,.F.);
#535=ORIENTED_EDGE('',*,*,#2128,.T.);
#536=ORIENTED_EDGE('',*,*,#2129,.F.);
#537=ORIENTED_EDGE('',*,*,#2130,.F.);
#538=ORIENTED_EDGE('',*,*,#2131,.F.);
#539=ORIENTED_EDGE('',*,*,#2132,.T.);
#540=ORIENTED_EDGE('',*,*,#2133,.T.);
#541=ORIENTED_EDGE('',*,*,#2134,.F.);
#542=ORIENTED_EDGE('',*,*,#2135,.F.);
#543=ORIENTED_EDGE('',*,*,#2136,.T.);
#544=ORIENTED_EDGE('',*,*,#2137,.T.);
#545=ORIENTED_EDGE('',*,*,#2138,.F.);
#546=ORIENTED_EDGE('',*,*,#2139,.F.);
#547=ORIENTED_EDGE('',*,*,#2140,.T.);
#548=ORIENTED_EDGE('',*,*,#2141,.F.);
#549=ORIENTED_EDGE('',*,*,#2142,.F.);
#550=ORIENTED_EDGE('',*,*,#2143,.F.);
#551=ORIENTED_EDGE('',*,*,#1914,.F.);
#552=ORIENTED_EDGE('',*,*,#2144,.F.);
#553=ORIENTED_EDGE('',*,*,#2145,.F.);
#554=ORIENTED_EDGE('',*,*,#2084,.F.);
#555=ORIENTED_EDGE('',*,*,#2146,.T.);
#556=ORIENTED_EDGE('',*,*,#2023,.F.);
#557=ORIENTED_EDGE('',*,*,#2147,.F.);
#558=ORIENTED_EDGE('',*,*,#2099,.F.);
#559=ORIENTED_EDGE('',*,*,#2120,.F.);
#560=ORIENTED_EDGE('',*,*,#2018,.F.);
#561=ORIENTED_EDGE('',*,*,#2148,.F.);
#562=ORIENTED_EDGE('',*,*,#2149,.T.);
#563=ORIENTED_EDGE('',*,*,#2150,.F.);
#564=ORIENTED_EDGE('',*,*,#2151,.F.);
#565=ORIENTED_EDGE('',*,*,#2152,.T.);
#566=ORIENTED_EDGE('',*,*,#1927,.F.);
#567=ORIENTED_EDGE('',*,*,#2153,.F.);
#568=ORIENTED_EDGE('',*,*,#2140,.F.);
#569=ORIENTED_EDGE('',*,*,#2154,.T.);
#570=ORIENTED_EDGE('',*,*,#2155,.F.);
#571=ORIENTED_EDGE('',*,*,#2156,.F.);
#572=ORIENTED_EDGE('',*,*,#2107,.F.);
#573=ORIENTED_EDGE('',*,*,#2157,.F.);
#574=ORIENTED_EDGE('',*,*,#2158,.F.);
#575=ORIENTED_EDGE('',*,*,#2159,.T.);
#576=ORIENTED_EDGE('',*,*,#2160,.F.);
#577=ORIENTED_EDGE('',*,*,#2161,.T.);
#578=ORIENTED_EDGE('',*,*,#1951,.F.);
#579=ORIENTED_EDGE('',*,*,#2162,.F.);
#580=ORIENTED_EDGE('',*,*,#2126,.F.);
#581=ORIENTED_EDGE('',*,*,#2163,.F.);
#582=ORIENTED_EDGE('',*,*,#2164,.T.);
#583=ORIENTED_EDGE('',*,*,#2165,.F.);
#584=ORIENTED_EDGE('',*,*,#2166,.T.);
#585=ORIENTED_EDGE('',*,*,#2065,.F.);
#586=ORIENTED_EDGE('',*,*,#2167,.F.);
#587=ORIENTED_EDGE('',*,*,#2168,.T.);
#588=ORIENTED_EDGE('',*,*,#2169,.T.);
#589=ORIENTED_EDGE('',*,*,#2170,.F.);
#590=ORIENTED_EDGE('',*,*,#2044,.F.);
#591=ORIENTED_EDGE('',*,*,#2171,.F.);
#592=ORIENTED_EDGE('',*,*,#1896,.F.);
#593=ORIENTED_EDGE('',*,*,#1902,.F.);
#594=ORIENTED_EDGE('',*,*,#1900,.F.);
#595=ORIENTED_EDGE('',*,*,#2172,.T.);
#596=ORIENTED_EDGE('',*,*,#2173,.T.);
#597=ORIENTED_EDGE('',*,*,#2174,.F.);
#598=ORIENTED_EDGE('',*,*,#2085,.F.);
#599=ORIENTED_EDGE('',*,*,#2145,.T.);
#600=ORIENTED_EDGE('',*,*,#2175,.T.);
#601=ORIENTED_EDGE('',*,*,#2176,.T.);
#602=ORIENTED_EDGE('',*,*,#1907,.T.);
#603=ORIENTED_EDGE('',*,*,#2177,.F.);
#604=ORIENTED_EDGE('',*,*,#2091,.F.);
#605=ORIENTED_EDGE('',*,*,#1906,.F.);
#606=ORIENTED_EDGE('',*,*,#2178,.T.);
#607=ORIENTED_EDGE('',*,*,#2048,.T.);
#608=ORIENTED_EDGE('',*,*,#2179,.T.);
#609=ORIENTED_EDGE('',*,*,#2180,.T.);
#610=ORIENTED_EDGE('',*,*,#2181,.F.);
#611=ORIENTED_EDGE('',*,*,#2056,.T.);
#612=ORIENTED_EDGE('',*,*,#2068,.T.);
#613=ORIENTED_EDGE('',*,*,#2182,.T.);
#614=ORIENTED_EDGE('',*,*,#2183,.T.);
#615=ORIENTED_EDGE('',*,*,#2184,.F.);
#616=ORIENTED_EDGE('',*,*,#2185,.T.);
#617=ORIENTED_EDGE('',*,*,#2186,.T.);
#618=ORIENTED_EDGE('',*,*,#2116,.T.);
#619=ORIENTED_EDGE('',*,*,#2187,.T.);
#620=ORIENTED_EDGE('',*,*,#2188,.T.);
#621=ORIENTED_EDGE('',*,*,#2189,.F.);
#622=ORIENTED_EDGE('',*,*,#2190,.T.);
#623=ORIENTED_EDGE('',*,*,#2191,.T.);
#624=ORIENTED_EDGE('',*,*,#1937,.F.);
#625=ORIENTED_EDGE('',*,*,#2192,.F.);
#626=ORIENTED_EDGE('',*,*,#2134,.T.);
#627=ORIENTED_EDGE('',*,*,#2193,.T.);
#628=ORIENTED_EDGE('',*,*,#2194,.F.);
#629=ORIENTED_EDGE('',*,*,#2195,.T.);
#630=ORIENTED_EDGE('',*,*,#2032,.F.);
#631=ORIENTED_EDGE('',*,*,#2196,.T.);
#632=ORIENTED_EDGE('',*,*,#2197,.T.);
#633=ORIENTED_EDGE('',*,*,#2198,.T.);
#634=ORIENTED_EDGE('',*,*,#2027,.F.);
#635=ORIENTED_EDGE('',*,*,#2199,.F.);
#636=ORIENTED_EDGE('',*,*,#2092,.T.);
#637=ORIENTED_EDGE('',*,*,#2177,.T.);
#638=ORIENTED_EDGE('',*,*,#1910,.F.);
#639=ORIENTED_EDGE('',*,*,#2200,.F.);
#640=ORIENTED_EDGE('',*,*,#2201,.F.);
#641=ORIENTED_EDGE('',*,*,#2202,.F.);
#642=ORIENTED_EDGE('',*,*,#2203,.F.);
#643=ORIENTED_EDGE('',*,*,#2142,.T.);
#644=ORIENTED_EDGE('',*,*,#1899,.T.);
#645=ORIENTED_EDGE('',*,*,#2204,.T.);
#646=ORIENTED_EDGE('',*,*,#1893,.F.);
#647=ORIENTED_EDGE('',*,*,#2171,.T.);
#648=ORIENTED_EDGE('',*,*,#2055,.F.);
#649=ORIENTED_EDGE('',*,*,#2205,.F.);
#650=ORIENTED_EDGE('',*,*,#2206,.F.);
#651=ORIENTED_EDGE('',*,*,#2178,.F.);
#652=ORIENTED_EDGE('',*,*,#1905,.F.);
#653=ORIENTED_EDGE('',*,*,#2207,.F.);
#654=ORIENTED_EDGE('',*,*,#2208,.T.);
#655=ORIENTED_EDGE('',*,*,#2049,.F.);
#656=ORIENTED_EDGE('',*,*,#2209,.F.);
#657=ORIENTED_EDGE('',*,*,#2124,.T.);
#658=ORIENTED_EDGE('',*,*,#2210,.F.);
#659=ORIENTED_EDGE('',*,*,#2211,.F.);
#660=ORIENTED_EDGE('',*,*,#2212,.F.);
#661=ORIENTED_EDGE('',*,*,#2211,.T.);
#662=ORIENTED_EDGE('',*,*,#2213,.F.);
#663=ORIENTED_EDGE('',*,*,#2164,.F.);
#664=ORIENTED_EDGE('',*,*,#2214,.F.);
#665=ORIENTED_EDGE('',*,*,#2215,.F.);
#666=ORIENTED_EDGE('',*,*,#2216,.T.);
#667=ORIENTED_EDGE('',*,*,#2217,.T.);
#668=ORIENTED_EDGE('',*,*,#2218,.F.);
#669=ORIENTED_EDGE('',*,*,#2219,.F.);
#670=ORIENTED_EDGE('',*,*,#1989,.T.);
#671=ORIENTED_EDGE('',*,*,#2220,.T.);
#672=ORIENTED_EDGE('',*,*,#2118,.F.);
#673=ORIENTED_EDGE('',*,*,#2221,.F.);
#674=ORIENTED_EDGE('',*,*,#2222,.T.);
#675=ORIENTED_EDGE('',*,*,#2223,.F.);
#676=ORIENTED_EDGE('',*,*,#2160,.T.);
#677=ORIENTED_EDGE('',*,*,#2224,.T.);
#678=ORIENTED_EDGE('',*,*,#2225,.F.);
#679=ORIENTED_EDGE('',*,*,#2109,.F.);
#680=ORIENTED_EDGE('',*,*,#2226,.T.);
#681=ORIENTED_EDGE('',*,*,#2227,.T.);
#682=ORIENTED_EDGE('',*,*,#2228,.F.);
#683=ORIENTED_EDGE('',*,*,#2138,.T.);
#684=ORIENTED_EDGE('',*,*,#2012,.T.);
#685=ORIENTED_EDGE('',*,*,#2229,.T.);
#686=ORIENTED_EDGE('',*,*,#2230,.T.);
#687=ORIENTED_EDGE('',*,*,#2231,.F.);
#688=ORIENTED_EDGE('',*,*,#2190,.F.);
#689=ORIENTED_EDGE('',*,*,#2232,.T.);
#690=ORIENTED_EDGE('',*,*,#2233,.F.);
#691=ORIENTED_EDGE('',*,*,#2234,.T.);
#692=ORIENTED_EDGE('',*,*,#2235,.T.);
#693=ORIENTED_EDGE('',*,*,#2066,.F.);
#694=ORIENTED_EDGE('',*,*,#2060,.T.);
#695=ORIENTED_EDGE('',*,*,#2100,.F.);
#696=ORIENTED_EDGE('',*,*,#2236,.F.);
#697=ORIENTED_EDGE('',*,*,#1987,.T.);
#698=ORIENTED_EDGE('',*,*,#2237,.F.);
#699=ORIENTED_EDGE('',*,*,#2238,.T.);
#700=ORIENTED_EDGE('',*,*,#2239,.F.);
#701=ORIENTED_EDGE('',*,*,#2240,.F.);
#702=ORIENTED_EDGE('',*,*,#2241,.F.);
#703=ORIENTED_EDGE('',*,*,#1977,.F.);
#704=ORIENTED_EDGE('',*,*,#2242,.F.);
#705=ORIENTED_EDGE('',*,*,#2103,.T.);
#706=ORIENTED_EDGE('',*,*,#2243,.T.);
#707=ORIENTED_EDGE('',*,*,#2063,.F.);
#708=ORIENTED_EDGE('',*,*,#2244,.T.);
#709=ORIENTED_EDGE('',*,*,#2245,.F.);
#710=ORIENTED_EDGE('',*,*,#2151,.T.);
#711=ORIENTED_EDGE('',*,*,#2246,.T.);
#712=ORIENTED_EDGE('',*,*,#2247,.F.);
#713=ORIENTED_EDGE('',*,*,#2248,.F.);
#714=ORIENTED_EDGE('',*,*,#2249,.F.);
#715=ORIENTED_EDGE('',*,*,#2250,.F.);
#716=ORIENTED_EDGE('',*,*,#2054,.F.);
#717=ORIENTED_EDGE('',*,*,#2251,.F.);
#718=ORIENTED_EDGE('',*,*,#2086,.F.);
#719=ORIENTED_EDGE('',*,*,#2174,.T.);
#720=ORIENTED_EDGE('',*,*,#2252,.F.);
#721=ORIENTED_EDGE('',*,*,#2201,.T.);
#722=ORIENTED_EDGE('',*,*,#2253,.F.);
#723=ORIENTED_EDGE('',*,*,#2205,.T.);
#724=ORIENTED_EDGE('',*,*,#2053,.F.);
#725=ORIENTED_EDGE('',*,*,#2254,.F.);
#726=ORIENTED_EDGE('',*,*,#2087,.F.);
#727=ORIENTED_EDGE('',*,*,#2251,.T.);
#728=ORIENTED_EDGE('',*,*,#2255,.F.);
#729=ORIENTED_EDGE('',*,*,#2256,.F.);
#730=ORIENTED_EDGE('',*,*,#2257,.F.);
#731=ORIENTED_EDGE('',*,*,#2258,.F.);
#732=ORIENTED_EDGE('',*,*,#2259,.T.);
#733=ORIENTED_EDGE('',*,*,#2260,.T.);
#734=ORIENTED_EDGE('',*,*,#2261,.T.);
#735=ORIENTED_EDGE('',*,*,#2262,.T.);
#736=ORIENTED_EDGE('',*,*,#2263,.T.);
#737=ORIENTED_EDGE('',*,*,#2264,.T.);
#738=ORIENTED_EDGE('',*,*,#2265,.T.);
#739=ORIENTED_EDGE('',*,*,#2266,.T.);
#740=ORIENTED_EDGE('',*,*,#2267,.T.);
#741=ORIENTED_EDGE('',*,*,#2268,.T.);
#742=ORIENTED_EDGE('',*,*,#2269,.T.);
#743=ORIENTED_EDGE('',*,*,#2270,.T.);
#744=ORIENTED_EDGE('',*,*,#2271,.T.);
#745=ORIENTED_EDGE('',*,*,#2272,.T.);
#746=ORIENTED_EDGE('',*,*,#2273,.T.);
#747=ORIENTED_EDGE('',*,*,#2274,.T.);
#748=ORIENTED_EDGE('',*,*,#2275,.T.);
#749=ORIENTED_EDGE('',*,*,#2276,.T.);
#750=ORIENTED_EDGE('',*,*,#2277,.T.);
#751=ORIENTED_EDGE('',*,*,#2278,.T.);
#752=ORIENTED_EDGE('',*,*,#2279,.T.);
#753=ORIENTED_EDGE('',*,*,#2280,.T.);
#754=ORIENTED_EDGE('',*,*,#2281,.T.);
#755=ORIENTED_EDGE('',*,*,#2282,.T.);
#756=ORIENTED_EDGE('',*,*,#2283,.T.);
#757=ORIENTED_EDGE('',*,*,#2284,.T.);
#758=ORIENTED_EDGE('',*,*,#2285,.T.);
#759=ORIENTED_EDGE('',*,*,#2286,.T.);
#760=ORIENTED_EDGE('',*,*,#2287,.T.);
#761=ORIENTED_EDGE('',*,*,#2288,.T.);
#762=ORIENTED_EDGE('',*,*,#2289,.T.);
#763=ORIENTED_EDGE('',*,*,#2290,.T.);
#764=ORIENTED_EDGE('',*,*,#2052,.F.);
#765=ORIENTED_EDGE('',*,*,#2291,.F.);
#766=ORIENTED_EDGE('',*,*,#2088,.F.);
#767=ORIENTED_EDGE('',*,*,#2254,.T.);
#768=ORIENTED_EDGE('',*,*,#2051,.F.);
#769=ORIENTED_EDGE('',*,*,#2292,.F.);
#770=ORIENTED_EDGE('',*,*,#2089,.F.);
#771=ORIENTED_EDGE('',*,*,#2291,.T.);
#772=ORIENTED_EDGE('',*,*,#2050,.F.);
#773=ORIENTED_EDGE('',*,*,#2208,.F.);
#774=ORIENTED_EDGE('',*,*,#2293,.F.);
#775=ORIENTED_EDGE('',*,*,#2175,.F.);
#776=ORIENTED_EDGE('',*,*,#2090,.F.);
#777=ORIENTED_EDGE('',*,*,#2292,.T.);
#778=ORIENTED_EDGE('',*,*,#2294,.F.);
#779=ORIENTED_EDGE('',*,*,#2295,.F.);
#780=ORIENTED_EDGE('',*,*,#2184,.T.);
#781=ORIENTED_EDGE('',*,*,#2296,.F.);
#782=ORIENTED_EDGE('',*,*,#2297,.F.);
#783=ORIENTED_EDGE('',*,*,#2298,.F.);
#784=ORIENTED_EDGE('',*,*,#2299,.F.);
#785=ORIENTED_EDGE('',*,*,#2194,.T.);
#786=ORIENTED_EDGE('',*,*,#2217,.F.);
#787=ORIENTED_EDGE('',*,*,#2300,.T.);
#788=ORIENTED_EDGE('',*,*,#2294,.T.);
#789=ORIENTED_EDGE('',*,*,#2301,.F.);
#790=ORIENTED_EDGE('',*,*,#2302,.F.);
#791=ORIENTED_EDGE('',*,*,#2132,.F.);
#792=ORIENTED_EDGE('',*,*,#2303,.F.);
#793=ORIENTED_EDGE('',*,*,#2298,.T.);
#794=ORIENTED_EDGE('',*,*,#2304,.F.);
#795=ORIENTED_EDGE('',*,*,#2305,.F.);
#796=ORIENTED_EDGE('',*,*,#2306,.F.);
#797=ORIENTED_EDGE('',*,*,#2247,.T.);
#798=ORIENTED_EDGE('',*,*,#2307,.F.);
#799=ORIENTED_EDGE('',*,*,#2149,.F.);
#800=ORIENTED_EDGE('',*,*,#2308,.F.);
#801=ORIENTED_EDGE('',*,*,#2305,.T.);
#802=ORIENTED_EDGE('',*,*,#2165,.T.);
#803=ORIENTED_EDGE('',*,*,#2213,.T.);
#804=ORIENTED_EDGE('',*,*,#2210,.T.);
#805=ORIENTED_EDGE('',*,*,#2123,.T.);
#806=ORIENTED_EDGE('',*,*,#1978,.T.);
#807=ORIENTED_EDGE('',*,*,#2241,.T.);
#808=ORIENTED_EDGE('',*,*,#2036,.T.);
#809=ORIENTED_EDGE('',*,*,#2309,.T.);
#810=ORIENTED_EDGE('',*,*,#2296,.T.);
#811=ORIENTED_EDGE('',*,*,#2183,.F.);
#812=ORIENTED_EDGE('',*,*,#2310,.T.);
#813=ORIENTED_EDGE('',*,*,#2042,.T.);
#814=ORIENTED_EDGE('',*,*,#2237,.T.);
#815=ORIENTED_EDGE('',*,*,#1986,.T.);
#816=ORIENTED_EDGE('',*,*,#2218,.T.);
#817=ORIENTED_EDGE('',*,*,#2301,.T.);
#818=ORIENTED_EDGE('',*,*,#2311,.F.);
#819=ORIENTED_EDGE('',*,*,#2312,.T.);
#820=ORIENTED_EDGE('',*,*,#2167,.T.);
#821=ORIENTED_EDGE('',*,*,#2064,.T.);
#822=ORIENTED_EDGE('',*,*,#2243,.F.);
#823=ORIENTED_EDGE('',*,*,#2102,.F.);
#824=ORIENTED_EDGE('',*,*,#2075,.F.);
#825=ORIENTED_EDGE('',*,*,#2313,.T.);
#826=ORIENTED_EDGE('',*,*,#2196,.F.);
#827=ORIENTED_EDGE('',*,*,#2031,.F.);
#828=ORIENTED_EDGE('',*,*,#2314,.F.);
#829=ORIENTED_EDGE('',*,*,#2197,.F.);
#830=ORIENTED_EDGE('',*,*,#2313,.F.);
#831=ORIENTED_EDGE('',*,*,#2074,.T.);
#832=ORIENTED_EDGE('',*,*,#2112,.T.);
#833=ORIENTED_EDGE('',*,*,#2315,.T.);
#834=ORIENTED_EDGE('',*,*,#2148,.T.);
#835=ORIENTED_EDGE('',*,*,#2017,.F.);
#836=ORIENTED_EDGE('',*,*,#2316,.T.);
#837=ORIENTED_EDGE('',*,*,#2081,.T.);
#838=ORIENTED_EDGE('',*,*,#2009,.T.);
#839=ORIENTED_EDGE('',*,*,#2248,.T.);
#840=ORIENTED_EDGE('',*,*,#2306,.T.);
#841=ORIENTED_EDGE('',*,*,#2308,.T.);
#842=ORIENTED_EDGE('',*,*,#2299,.T.);
#843=ORIENTED_EDGE('',*,*,#2303,.T.);
#844=ORIENTED_EDGE('',*,*,#2131,.T.);
#845=ORIENTED_EDGE('',*,*,#2001,.T.);
#846=ORIENTED_EDGE('',*,*,#2071,.T.);
#847=ORIENTED_EDGE('',*,*,#2317,.F.);
#848=ORIENTED_EDGE('',*,*,#2033,.F.);
#849=ORIENTED_EDGE('',*,*,#2195,.F.);
#850=ORIENTED_EDGE('',*,*,#2150,.T.);
#851=ORIENTED_EDGE('',*,*,#2307,.T.);
#852=ORIENTED_EDGE('',*,*,#2304,.T.);
#853=ORIENTED_EDGE('',*,*,#2246,.F.);
#854=ORIENTED_EDGE('',*,*,#2297,.T.);
#855=ORIENTED_EDGE('',*,*,#2193,.F.);
#856=ORIENTED_EDGE('',*,*,#2133,.F.);
#857=ORIENTED_EDGE('',*,*,#2302,.T.);
#858=ORIENTED_EDGE('',*,*,#2080,.T.);
#859=ORIENTED_EDGE('',*,*,#2110,.F.);
#860=ORIENTED_EDGE('',*,*,#2229,.F.);
#861=ORIENTED_EDGE('',*,*,#2011,.T.);
#862=ORIENTED_EDGE('',*,*,#2318,.F.);
#863=ORIENTED_EDGE('',*,*,#2319,.T.);
#864=ORIENTED_EDGE('',*,*,#2320,.T.);
#865=ORIENTED_EDGE('',*,*,#2105,.F.);
#866=ORIENTED_EDGE('',*,*,#2321,.F.);
#867=ORIENTED_EDGE('',*,*,#1975,.T.);
#868=ORIENTED_EDGE('',*,*,#2225,.T.);
#869=ORIENTED_EDGE('',*,*,#2242,.T.);
#870=ORIENTED_EDGE('',*,*,#1976,.T.);
#871=ORIENTED_EDGE('',*,*,#2321,.T.);
#872=ORIENTED_EDGE('',*,*,#2104,.F.);
#873=ORIENTED_EDGE('',*,*,#2322,.F.);
#874=ORIENTED_EDGE('',*,*,#2114,.F.);
#875=ORIENTED_EDGE('',*,*,#2323,.F.);
#876=ORIENTED_EDGE('',*,*,#1998,.T.);
#877=ORIENTED_EDGE('',*,*,#2324,.T.);
#878=ORIENTED_EDGE('',*,*,#2325,.F.);
#879=ORIENTED_EDGE('',*,*,#1988,.T.);
#880=ORIENTED_EDGE('',*,*,#2236,.T.);
#881=ORIENTED_EDGE('',*,*,#2119,.F.);
#882=ORIENTED_EDGE('',*,*,#2220,.F.);
#883=ORIENTED_EDGE('',*,*,#1999,.T.);
#884=ORIENTED_EDGE('',*,*,#2323,.T.);
#885=ORIENTED_EDGE('',*,*,#2113,.F.);
#886=ORIENTED_EDGE('',*,*,#2072,.T.);
#887=ORIENTED_EDGE('',*,*,#2326,.T.);
#888=ORIENTED_EDGE('',*,*,#2318,.T.);
#889=ORIENTED_EDGE('',*,*,#2224,.F.);
#890=ORIENTED_EDGE('',*,*,#2159,.F.);
#891=ORIENTED_EDGE('',*,*,#2158,.T.);
#892=ORIENTED_EDGE('',*,*,#2327,.T.);
#893=ORIENTED_EDGE('',*,*,#2319,.F.);
#894=ORIENTED_EDGE('',*,*,#2326,.F.);
#895=ORIENTED_EDGE('',*,*,#2157,.T.);
#896=ORIENTED_EDGE('',*,*,#2106,.T.);
#897=ORIENTED_EDGE('',*,*,#2320,.F.);
#898=ORIENTED_EDGE('',*,*,#2327,.F.);
#899=ORIENTED_EDGE('',*,*,#2156,.T.);
#900=ORIENTED_EDGE('',*,*,#2328,.T.);
#901=ORIENTED_EDGE('',*,*,#2226,.F.);
#902=ORIENTED_EDGE('',*,*,#2108,.F.);
#903=ORIENTED_EDGE('',*,*,#2155,.T.);
#904=ORIENTED_EDGE('',*,*,#2329,.T.);
#905=ORIENTED_EDGE('',*,*,#2227,.F.);
#906=ORIENTED_EDGE('',*,*,#2328,.F.);
#907=ORIENTED_EDGE('',*,*,#2139,.T.);
#908=ORIENTED_EDGE('',*,*,#2228,.T.);
#909=ORIENTED_EDGE('',*,*,#2329,.F.);
#910=ORIENTED_EDGE('',*,*,#2154,.F.);
#911=ORIENTED_EDGE('',*,*,#2295,.T.);
#912=ORIENTED_EDGE('',*,*,#2300,.F.);
#913=ORIENTED_EDGE('',*,*,#2216,.F.);
#914=ORIENTED_EDGE('',*,*,#1990,.F.);
#915=ORIENTED_EDGE('',*,*,#2219,.T.);
#916=ORIENTED_EDGE('',*,*,#2330,.F.);
#917=ORIENTED_EDGE('',*,*,#2185,.F.);
#918=ORIENTED_EDGE('',*,*,#2330,.T.);
#919=ORIENTED_EDGE('',*,*,#2221,.T.);
#920=ORIENTED_EDGE('',*,*,#2117,.F.);
#921=ORIENTED_EDGE('',*,*,#2186,.F.);
#922=ORIENTED_EDGE('',*,*,#2115,.T.);
#923=ORIENTED_EDGE('',*,*,#2322,.T.);
#924=ORIENTED_EDGE('',*,*,#2331,.F.);
#925=ORIENTED_EDGE('',*,*,#2187,.F.);
#926=ORIENTED_EDGE('',*,*,#2331,.T.);
#927=ORIENTED_EDGE('',*,*,#2325,.T.);
#928=ORIENTED_EDGE('',*,*,#2332,.F.);
#929=ORIENTED_EDGE('',*,*,#2188,.F.);
#930=ORIENTED_EDGE('',*,*,#2189,.T.);
#931=ORIENTED_EDGE('',*,*,#2332,.T.);
#932=ORIENTED_EDGE('',*,*,#2324,.F.);
#933=ORIENTED_EDGE('',*,*,#1997,.F.);
#934=ORIENTED_EDGE('',*,*,#2232,.F.);
#935=ORIENTED_EDGE('',*,*,#2163,.T.);
#936=ORIENTED_EDGE('',*,*,#2125,.T.);
#937=ORIENTED_EDGE('',*,*,#2209,.T.);
#938=ORIENTED_EDGE('',*,*,#2212,.T.);
#939=ORIENTED_EDGE('',*,*,#2333,.T.);
#940=ORIENTED_EDGE('',*,*,#1903,.T.);
#941=ORIENTED_EDGE('',*,*,#2200,.T.);
#942=ORIENTED_EDGE('',*,*,#1909,.F.);
#943=ORIENTED_EDGE('',*,*,#2334,.F.);
#944=ORIENTED_EDGE('',*,*,#1911,.F.);
#945=ORIENTED_EDGE('',*,*,#2143,.T.);
#946=ORIENTED_EDGE('',*,*,#2203,.T.);
#947=ORIENTED_EDGE('',*,*,#2335,.T.);
#948=ORIENTED_EDGE('',*,*,#2172,.F.);
#949=ORIENTED_EDGE('',*,*,#2144,.T.);
#950=ORIENTED_EDGE('',*,*,#1913,.T.);
#951=ORIENTED_EDGE('',*,*,#2284,.F.);
#952=ORIENTED_EDGE('',*,*,#2336,.F.);
#953=ORIENTED_EDGE('',*,*,#2337,.T.);
#954=ORIENTED_EDGE('',*,*,#2338,.T.);
#955=ORIENTED_EDGE('',*,*,#2285,.F.);
#956=ORIENTED_EDGE('',*,*,#2338,.F.);
#957=ORIENTED_EDGE('',*,*,#2339,.T.);
#958=ORIENTED_EDGE('',*,*,#2340,.T.);
#959=ORIENTED_EDGE('',*,*,#2286,.F.);
#960=ORIENTED_EDGE('',*,*,#2340,.F.);
#961=ORIENTED_EDGE('',*,*,#2341,.T.);
#962=ORIENTED_EDGE('',*,*,#2342,.T.);
#963=ORIENTED_EDGE('',*,*,#2287,.F.);
#964=ORIENTED_EDGE('',*,*,#2342,.F.);
#965=ORIENTED_EDGE('',*,*,#2343,.T.);
#966=ORIENTED_EDGE('',*,*,#2344,.T.);
#967=ORIENTED_EDGE('',*,*,#2288,.F.);
#968=ORIENTED_EDGE('',*,*,#2344,.F.);
#969=ORIENTED_EDGE('',*,*,#2345,.T.);
#970=ORIENTED_EDGE('',*,*,#2346,.T.);
#971=ORIENTED_EDGE('',*,*,#2289,.F.);
#972=ORIENTED_EDGE('',*,*,#2346,.F.);
#973=ORIENTED_EDGE('',*,*,#2347,.T.);
#974=ORIENTED_EDGE('',*,*,#2348,.T.);
#975=ORIENTED_EDGE('',*,*,#2290,.F.);
#976=ORIENTED_EDGE('',*,*,#2348,.F.);
#977=ORIENTED_EDGE('',*,*,#2349,.T.);
#978=ORIENTED_EDGE('',*,*,#2350,.T.);
#979=ORIENTED_EDGE('',*,*,#2283,.F.);
#980=ORIENTED_EDGE('',*,*,#2350,.F.);
#981=ORIENTED_EDGE('',*,*,#2351,.T.);
#982=ORIENTED_EDGE('',*,*,#2336,.T.);
#983=ORIENTED_EDGE('',*,*,#2337,.F.);
#984=ORIENTED_EDGE('',*,*,#2351,.F.);
#985=ORIENTED_EDGE('',*,*,#2349,.F.);
#986=ORIENTED_EDGE('',*,*,#2347,.F.);
#987=ORIENTED_EDGE('',*,*,#2345,.F.);
#988=ORIENTED_EDGE('',*,*,#2343,.F.);
#989=ORIENTED_EDGE('',*,*,#2341,.F.);
#990=ORIENTED_EDGE('',*,*,#2339,.F.);
#991=ORIENTED_EDGE('',*,*,#2276,.F.);
#992=ORIENTED_EDGE('',*,*,#2352,.F.);
#993=ORIENTED_EDGE('',*,*,#2353,.T.);
#994=ORIENTED_EDGE('',*,*,#2354,.T.);
#995=ORIENTED_EDGE('',*,*,#2277,.F.);
#996=ORIENTED_EDGE('',*,*,#2354,.F.);
#997=ORIENTED_EDGE('',*,*,#2355,.T.);
#998=ORIENTED_EDGE('',*,*,#2356,.T.);
#999=ORIENTED_EDGE('',*,*,#2278,.F.);
#1000=ORIENTED_EDGE('',*,*,#2356,.F.);
#1001=ORIENTED_EDGE('',*,*,#2357,.T.);
#1002=ORIENTED_EDGE('',*,*,#2358,.T.);
#1003=ORIENTED_EDGE('',*,*,#2279,.F.);
#1004=ORIENTED_EDGE('',*,*,#2358,.F.);
#1005=ORIENTED_EDGE('',*,*,#2359,.T.);
#1006=ORIENTED_EDGE('',*,*,#2360,.T.);
#1007=ORIENTED_EDGE('',*,*,#2280,.F.);
#1008=ORIENTED_EDGE('',*,*,#2360,.F.);
#1009=ORIENTED_EDGE('',*,*,#2361,.T.);
#1010=ORIENTED_EDGE('',*,*,#2362,.T.);
#1011=ORIENTED_EDGE('',*,*,#2281,.F.);
#1012=ORIENTED_EDGE('',*,*,#2362,.F.);
#1013=ORIENTED_EDGE('',*,*,#2363,.T.);
#1014=ORIENTED_EDGE('',*,*,#2364,.T.);
#1015=ORIENTED_EDGE('',*,*,#2282,.F.);
#1016=ORIENTED_EDGE('',*,*,#2364,.F.);
#1017=ORIENTED_EDGE('',*,*,#2365,.T.);
#1018=ORIENTED_EDGE('',*,*,#2366,.T.);
#1019=ORIENTED_EDGE('',*,*,#2275,.F.);
#1020=ORIENTED_EDGE('',*,*,#2366,.F.);
#1021=ORIENTED_EDGE('',*,*,#2367,.T.);
#1022=ORIENTED_EDGE('',*,*,#2352,.T.);
#1023=ORIENTED_EDGE('',*,*,#2353,.F.);
#1024=ORIENTED_EDGE('',*,*,#2367,.F.);
#1025=ORIENTED_EDGE('',*,*,#2365,.F.);
#1026=ORIENTED_EDGE('',*,*,#2363,.F.);
#1027=ORIENTED_EDGE('',*,*,#2361,.F.);
#1028=ORIENTED_EDGE('',*,*,#2359,.F.);
#1029=ORIENTED_EDGE('',*,*,#2357,.F.);
#1030=ORIENTED_EDGE('',*,*,#2355,.F.);
#1031=ORIENTED_EDGE('',*,*,#2268,.F.);
#1032=ORIENTED_EDGE('',*,*,#2368,.F.);
#1033=ORIENTED_EDGE('',*,*,#2369,.T.);
#1034=ORIENTED_EDGE('',*,*,#2370,.T.);
#1035=ORIENTED_EDGE('',*,*,#2269,.F.);
#1036=ORIENTED_EDGE('',*,*,#2370,.F.);
#1037=ORIENTED_EDGE('',*,*,#2371,.T.);
#1038=ORIENTED_EDGE('',*,*,#2372,.T.);
#1039=ORIENTED_EDGE('',*,*,#2270,.F.);
#1040=ORIENTED_EDGE('',*,*,#2372,.F.);
#1041=ORIENTED_EDGE('',*,*,#2373,.T.);
#1042=ORIENTED_EDGE('',*,*,#2374,.T.);
#1043=ORIENTED_EDGE('',*,*,#2271,.F.);
#1044=ORIENTED_EDGE('',*,*,#2374,.F.);
#1045=ORIENTED_EDGE('',*,*,#2375,.T.);
#1046=ORIENTED_EDGE('',*,*,#2376,.T.);
#1047=ORIENTED_EDGE('',*,*,#2272,.F.);
#1048=ORIENTED_EDGE('',*,*,#2376,.F.);
#1049=ORIENTED_EDGE('',*,*,#2377,.T.);
#1050=ORIENTED_EDGE('',*,*,#2378,.T.);
#1051=ORIENTED_EDGE('',*,*,#2273,.F.);
#1052=ORIENTED_EDGE('',*,*,#2378,.F.);
#1053=ORIENTED_EDGE('',*,*,#2379,.T.);
#1054=ORIENTED_EDGE('',*,*,#2380,.T.);
#1055=ORIENTED_EDGE('',*,*,#2274,.F.);
#1056=ORIENTED_EDGE('',*,*,#2380,.F.);
#1057=ORIENTED_EDGE('',*,*,#2381,.T.);
#1058=ORIENTED_EDGE('',*,*,#2382,.T.);
#1059=ORIENTED_EDGE('',*,*,#2267,.F.);
#1060=ORIENTED_EDGE('',*,*,#2382,.F.);
#1061=ORIENTED_EDGE('',*,*,#2383,.T.);
#1062=ORIENTED_EDGE('',*,*,#2368,.T.);
#1063=ORIENTED_EDGE('',*,*,#2369,.F.);
#1064=ORIENTED_EDGE('',*,*,#2383,.F.);
#1065=ORIENTED_EDGE('',*,*,#2381,.F.);
#1066=ORIENTED_EDGE('',*,*,#2379,.F.);
#1067=ORIENTED_EDGE('',*,*,#2377,.F.);
#1068=ORIENTED_EDGE('',*,*,#2375,.F.);
#1069=ORIENTED_EDGE('',*,*,#2373,.F.);
#1070=ORIENTED_EDGE('',*,*,#2371,.F.);
#1071=ORIENTED_EDGE('',*,*,#2260,.F.);
#1072=ORIENTED_EDGE('',*,*,#2384,.F.);
#1073=ORIENTED_EDGE('',*,*,#2385,.T.);
#1074=ORIENTED_EDGE('',*,*,#2386,.T.);
#1075=ORIENTED_EDGE('',*,*,#2261,.F.);
#1076=ORIENTED_EDGE('',*,*,#2386,.F.);
#1077=ORIENTED_EDGE('',*,*,#2387,.T.);
#1078=ORIENTED_EDGE('',*,*,#2388,.T.);
#1079=ORIENTED_EDGE('',*,*,#2262,.F.);
#1080=ORIENTED_EDGE('',*,*,#2388,.F.);
#1081=ORIENTED_EDGE('',*,*,#2389,.T.);
#1082=ORIENTED_EDGE('',*,*,#2390,.T.);
#1083=ORIENTED_EDGE('',*,*,#2263,.F.);
#1084=ORIENTED_EDGE('',*,*,#2390,.F.);
#1085=ORIENTED_EDGE('',*,*,#2391,.T.);
#1086=ORIENTED_EDGE('',*,*,#2392,.T.);
#1087=ORIENTED_EDGE('',*,*,#2264,.F.);
#1088=ORIENTED_EDGE('',*,*,#2392,.F.);
#1089=ORIENTED_EDGE('',*,*,#2393,.T.);
#1090=ORIENTED_EDGE('',*,*,#2394,.T.);
#1091=ORIENTED_EDGE('',*,*,#2265,.F.);
#1092=ORIENTED_EDGE('',*,*,#2394,.F.);
#1093=ORIENTED_EDGE('',*,*,#2395,.T.);
#1094=ORIENTED_EDGE('',*,*,#2396,.T.);
#1095=ORIENTED_EDGE('',*,*,#2266,.F.);
#1096=ORIENTED_EDGE('',*,*,#2396,.F.);
#1097=ORIENTED_EDGE('',*,*,#2397,.T.);
#1098=ORIENTED_EDGE('',*,*,#2398,.T.);
#1099=ORIENTED_EDGE('',*,*,#2259,.F.);
#1100=ORIENTED_EDGE('',*,*,#2398,.F.);
#1101=ORIENTED_EDGE('',*,*,#2399,.T.);
#1102=ORIENTED_EDGE('',*,*,#2384,.T.);
#1103=ORIENTED_EDGE('',*,*,#2385,.F.);
#1104=ORIENTED_EDGE('',*,*,#2399,.F.);
#1105=ORIENTED_EDGE('',*,*,#2397,.F.);
#1106=ORIENTED_EDGE('',*,*,#2395,.F.);
#1107=ORIENTED_EDGE('',*,*,#2393,.F.);
#1108=ORIENTED_EDGE('',*,*,#2391,.F.);
#1109=ORIENTED_EDGE('',*,*,#2389,.F.);
#1110=ORIENTED_EDGE('',*,*,#2387,.F.);
#1111=ORIENTED_EDGE('',*,*,#2400,.F.);
#1112=ORIENTED_EDGE('',*,*,#2401,.F.);
#1113=ORIENTED_EDGE('',*,*,#2400,.T.);
#1114=ORIENTED_EDGE('',*,*,#2258,.T.);
#1115=ORIENTED_EDGE('',*,*,#2401,.T.);
#1116=ORIENTED_EDGE('',*,*,#2402,.F.);
#1117=ORIENTED_EDGE('',*,*,#2403,.F.);
#1118=ORIENTED_EDGE('',*,*,#2402,.T.);
#1119=ORIENTED_EDGE('',*,*,#2257,.T.);
#1120=ORIENTED_EDGE('',*,*,#2403,.T.);
#1121=ORIENTED_EDGE('',*,*,#2404,.T.);
#1122=ORIENTED_EDGE('',*,*,#2256,.T.);
#1123=ORIENTED_EDGE('',*,*,#2404,.F.);
#1124=ORIENTED_EDGE('',*,*,#2405,.T.);
#1125=ORIENTED_EDGE('',*,*,#2255,.T.);
#1126=ORIENTED_EDGE('',*,*,#2405,.F.);
#1127=ORIENTED_EDGE('',*,*,#2406,.T.);
#1128=ORIENTED_EDGE('',*,*,#2043,.F.);
#1129=ORIENTED_EDGE('',*,*,#2310,.F.);
#1130=ORIENTED_EDGE('',*,*,#2182,.F.);
#1131=ORIENTED_EDGE('',*,*,#2067,.F.);
#1132=ORIENTED_EDGE('',*,*,#2235,.F.);
#1133=ORIENTED_EDGE('',*,*,#2407,.T.);
#1134=ORIENTED_EDGE('',*,*,#2408,.F.);
#1135=ORIENTED_EDGE('',*,*,#2180,.F.);
#1136=ORIENTED_EDGE('',*,*,#2409,.F.);
#1137=ORIENTED_EDGE('',*,*,#2410,.F.);
#1138=ORIENTED_EDGE('',*,*,#2411,.F.);
#1139=ORIENTED_EDGE('',*,*,#2169,.F.);
#1140=ORIENTED_EDGE('',*,*,#2412,.F.);
#1141=ORIENTED_EDGE('',*,*,#2413,.T.);
#1142=ORIENTED_EDGE('',*,*,#2238,.F.);
#1143=ORIENTED_EDGE('',*,*,#2062,.F.);
#1144=ORIENTED_EDGE('',*,*,#2166,.F.);
#1145=ORIENTED_EDGE('',*,*,#2309,.F.);
#1146=ORIENTED_EDGE('',*,*,#2035,.T.);
#1147=ORIENTED_EDGE('',*,*,#2414,.T.);
#1148=ORIENTED_EDGE('',*,*,#2415,.T.);
#1149=ORIENTED_EDGE('',*,*,#2038,.F.);
#1150=ORIENTED_EDGE('',*,*,#1980,.F.);
#1151=ORIENTED_EDGE('',*,*,#1947,.F.);
#1152=ORIENTED_EDGE('',*,*,#2414,.F.);
#1153=ORIENTED_EDGE('',*,*,#1979,.T.);
#1154=ORIENTED_EDGE('',*,*,#2122,.T.);
#1155=ORIENTED_EDGE('',*,*,#2416,.T.);
#1156=ORIENTED_EDGE('',*,*,#1948,.F.);
#1157=ORIENTED_EDGE('',*,*,#2416,.F.);
#1158=ORIENTED_EDGE('',*,*,#2121,.T.);
#1159=ORIENTED_EDGE('',*,*,#2417,.T.);
#1160=ORIENTED_EDGE('',*,*,#1949,.T.);
#1161=ORIENTED_EDGE('',*,*,#2417,.F.);
#1162=ORIENTED_EDGE('',*,*,#2128,.F.);
#1163=ORIENTED_EDGE('',*,*,#2418,.T.);
#1164=ORIENTED_EDGE('',*,*,#1950,.F.);
#1165=ORIENTED_EDGE('',*,*,#2418,.F.);
#1166=ORIENTED_EDGE('',*,*,#2127,.T.);
#1167=ORIENTED_EDGE('',*,*,#2162,.T.);
#1168=ORIENTED_EDGE('',*,*,#1952,.F.);
#1169=ORIENTED_EDGE('',*,*,#2161,.F.);
#1170=ORIENTED_EDGE('',*,*,#2223,.T.);
#1171=ORIENTED_EDGE('',*,*,#2419,.T.);
#1172=ORIENTED_EDGE('',*,*,#1923,.T.);
#1173=ORIENTED_EDGE('',*,*,#2419,.F.);
#1174=ORIENTED_EDGE('',*,*,#2222,.F.);
#1175=ORIENTED_EDGE('',*,*,#1974,.F.);
#1176=ORIENTED_EDGE('',*,*,#1954,.T.);
#1177=ORIENTED_EDGE('',*,*,#2420,.T.);
#1178=ORIENTED_EDGE('',*,*,#1958,.F.);
#1179=ORIENTED_EDGE('',*,*,#2421,.T.);
#1180=ORIENTED_EDGE('',*,*,#2422,.T.);
#1181=ORIENTED_EDGE('',*,*,#2423,.T.);
#1182=ORIENTED_EDGE('',*,*,#1960,.T.);
#1183=ORIENTED_EDGE('',*,*,#1925,.T.);
#1184=ORIENTED_EDGE('',*,*,#1964,.F.);
#1185=ORIENTED_EDGE('',*,*,#2013,.F.);
#1186=ORIENTED_EDGE('',*,*,#2137,.F.);
#1187=ORIENTED_EDGE('',*,*,#2424,.T.);
#1188=ORIENTED_EDGE('',*,*,#1926,.F.);
#1189=ORIENTED_EDGE('',*,*,#2424,.F.);
#1190=ORIENTED_EDGE('',*,*,#2141,.T.);
#1191=ORIENTED_EDGE('',*,*,#2153,.T.);
#1192=ORIENTED_EDGE('',*,*,#1928,.F.);
#1193=ORIENTED_EDGE('',*,*,#2152,.F.);
#1194=ORIENTED_EDGE('',*,*,#2245,.T.);
#1195=ORIENTED_EDGE('',*,*,#2425,.T.);
#1196=ORIENTED_EDGE('',*,*,#1929,.T.);
#1197=ORIENTED_EDGE('',*,*,#2425,.F.);
#1198=ORIENTED_EDGE('',*,*,#2244,.F.);
#1199=ORIENTED_EDGE('',*,*,#2426,.T.);
#1200=ORIENTED_EDGE('',*,*,#1930,.F.);
#1201=ORIENTED_EDGE('',*,*,#2426,.F.);
#1202=ORIENTED_EDGE('',*,*,#2250,.T.);
#1203=ORIENTED_EDGE('',*,*,#2427,.T.);
#1204=ORIENTED_EDGE('',*,*,#1931,.F.);
#1205=ORIENTED_EDGE('',*,*,#2427,.F.);
#1206=ORIENTED_EDGE('',*,*,#2249,.T.);
#1207=ORIENTED_EDGE('',*,*,#2008,.T.);
#1208=ORIENTED_EDGE('',*,*,#2428,.T.);
#1209=ORIENTED_EDGE('',*,*,#2429,.T.);
#1210=ORIENTED_EDGE('',*,*,#2430,.T.);
#1211=ORIENTED_EDGE('',*,*,#2428,.F.);
#1212=ORIENTED_EDGE('',*,*,#2007,.F.);
#1213=ORIENTED_EDGE('',*,*,#2431,.F.);
#1214=ORIENTED_EDGE('',*,*,#2429,.F.);
#1215=ORIENTED_EDGE('',*,*,#2006,.F.);
#1216=ORIENTED_EDGE('',*,*,#2432,.T.);
#1217=ORIENTED_EDGE('',*,*,#2316,.F.);
#1218=ORIENTED_EDGE('',*,*,#2016,.T.);
#1219=ORIENTED_EDGE('',*,*,#2433,.F.);
#1220=ORIENTED_EDGE('',*,*,#2014,.F.);
#1221=ORIENTED_EDGE('',*,*,#2317,.T.);
#1222=ORIENTED_EDGE('',*,*,#2434,.T.);
#1223=ORIENTED_EDGE('',*,*,#2004,.F.);
#1224=ORIENTED_EDGE('',*,*,#2435,.T.);
#1225=ORIENTED_EDGE('',*,*,#2436,.T.);
#1226=ORIENTED_EDGE('',*,*,#2437,.T.);
#1227=ORIENTED_EDGE('',*,*,#2435,.F.);
#1228=ORIENTED_EDGE('',*,*,#2003,.F.);
#1229=ORIENTED_EDGE('',*,*,#1933,.F.);
#1230=ORIENTED_EDGE('',*,*,#2436,.F.);
#1231=ORIENTED_EDGE('',*,*,#2002,.T.);
#1232=ORIENTED_EDGE('',*,*,#2130,.T.);
#1233=ORIENTED_EDGE('',*,*,#2438,.T.);
#1234=ORIENTED_EDGE('',*,*,#1934,.F.);
#1235=ORIENTED_EDGE('',*,*,#2438,.F.);
#1236=ORIENTED_EDGE('',*,*,#2129,.T.);
#1237=ORIENTED_EDGE('',*,*,#2439,.T.);
#1238=ORIENTED_EDGE('',*,*,#1935,.T.);
#1239=ORIENTED_EDGE('',*,*,#2439,.F.);
#1240=ORIENTED_EDGE('',*,*,#2136,.F.);
#1241=ORIENTED_EDGE('',*,*,#2440,.T.);
#1242=ORIENTED_EDGE('',*,*,#1936,.F.);
#1243=ORIENTED_EDGE('',*,*,#2440,.F.);
#1244=ORIENTED_EDGE('',*,*,#2135,.T.);
#1245=ORIENTED_EDGE('',*,*,#2192,.T.);
#1246=ORIENTED_EDGE('',*,*,#1938,.F.);
#1247=ORIENTED_EDGE('',*,*,#2191,.F.);
#1248=ORIENTED_EDGE('',*,*,#2231,.T.);
#1249=ORIENTED_EDGE('',*,*,#2441,.T.);
#1250=ORIENTED_EDGE('',*,*,#1939,.T.);
#1251=ORIENTED_EDGE('',*,*,#2441,.F.);
#1252=ORIENTED_EDGE('',*,*,#2230,.F.);
#1253=ORIENTED_EDGE('',*,*,#1996,.F.);
#1254=ORIENTED_EDGE('',*,*,#2442,.T.);
#1255=ORIENTED_EDGE('',*,*,#1940,.F.);
#1256=ORIENTED_EDGE('',*,*,#2442,.F.);
#1257=ORIENTED_EDGE('',*,*,#1995,.T.);
#1258=ORIENTED_EDGE('',*,*,#2443,.T.);
#1259=ORIENTED_EDGE('',*,*,#1941,.T.);
#1260=ORIENTED_EDGE('',*,*,#2443,.F.);
#1261=ORIENTED_EDGE('',*,*,#1994,.F.);
#1262=ORIENTED_EDGE('',*,*,#2444,.T.);
#1263=ORIENTED_EDGE('',*,*,#1943,.F.);
#1264=ORIENTED_EDGE('',*,*,#2445,.F.);
#1265=ORIENTED_EDGE('',*,*,#2446,.F.);
#1266=ORIENTED_EDGE('',*,*,#2447,.T.);
#1267=ORIENTED_EDGE('',*,*,#1992,.T.);
#1268=ORIENTED_EDGE('',*,*,#2448,.T.);
#1269=ORIENTED_EDGE('',*,*,#1944,.F.);
#1270=ORIENTED_EDGE('',*,*,#2448,.F.);
#1271=ORIENTED_EDGE('',*,*,#1991,.T.);
#1272=ORIENTED_EDGE('',*,*,#2215,.T.);
#1273=ORIENTED_EDGE('',*,*,#2449,.T.);
#1274=ORIENTED_EDGE('',*,*,#1945,.F.);
#1275=ORIENTED_EDGE('',*,*,#2449,.F.);
#1276=ORIENTED_EDGE('',*,*,#2214,.T.);
#1277=ORIENTED_EDGE('',*,*,#1985,.T.);
#1278=ORIENTED_EDGE('',*,*,#2450,.T.);
#1279=ORIENTED_EDGE('',*,*,#2040,.T.);
#1280=ORIENTED_EDGE('',*,*,#2451,.T.);
#1281=ORIENTED_EDGE('',*,*,#2450,.F.);
#1282=ORIENTED_EDGE('',*,*,#1984,.F.);
#1283=ORIENTED_EDGE('',*,*,#1915,.T.);
#1284=ORIENTED_EDGE('',*,*,#2452,.F.);
#1285=ORIENTED_EDGE('',*,*,#1965,.F.);
#1286=ORIENTED_EDGE('',*,*,#2453,.T.);
#1287=ORIENTED_EDGE('',*,*,#1916,.T.);
#1288=ORIENTED_EDGE('',*,*,#2453,.F.);
#1289=ORIENTED_EDGE('',*,*,#1972,.F.);
#1290=ORIENTED_EDGE('',*,*,#2454,.T.);
#1291=ORIENTED_EDGE('',*,*,#1917,.T.);
#1292=ORIENTED_EDGE('',*,*,#2454,.F.);
#1293=ORIENTED_EDGE('',*,*,#1971,.F.);
#1294=ORIENTED_EDGE('',*,*,#2455,.T.);
#1295=ORIENTED_EDGE('',*,*,#1918,.T.);
#1296=ORIENTED_EDGE('',*,*,#2455,.F.);
#1297=ORIENTED_EDGE('',*,*,#1970,.F.);
#1298=ORIENTED_EDGE('',*,*,#2456,.T.);
#1299=ORIENTED_EDGE('',*,*,#1919,.T.);
#1300=ORIENTED_EDGE('',*,*,#2456,.F.);
#1301=ORIENTED_EDGE('',*,*,#1969,.F.);
#1302=ORIENTED_EDGE('',*,*,#2457,.T.);
#1303=ORIENTED_EDGE('',*,*,#1920,.T.);
#1304=ORIENTED_EDGE('',*,*,#2457,.F.);
#1305=ORIENTED_EDGE('',*,*,#1968,.F.);
#1306=ORIENTED_EDGE('',*,*,#2458,.T.);
#1307=ORIENTED_EDGE('',*,*,#1921,.T.);
#1308=ORIENTED_EDGE('',*,*,#2458,.F.);
#1309=ORIENTED_EDGE('',*,*,#1967,.F.);
#1310=ORIENTED_EDGE('',*,*,#2459,.T.);
#1311=ORIENTED_EDGE('',*,*,#1922,.T.);
#1312=ORIENTED_EDGE('',*,*,#2459,.F.);
#1313=ORIENTED_EDGE('',*,*,#1966,.F.);
#1314=ORIENTED_EDGE('',*,*,#2452,.T.);
#1315=ORIENTED_EDGE('',*,*,#2460,.T.);
#1316=ORIENTED_EDGE('',*,*,#2111,.T.);
#1317=ORIENTED_EDGE('',*,*,#2461,.T.);
#1318=ORIENTED_EDGE('',*,*,#2082,.F.);
#1319=ORIENTED_EDGE('',*,*,#2432,.F.);
#1320=ORIENTED_EDGE('',*,*,#2005,.T.);
#1321=ORIENTED_EDGE('',*,*,#2434,.F.);
#1322=ORIENTED_EDGE('',*,*,#2070,.F.);
#1323=ORIENTED_EDGE('',*,*,#2024,.F.);
#1324=ORIENTED_EDGE('',*,*,#2146,.F.);
#1325=ORIENTED_EDGE('',*,*,#2083,.T.);
#1326=ORIENTED_EDGE('',*,*,#2462,.T.);
#1327=ORIENTED_EDGE('',*,*,#2025,.F.);
#1328=ORIENTED_EDGE('',*,*,#2462,.F.);
#1329=ORIENTED_EDGE('',*,*,#2094,.T.);
#1330=ORIENTED_EDGE('',*,*,#2463,.T.);
#1331=ORIENTED_EDGE('',*,*,#2026,.F.);
#1332=ORIENTED_EDGE('',*,*,#2463,.F.);
#1333=ORIENTED_EDGE('',*,*,#2093,.T.);
#1334=ORIENTED_EDGE('',*,*,#2199,.T.);
#1335=ORIENTED_EDGE('',*,*,#2028,.F.);
#1336=ORIENTED_EDGE('',*,*,#2198,.F.);
#1337=ORIENTED_EDGE('',*,*,#2314,.T.);
#1338=ORIENTED_EDGE('',*,*,#2464,.T.);
#1339=ORIENTED_EDGE('',*,*,#2029,.T.);
#1340=ORIENTED_EDGE('',*,*,#2464,.F.);
#1341=ORIENTED_EDGE('',*,*,#2315,.F.);
#1342=ORIENTED_EDGE('',*,*,#2460,.F.);
#1343=ORIENTED_EDGE('',*,*,#2069,.T.);
#1344=ORIENTED_EDGE('',*,*,#2021,.T.);
#1345=ORIENTED_EDGE('',*,*,#2076,.F.);
#1346=ORIENTED_EDGE('',*,*,#2461,.F.);
#1347=ORIENTED_EDGE('',*,*,#2096,.F.);
#1348=ORIENTED_EDGE('',*,*,#2465,.T.);
#1349=ORIENTED_EDGE('',*,*,#2022,.F.);
#1350=ORIENTED_EDGE('',*,*,#2465,.F.);
#1351=ORIENTED_EDGE('',*,*,#2095,.T.);
#1352=ORIENTED_EDGE('',*,*,#2147,.T.);
#1353=ORIENTED_EDGE('',*,*,#2101,.F.);
#1354=ORIENTED_EDGE('',*,*,#2466,.F.);
#1355=ORIENTED_EDGE('',*,*,#2233,.T.);
#1356=ORIENTED_EDGE('',*,*,#2041,.T.);
#1357=ORIENTED_EDGE('',*,*,#1982,.F.);
#1358=ORIENTED_EDGE('',*,*,#2037,.T.);
#1359=ORIENTED_EDGE('',*,*,#2240,.T.);
#1360=ORIENTED_EDGE('',*,*,#2467,.F.);
#1361=ORIENTED_EDGE('',*,*,#2411,.T.);
#1362=ORIENTED_EDGE('',*,*,#2468,.F.);
#1363=ORIENTED_EDGE('',*,*,#2045,.F.);
#1364=ORIENTED_EDGE('',*,*,#2170,.T.);
#1365=ORIENTED_EDGE('',*,*,#2410,.T.);
#1366=ORIENTED_EDGE('',*,*,#2469,.F.);
#1367=ORIENTED_EDGE('',*,*,#2046,.F.);
#1368=ORIENTED_EDGE('',*,*,#2468,.T.);
#1369=ORIENTED_EDGE('',*,*,#2409,.T.);
#1370=ORIENTED_EDGE('',*,*,#2179,.F.);
#1371=ORIENTED_EDGE('',*,*,#2047,.F.);
#1372=ORIENTED_EDGE('',*,*,#2469,.T.);
#1373=ORIENTED_EDGE('',*,*,#2408,.T.);
#1374=ORIENTED_EDGE('',*,*,#2470,.F.);
#1375=ORIENTED_EDGE('',*,*,#2057,.F.);
#1376=ORIENTED_EDGE('',*,*,#2181,.T.);
#1377=ORIENTED_EDGE('',*,*,#2407,.F.);
#1378=ORIENTED_EDGE('',*,*,#2234,.F.);
#1379=ORIENTED_EDGE('',*,*,#2466,.T.);
#1380=ORIENTED_EDGE('',*,*,#2058,.T.);
#1381=ORIENTED_EDGE('',*,*,#2470,.T.);
#1382=ORIENTED_EDGE('',*,*,#2413,.F.);
#1383=ORIENTED_EDGE('',*,*,#2471,.F.);
#1384=ORIENTED_EDGE('',*,*,#2311,.T.);
#1385=ORIENTED_EDGE('',*,*,#2467,.T.);
#1386=ORIENTED_EDGE('',*,*,#2239,.T.);
#1387=ORIENTED_EDGE('',*,*,#2412,.T.);
#1388=ORIENTED_EDGE('',*,*,#2168,.F.);
#1389=ORIENTED_EDGE('',*,*,#2312,.F.);
#1390=ORIENTED_EDGE('',*,*,#2471,.T.);
#1391=ORIENTED_EDGE('',*,*,#2431,.T.);
#1392=ORIENTED_EDGE('',*,*,#2015,.T.);
#1393=ORIENTED_EDGE('',*,*,#2433,.T.);
#1394=ORIENTED_EDGE('',*,*,#2437,.F.);
#1395=ORIENTED_EDGE('',*,*,#1932,.F.);
#1396=ORIENTED_EDGE('',*,*,#2430,.F.);
#1397=ORIENTED_EDGE('',*,*,#2034,.T.);
#1398=ORIENTED_EDGE('',*,*,#2415,.F.);
#1399=ORIENTED_EDGE('',*,*,#1946,.T.);
#1400=ORIENTED_EDGE('',*,*,#2451,.F.);
#1401=ORIENTED_EDGE('',*,*,#2039,.T.);
#1402=ORIENTED_EDGE('',*,*,#2406,.F.);
#1403=ORIENTED_EDGE('',*,*,#1956,.F.);
#1404=ORIENTED_EDGE('',*,*,#1973,.T.);
#1405=ORIENTED_EDGE('',*,*,#1962,.F.);
#1406=ORIENTED_EDGE('',*,*,#2472,.F.);
#1407=ORIENTED_EDGE('',*,*,#2473,.F.);
#1408=ORIENTED_EDGE('',*,*,#2474,.F.);
#1409=ORIENTED_EDGE('',*,*,#2421,.F.);
#1410=ORIENTED_EDGE('',*,*,#1957,.F.);
#1411=ORIENTED_EDGE('',*,*,#2474,.T.);
#1412=ORIENTED_EDGE('',*,*,#2475,.T.);
#1413=ORIENTED_EDGE('',*,*,#2422,.F.);
#1414=ORIENTED_EDGE('',*,*,#2475,.F.);
#1415=ORIENTED_EDGE('',*,*,#2473,.T.);
#1416=ORIENTED_EDGE('',*,*,#2476,.T.);
#1417=ORIENTED_EDGE('',*,*,#2423,.F.);
#1418=ORIENTED_EDGE('',*,*,#2476,.F.);
#1419=ORIENTED_EDGE('',*,*,#2472,.T.);
#1420=ORIENTED_EDGE('',*,*,#1961,.T.);
#1421=ORIENTED_EDGE('',*,*,#1953,.T.);
#1422=ORIENTED_EDGE('',*,*,#2420,.F.);
#1423=ORIENTED_EDGE('',*,*,#1959,.T.);
#1424=ORIENTED_EDGE('',*,*,#1924,.T.);
#1425=ORIENTED_EDGE('',*,*,#2477,.T.);
#1426=ORIENTED_EDGE('',*,*,#1993,.T.);
#1427=ORIENTED_EDGE('',*,*,#2447,.F.);
#1428=ORIENTED_EDGE('',*,*,#2478,.T.);
#1429=ORIENTED_EDGE('',*,*,#2479,.F.);
#1430=ORIENTED_EDGE('',*,*,#2480,.F.);
#1431=ORIENTED_EDGE('',*,*,#2445,.T.);
#1432=ORIENTED_EDGE('',*,*,#1942,.F.);
#1433=ORIENTED_EDGE('',*,*,#2444,.F.);
#1434=ORIENTED_EDGE('',*,*,#2477,.F.);
#1435=ORIENTED_EDGE('',*,*,#2481,.T.);
#1436=ORIENTED_EDGE('',*,*,#2482,.T.);
#1437=ORIENTED_EDGE('',*,*,#2483,.F.);
#1438=ORIENTED_EDGE('',*,*,#2479,.T.);
#1439=ORIENTED_EDGE('',*,*,#2484,.F.);
#1440=ORIENTED_EDGE('',*,*,#2485,.F.);
#1441=ORIENTED_EDGE('',*,*,#2486,.T.);
#1442=ORIENTED_EDGE('',*,*,#2487,.F.);
#1443=ORIENTED_EDGE('',*,*,#2488,.T.);
#1444=ORIENTED_EDGE('',*,*,#2489,.T.);
#1445=ORIENTED_EDGE('',*,*,#2490,.T.);
#1446=ORIENTED_EDGE('',*,*,#2491,.T.);
#1447=ORIENTED_EDGE('',*,*,#2492,.T.);
#1448=ORIENTED_EDGE('',*,*,#2493,.F.);
#1449=ORIENTED_EDGE('',*,*,#2494,.T.);
#1450=ORIENTED_EDGE('',*,*,#2495,.T.);
#1451=ORIENTED_EDGE('',*,*,#2496,.F.);
#1452=ORIENTED_EDGE('',*,*,#2497,.F.);
#1453=ORIENTED_EDGE('',*,*,#2498,.F.);
#1454=ORIENTED_EDGE('',*,*,#2499,.T.);
#1455=ORIENTED_EDGE('',*,*,#2500,.F.);
#1456=ORIENTED_EDGE('',*,*,#2501,.F.);
#1457=ORIENTED_EDGE('',*,*,#2502,.F.);
#1458=ORIENTED_EDGE('',*,*,#2503,.F.);
#1459=ORIENTED_EDGE('',*,*,#2504,.F.);
#1460=ORIENTED_EDGE('',*,*,#2505,.T.);
#1461=ORIENTED_EDGE('',*,*,#2506,.T.);
#1462=ORIENTED_EDGE('',*,*,#2507,.T.);
#1463=ORIENTED_EDGE('',*,*,#2508,.F.);
#1464=ORIENTED_EDGE('',*,*,#2507,.F.);
#1465=ORIENTED_EDGE('',*,*,#2509,.T.);
#1466=ORIENTED_EDGE('',*,*,#2510,.T.);
#1467=ORIENTED_EDGE('',*,*,#2511,.F.);
#1468=ORIENTED_EDGE('',*,*,#2510,.F.);
#1469=ORIENTED_EDGE('',*,*,#2512,.T.);
#1470=ORIENTED_EDGE('',*,*,#2446,.T.);
#1471=ORIENTED_EDGE('',*,*,#2513,.T.);
#1472=ORIENTED_EDGE('',*,*,#2482,.F.);
#1473=ORIENTED_EDGE('',*,*,#2514,.F.);
#1474=ORIENTED_EDGE('',*,*,#2485,.T.);
#1475=ORIENTED_EDGE('',*,*,#2486,.F.);
#1476=ORIENTED_EDGE('',*,*,#2514,.T.);
#1477=ORIENTED_EDGE('',*,*,#2481,.F.);
#1478=ORIENTED_EDGE('',*,*,#2478,.F.);
#1479=ORIENTED_EDGE('',*,*,#2512,.F.);
#1480=ORIENTED_EDGE('',*,*,#2509,.F.);
#1481=ORIENTED_EDGE('',*,*,#2506,.F.);
#1482=ORIENTED_EDGE('',*,*,#2515,.T.);
#1483=ORIENTED_EDGE('',*,*,#2484,.T.);
#1484=ORIENTED_EDGE('',*,*,#2516,.F.);
#1485=ORIENTED_EDGE('',*,*,#2496,.T.);
#1486=ORIENTED_EDGE('',*,*,#2508,.T.);
#1487=ORIENTED_EDGE('',*,*,#2511,.T.);
#1488=ORIENTED_EDGE('',*,*,#2480,.T.);
#1489=ORIENTED_EDGE('',*,*,#2483,.T.);
#1490=ORIENTED_EDGE('',*,*,#2513,.F.);
#1491=ORIENTED_EDGE('',*,*,#2487,.T.);
#1492=ORIENTED_EDGE('',*,*,#2515,.F.);
#1493=ORIENTED_EDGE('',*,*,#2505,.F.);
#1494=ORIENTED_EDGE('',*,*,#2517,.T.);
#1495=ORIENTED_EDGE('',*,*,#2488,.F.);
#1496=ORIENTED_EDGE('',*,*,#2517,.F.);
#1497=ORIENTED_EDGE('',*,*,#2504,.T.);
#1498=ORIENTED_EDGE('',*,*,#2518,.T.);
#1499=ORIENTED_EDGE('',*,*,#2489,.F.);
#1500=ORIENTED_EDGE('',*,*,#2518,.F.);
#1501=ORIENTED_EDGE('',*,*,#2503,.T.);
#1502=ORIENTED_EDGE('',*,*,#2519,.T.);
#1503=ORIENTED_EDGE('',*,*,#2490,.F.);
#1504=ORIENTED_EDGE('',*,*,#2519,.F.);
#1505=ORIENTED_EDGE('',*,*,#2502,.T.);
#1506=ORIENTED_EDGE('',*,*,#2520,.T.);
#1507=ORIENTED_EDGE('',*,*,#2491,.F.);
#1508=ORIENTED_EDGE('',*,*,#2520,.F.);
#1509=ORIENTED_EDGE('',*,*,#2501,.T.);
#1510=ORIENTED_EDGE('',*,*,#2521,.T.);
#1511=ORIENTED_EDGE('',*,*,#2492,.F.);
#1512=ORIENTED_EDGE('',*,*,#2521,.F.);
#1513=ORIENTED_EDGE('',*,*,#2500,.T.);
#1514=ORIENTED_EDGE('',*,*,#2522,.T.);
#1515=ORIENTED_EDGE('',*,*,#2493,.T.);
#1516=ORIENTED_EDGE('',*,*,#2522,.F.);
#1517=ORIENTED_EDGE('',*,*,#2499,.F.);
#1518=ORIENTED_EDGE('',*,*,#2523,.T.);
#1519=ORIENTED_EDGE('',*,*,#2494,.F.);
#1520=ORIENTED_EDGE('',*,*,#2523,.F.);
#1521=ORIENTED_EDGE('',*,*,#2498,.T.);
#1522=ORIENTED_EDGE('',*,*,#2524,.T.);
#1523=ORIENTED_EDGE('',*,*,#2495,.F.);
#1524=ORIENTED_EDGE('',*,*,#2524,.F.);
#1525=ORIENTED_EDGE('',*,*,#2497,.T.);
#1526=ORIENTED_EDGE('',*,*,#2516,.T.);
#1527=ORIENTED_EDGE('',*,*,#2525,.T.);
#1528=ORIENTED_EDGE('',*,*,#2526,.F.);
#1529=ORIENTED_EDGE('',*,*,#2527,.F.);
#1530=ORIENTED_EDGE('',*,*,#2252,.T.);
#1531=ORIENTED_EDGE('',*,*,#2528,.F.);
#1532=ORIENTED_EDGE('',*,*,#2529,.F.);
#1533=ORIENTED_EDGE('',*,*,#2530,.T.);
#1534=ORIENTED_EDGE('',*,*,#2526,.T.);
#1535=ORIENTED_EDGE('',*,*,#2531,.T.);
#1536=ORIENTED_EDGE('',*,*,#2532,.F.);
#1537=ORIENTED_EDGE('',*,*,#2533,.F.);
#1538=ORIENTED_EDGE('',*,*,#2529,.T.);
#1539=ORIENTED_EDGE('',*,*,#2534,.F.);
#1540=ORIENTED_EDGE('',*,*,#2535,.F.);
#1541=ORIENTED_EDGE('',*,*,#2536,.T.);
#1542=ORIENTED_EDGE('',*,*,#2532,.T.);
#1543=ORIENTED_EDGE('',*,*,#2537,.F.);
#1544=ORIENTED_EDGE('',*,*,#2538,.F.);
#1545=ORIENTED_EDGE('',*,*,#2539,.T.);
#1546=ORIENTED_EDGE('',*,*,#2535,.T.);
#1547=ORIENTED_EDGE('',*,*,#2540,.F.);
#1548=ORIENTED_EDGE('',*,*,#2541,.F.);
#1549=ORIENTED_EDGE('',*,*,#2542,.T.);
#1550=ORIENTED_EDGE('',*,*,#2538,.T.);
#1551=ORIENTED_EDGE('',*,*,#2543,.F.);
#1552=ORIENTED_EDGE('',*,*,#2544,.F.);
#1553=ORIENTED_EDGE('',*,*,#2545,.T.);
#1554=ORIENTED_EDGE('',*,*,#2541,.T.);
#1555=ORIENTED_EDGE('',*,*,#2546,.F.);
#1556=ORIENTED_EDGE('',*,*,#2547,.F.);
#1557=ORIENTED_EDGE('',*,*,#2548,.T.);
#1558=ORIENTED_EDGE('',*,*,#2544,.T.);
#1559=ORIENTED_EDGE('',*,*,#2335,.F.);
#1560=ORIENTED_EDGE('',*,*,#1912,.F.);
#1561=ORIENTED_EDGE('',*,*,#2334,.T.);
#1562=ORIENTED_EDGE('',*,*,#2549,.T.);
#1563=ORIENTED_EDGE('',*,*,#2547,.T.);
#1564=ORIENTED_EDGE('',*,*,#2550,.F.);
#1565=ORIENTED_EDGE('',*,*,#2173,.F.);
#1566=ORIENTED_EDGE('',*,*,#2550,.T.);
#1567=ORIENTED_EDGE('',*,*,#2546,.T.);
#1568=ORIENTED_EDGE('',*,*,#2543,.T.);
#1569=ORIENTED_EDGE('',*,*,#2540,.T.);
#1570=ORIENTED_EDGE('',*,*,#2537,.T.);
#1571=ORIENTED_EDGE('',*,*,#2534,.T.);
#1572=ORIENTED_EDGE('',*,*,#2531,.F.);
#1573=ORIENTED_EDGE('',*,*,#2528,.T.);
#1574=ORIENTED_EDGE('',*,*,#2525,.F.);
#1575=ORIENTED_EDGE('',*,*,#2549,.F.);
#1576=ORIENTED_EDGE('',*,*,#2202,.T.);
#1577=ORIENTED_EDGE('',*,*,#2527,.T.);
#1578=ORIENTED_EDGE('',*,*,#2530,.F.);
#1579=ORIENTED_EDGE('',*,*,#2533,.T.);
#1580=ORIENTED_EDGE('',*,*,#2536,.F.);
#1581=ORIENTED_EDGE('',*,*,#2539,.F.);
#1582=ORIENTED_EDGE('',*,*,#2542,.F.);
#1583=ORIENTED_EDGE('',*,*,#2545,.F.);
#1584=ORIENTED_EDGE('',*,*,#2548,.F.);
#1585=ORIENTED_EDGE('',*,*,#2551,.T.);
#1586=ORIENTED_EDGE('',*,*,#1904,.T.);
#1587=ORIENTED_EDGE('',*,*,#2333,.F.);
#1588=ORIENTED_EDGE('',*,*,#1908,.F.);
#1589=ORIENTED_EDGE('',*,*,#2552,.F.);
#1590=ORIENTED_EDGE('',*,*,#2553,.T.);
#1591=ORIENTED_EDGE('',*,*,#2554,.T.);
#1592=ORIENTED_EDGE('',*,*,#2553,.F.);
#1593=ORIENTED_EDGE('',*,*,#2555,.F.);
#1594=ORIENTED_EDGE('',*,*,#2556,.T.);
#1595=ORIENTED_EDGE('',*,*,#2557,.T.);
#1596=ORIENTED_EDGE('',*,*,#2556,.F.);
#1597=ORIENTED_EDGE('',*,*,#2558,.F.);
#1598=ORIENTED_EDGE('',*,*,#2559,.T.);
#1599=ORIENTED_EDGE('',*,*,#2560,.T.);
#1600=ORIENTED_EDGE('',*,*,#2559,.F.);
#1601=ORIENTED_EDGE('',*,*,#2561,.F.);
#1602=ORIENTED_EDGE('',*,*,#2562,.T.);
#1603=ORIENTED_EDGE('',*,*,#2563,.T.);
#1604=ORIENTED_EDGE('',*,*,#2562,.F.);
#1605=ORIENTED_EDGE('',*,*,#2564,.F.);
#1606=ORIENTED_EDGE('',*,*,#2565,.T.);
#1607=ORIENTED_EDGE('',*,*,#2566,.T.);
#1608=ORIENTED_EDGE('',*,*,#2565,.F.);
#1609=ORIENTED_EDGE('',*,*,#2567,.F.);
#1610=ORIENTED_EDGE('',*,*,#2568,.T.);
#1611=ORIENTED_EDGE('',*,*,#2569,.F.);
#1612=ORIENTED_EDGE('',*,*,#2568,.F.);
#1613=ORIENTED_EDGE('',*,*,#2570,.T.);
#1614=ORIENTED_EDGE('',*,*,#2571,.T.);
#1615=ORIENTED_EDGE('',*,*,#2572,.T.);
#1616=ORIENTED_EDGE('',*,*,#2571,.F.);
#1617=ORIENTED_EDGE('',*,*,#2573,.F.);
#1618=ORIENTED_EDGE('',*,*,#2574,.T.);
#1619=ORIENTED_EDGE('',*,*,#2575,.F.);
#1620=ORIENTED_EDGE('',*,*,#2574,.F.);
#1621=ORIENTED_EDGE('',*,*,#2576,.T.);
#1622=ORIENTED_EDGE('',*,*,#2293,.T.);
#1623=ORIENTED_EDGE('',*,*,#2575,.T.);
#1624=ORIENTED_EDGE('',*,*,#2207,.T.);
#1625=ORIENTED_EDGE('',*,*,#2551,.F.);
#1626=ORIENTED_EDGE('',*,*,#2554,.F.);
#1627=ORIENTED_EDGE('',*,*,#2557,.F.);
#1628=ORIENTED_EDGE('',*,*,#2560,.F.);
#1629=ORIENTED_EDGE('',*,*,#2563,.F.);
#1630=ORIENTED_EDGE('',*,*,#2566,.F.);
#1631=ORIENTED_EDGE('',*,*,#2569,.T.);
#1632=ORIENTED_EDGE('',*,*,#2572,.F.);
#1633=ORIENTED_EDGE('',*,*,#2176,.F.);
#1634=ORIENTED_EDGE('',*,*,#2576,.F.);
#1635=ORIENTED_EDGE('',*,*,#2573,.T.);
#1636=ORIENTED_EDGE('',*,*,#2570,.F.);
#1637=ORIENTED_EDGE('',*,*,#2567,.T.);
#1638=ORIENTED_EDGE('',*,*,#2564,.T.);
#1639=ORIENTED_EDGE('',*,*,#2561,.T.);
#1640=ORIENTED_EDGE('',*,*,#2558,.T.);
#1641=ORIENTED_EDGE('',*,*,#2555,.T.);
#1642=ORIENTED_EDGE('',*,*,#2552,.T.);
#1643=ORIENTED_EDGE('',*,*,#2204,.F.);
#1644=ORIENTED_EDGE('',*,*,#2577,.T.);
#1645=ORIENTED_EDGE('',*,*,#2578,.T.);
#1646=ORIENTED_EDGE('',*,*,#2579,.T.);
#1647=ORIENTED_EDGE('',*,*,#2580,.T.);
#1648=ORIENTED_EDGE('',*,*,#2581,.T.);
#1649=ORIENTED_EDGE('',*,*,#2582,.T.);
#1650=ORIENTED_EDGE('',*,*,#2583,.F.);
#1651=ORIENTED_EDGE('',*,*,#2584,.T.);
#1652=ORIENTED_EDGE('',*,*,#2585,.F.);
#1653=ORIENTED_EDGE('',*,*,#2586,.F.);
#1654=ORIENTED_EDGE('',*,*,#2206,.T.);
#1655=ORIENTED_EDGE('',*,*,#2587,.T.);
#1656=ORIENTED_EDGE('',*,*,#2588,.F.);
#1657=ORIENTED_EDGE('',*,*,#2589,.T.);
#1658=ORIENTED_EDGE('',*,*,#2590,.F.);
#1659=ORIENTED_EDGE('',*,*,#2591,.F.);
#1660=ORIENTED_EDGE('',*,*,#2592,.F.);
#1661=ORIENTED_EDGE('',*,*,#2593,.F.);
#1662=ORIENTED_EDGE('',*,*,#2594,.F.);
#1663=ORIENTED_EDGE('',*,*,#1894,.T.);
#1664=ORIENTED_EDGE('',*,*,#2586,.T.);
#1665=ORIENTED_EDGE('',*,*,#2595,.F.);
#1666=ORIENTED_EDGE('',*,*,#2577,.F.);
#1667=ORIENTED_EDGE('',*,*,#1898,.F.);
#1668=ORIENTED_EDGE('',*,*,#1901,.T.);
#1669=ORIENTED_EDGE('',*,*,#2594,.T.);
#1670=ORIENTED_EDGE('',*,*,#2596,.F.);
#1671=ORIENTED_EDGE('',*,*,#2578,.F.);
#1672=ORIENTED_EDGE('',*,*,#2595,.T.);
#1673=ORIENTED_EDGE('',*,*,#2593,.T.);
#1674=ORIENTED_EDGE('',*,*,#2597,.F.);
#1675=ORIENTED_EDGE('',*,*,#2579,.F.);
#1676=ORIENTED_EDGE('',*,*,#2596,.T.);
#1677=ORIENTED_EDGE('',*,*,#2592,.T.);
#1678=ORIENTED_EDGE('',*,*,#2598,.F.);
#1679=ORIENTED_EDGE('',*,*,#2580,.F.);
#1680=ORIENTED_EDGE('',*,*,#2597,.T.);
#1681=ORIENTED_EDGE('',*,*,#2591,.T.);
#1682=ORIENTED_EDGE('',*,*,#2599,.F.);
#1683=ORIENTED_EDGE('',*,*,#2581,.F.);
#1684=ORIENTED_EDGE('',*,*,#2598,.T.);
#1685=ORIENTED_EDGE('',*,*,#2590,.T.);
#1686=ORIENTED_EDGE('',*,*,#2600,.F.);
#1687=ORIENTED_EDGE('',*,*,#2582,.F.);
#1688=ORIENTED_EDGE('',*,*,#2599,.T.);
#1689=ORIENTED_EDGE('',*,*,#2589,.F.);
#1690=ORIENTED_EDGE('',*,*,#2601,.F.);
#1691=ORIENTED_EDGE('',*,*,#2583,.T.);
#1692=ORIENTED_EDGE('',*,*,#2600,.T.);
#1693=ORIENTED_EDGE('',*,*,#2588,.T.);
#1694=ORIENTED_EDGE('',*,*,#2602,.F.);
#1695=ORIENTED_EDGE('',*,*,#2584,.F.);
#1696=ORIENTED_EDGE('',*,*,#2601,.T.);
#1697=ORIENTED_EDGE('',*,*,#2587,.F.);
#1698=ORIENTED_EDGE('',*,*,#2253,.T.);
#1699=ORIENTED_EDGE('',*,*,#2585,.T.);
#1700=ORIENTED_EDGE('',*,*,#2602,.T.);
#1701=ORIENTED_EDGE('',*,*,#2603,.F.);
#1702=ORIENTED_EDGE('',*,*,#2604,.F.);
#1703=ORIENTED_EDGE('',*,*,#2605,.F.);
#1704=ORIENTED_EDGE('',*,*,#2606,.F.);
#1705=ORIENTED_EDGE('',*,*,#2607,.F.);
#1706=ORIENTED_EDGE('',*,*,#2608,.T.);
#1707=ORIENTED_EDGE('',*,*,#2609,.T.);
#1708=ORIENTED_EDGE('',*,*,#2610,.T.);
#1709=ORIENTED_EDGE('',*,*,#2611,.T.);
#1710=ORIENTED_EDGE('',*,*,#2612,.T.);
#1711=ORIENTED_EDGE('',*,*,#2613,.F.);
#1712=ORIENTED_EDGE('',*,*,#2614,.T.);
#1713=ORIENTED_EDGE('',*,*,#2615,.T.);
#1714=ORIENTED_EDGE('',*,*,#2616,.T.);
#1715=ORIENTED_EDGE('',*,*,#2617,.F.);
#1716=ORIENTED_EDGE('',*,*,#2618,.T.);
#1717=ORIENTED_EDGE('',*,*,#2619,.T.);
#1718=ORIENTED_EDGE('',*,*,#2620,.T.);
#1719=ORIENTED_EDGE('',*,*,#2621,.F.);
#1720=ORIENTED_EDGE('',*,*,#2622,.T.);
#1721=ORIENTED_EDGE('',*,*,#2623,.T.);
#1722=ORIENTED_EDGE('',*,*,#2624,.T.);
#1723=ORIENTED_EDGE('',*,*,#2625,.T.);
#1724=ORIENTED_EDGE('',*,*,#2626,.T.);
#1725=ORIENTED_EDGE('',*,*,#2627,.F.);
#1726=ORIENTED_EDGE('',*,*,#2628,.F.);
#1727=ORIENTED_EDGE('',*,*,#2629,.F.);
#1728=ORIENTED_EDGE('',*,*,#2630,.F.);
#1729=ORIENTED_EDGE('',*,*,#2623,.F.);
#1730=ORIENTED_EDGE('',*,*,#2631,.F.);
#1731=ORIENTED_EDGE('',*,*,#2632,.T.);
#1732=ORIENTED_EDGE('',*,*,#2633,.T.);
#1733=ORIENTED_EDGE('',*,*,#2624,.F.);
#1734=ORIENTED_EDGE('',*,*,#2633,.F.);
#1735=ORIENTED_EDGE('',*,*,#2634,.T.);
#1736=ORIENTED_EDGE('',*,*,#2635,.T.);
#1737=ORIENTED_EDGE('',*,*,#2625,.F.);
#1738=ORIENTED_EDGE('',*,*,#2635,.F.);
#1739=ORIENTED_EDGE('',*,*,#2636,.T.);
#1740=ORIENTED_EDGE('',*,*,#2637,.T.);
#1741=ORIENTED_EDGE('',*,*,#2638,.F.);
#1742=ORIENTED_EDGE('',*,*,#2626,.F.);
#1743=ORIENTED_EDGE('',*,*,#2637,.F.);
#1744=ORIENTED_EDGE('',*,*,#2639,.T.);
#1745=ORIENTED_EDGE('',*,*,#2640,.T.);
#1746=ORIENTED_EDGE('',*,*,#2641,.T.);
#1747=ORIENTED_EDGE('',*,*,#2640,.F.);
#1748=ORIENTED_EDGE('',*,*,#2642,.T.);
#1749=ORIENTED_EDGE('',*,*,#2643,.T.);
#1750=ORIENTED_EDGE('',*,*,#2644,.F.);
#1751=ORIENTED_EDGE('',*,*,#2643,.F.);
#1752=ORIENTED_EDGE('',*,*,#2645,.T.);
#1753=ORIENTED_EDGE('',*,*,#2646,.T.);
#1754=ORIENTED_EDGE('',*,*,#2608,.F.);
#1755=ORIENTED_EDGE('',*,*,#2609,.F.);
#1756=ORIENTED_EDGE('',*,*,#2646,.F.);
#1757=ORIENTED_EDGE('',*,*,#2647,.T.);
#1758=ORIENTED_EDGE('',*,*,#2648,.T.);
#1759=ORIENTED_EDGE('',*,*,#2610,.F.);
#1760=ORIENTED_EDGE('',*,*,#2648,.F.);
#1761=ORIENTED_EDGE('',*,*,#2649,.T.);
#1762=ORIENTED_EDGE('',*,*,#2650,.T.);
#1763=ORIENTED_EDGE('',*,*,#2611,.F.);
#1764=ORIENTED_EDGE('',*,*,#2650,.F.);
#1765=ORIENTED_EDGE('',*,*,#2651,.T.);
#1766=ORIENTED_EDGE('',*,*,#2652,.T.);
#1767=ORIENTED_EDGE('',*,*,#2653,.F.);
#1768=ORIENTED_EDGE('',*,*,#2612,.F.);
#1769=ORIENTED_EDGE('',*,*,#2652,.F.);
#1770=ORIENTED_EDGE('',*,*,#2654,.T.);
#1771=ORIENTED_EDGE('',*,*,#2655,.T.);
#1772=ORIENTED_EDGE('',*,*,#2656,.F.);
#1773=ORIENTED_EDGE('',*,*,#2655,.F.);
#1774=ORIENTED_EDGE('',*,*,#2657,.T.);
#1775=ORIENTED_EDGE('',*,*,#2658,.T.);
#1776=ORIENTED_EDGE('',*,*,#2659,.F.);
#1777=ORIENTED_EDGE('',*,*,#2658,.F.);
#1778=ORIENTED_EDGE('',*,*,#2660,.T.);
#1779=ORIENTED_EDGE('',*,*,#2661,.T.);
#1780=ORIENTED_EDGE('',*,*,#2614,.F.);
#1781=ORIENTED_EDGE('',*,*,#2615,.F.);
#1782=ORIENTED_EDGE('',*,*,#2661,.F.);
#1783=ORIENTED_EDGE('',*,*,#2662,.T.);
#1784=ORIENTED_EDGE('',*,*,#2663,.T.);
#1785=ORIENTED_EDGE('',*,*,#2664,.F.);
#1786=ORIENTED_EDGE('',*,*,#2616,.F.);
#1787=ORIENTED_EDGE('',*,*,#2663,.F.);
#1788=ORIENTED_EDGE('',*,*,#2665,.T.);
#1789=ORIENTED_EDGE('',*,*,#2666,.T.);
#1790=ORIENTED_EDGE('',*,*,#2667,.F.);
#1791=ORIENTED_EDGE('',*,*,#2666,.F.);
#1792=ORIENTED_EDGE('',*,*,#2668,.T.);
#1793=ORIENTED_EDGE('',*,*,#2669,.T.);
#1794=ORIENTED_EDGE('',*,*,#2670,.F.);
#1795=ORIENTED_EDGE('',*,*,#2669,.F.);
#1796=ORIENTED_EDGE('',*,*,#2671,.T.);
#1797=ORIENTED_EDGE('',*,*,#2672,.T.);
#1798=ORIENTED_EDGE('',*,*,#2618,.F.);
#1799=ORIENTED_EDGE('',*,*,#2619,.F.);
#1800=ORIENTED_EDGE('',*,*,#2672,.F.);
#1801=ORIENTED_EDGE('',*,*,#2673,.T.);
#1802=ORIENTED_EDGE('',*,*,#2674,.T.);
#1803=ORIENTED_EDGE('',*,*,#2675,.F.);
#1804=ORIENTED_EDGE('',*,*,#2620,.F.);
#1805=ORIENTED_EDGE('',*,*,#2674,.F.);
#1806=ORIENTED_EDGE('',*,*,#2676,.T.);
#1807=ORIENTED_EDGE('',*,*,#2677,.T.);
#1808=ORIENTED_EDGE('',*,*,#2678,.F.);
#1809=ORIENTED_EDGE('',*,*,#2677,.F.);
#1810=ORIENTED_EDGE('',*,*,#2679,.T.);
#1811=ORIENTED_EDGE('',*,*,#2680,.T.);
#1812=ORIENTED_EDGE('',*,*,#2681,.F.);
#1813=ORIENTED_EDGE('',*,*,#2680,.F.);
#1814=ORIENTED_EDGE('',*,*,#2682,.T.);
#1815=ORIENTED_EDGE('',*,*,#2631,.T.);
#1816=ORIENTED_EDGE('',*,*,#2622,.F.);
#1817=ORIENTED_EDGE('',*,*,#2632,.F.);
#1818=ORIENTED_EDGE('',*,*,#2682,.F.);
#1819=ORIENTED_EDGE('',*,*,#2679,.F.);
#1820=ORIENTED_EDGE('',*,*,#2676,.F.);
#1821=ORIENTED_EDGE('',*,*,#2673,.F.);
#1822=ORIENTED_EDGE('',*,*,#2671,.F.);
#1823=ORIENTED_EDGE('',*,*,#2668,.F.);
#1824=ORIENTED_EDGE('',*,*,#2665,.F.);
#1825=ORIENTED_EDGE('',*,*,#2662,.F.);
#1826=ORIENTED_EDGE('',*,*,#2660,.F.);
#1827=ORIENTED_EDGE('',*,*,#2657,.F.);
#1828=ORIENTED_EDGE('',*,*,#2654,.F.);
#1829=ORIENTED_EDGE('',*,*,#2651,.F.);
#1830=ORIENTED_EDGE('',*,*,#2649,.F.);
#1831=ORIENTED_EDGE('',*,*,#2647,.F.);
#1832=ORIENTED_EDGE('',*,*,#2645,.F.);
#1833=ORIENTED_EDGE('',*,*,#2642,.F.);
#1834=ORIENTED_EDGE('',*,*,#2639,.F.);
#1835=ORIENTED_EDGE('',*,*,#2636,.F.);
#1836=ORIENTED_EDGE('',*,*,#2634,.F.);
#1837=ORIENTED_EDGE('',*,*,#2653,.T.);
#1838=ORIENTED_EDGE('',*,*,#2656,.T.);
#1839=ORIENTED_EDGE('',*,*,#2659,.T.);
#1840=ORIENTED_EDGE('',*,*,#2613,.T.);
#1841=ORIENTED_EDGE('',*,*,#2664,.T.);
#1842=ORIENTED_EDGE('',*,*,#2667,.T.);
#1843=ORIENTED_EDGE('',*,*,#2670,.T.);
#1844=ORIENTED_EDGE('',*,*,#2617,.T.);
#1845=ORIENTED_EDGE('',*,*,#2675,.T.);
#1846=ORIENTED_EDGE('',*,*,#2678,.T.);
#1847=ORIENTED_EDGE('',*,*,#2681,.T.);
#1848=ORIENTED_EDGE('',*,*,#2621,.T.);
#1849=ORIENTED_EDGE('',*,*,#2638,.T.);
#1850=ORIENTED_EDGE('',*,*,#2641,.F.);
#1851=ORIENTED_EDGE('',*,*,#2644,.T.);
#1852=ORIENTED_EDGE('',*,*,#2607,.T.);
#1853=ORIENTED_EDGE('',*,*,#2603,.T.);
#1854=ORIENTED_EDGE('',*,*,#2683,.F.);
#1855=ORIENTED_EDGE('',*,*,#2684,.F.);
#1856=ORIENTED_EDGE('',*,*,#2685,.T.);
#1857=ORIENTED_EDGE('',*,*,#2606,.T.);
#1858=ORIENTED_EDGE('',*,*,#2686,.F.);
#1859=ORIENTED_EDGE('',*,*,#2687,.F.);
#1860=ORIENTED_EDGE('',*,*,#2683,.T.);
#1861=ORIENTED_EDGE('',*,*,#2605,.T.);
#1862=ORIENTED_EDGE('',*,*,#2688,.F.);
#1863=ORIENTED_EDGE('',*,*,#2689,.F.);
#1864=ORIENTED_EDGE('',*,*,#2686,.T.);
#1865=ORIENTED_EDGE('',*,*,#2604,.T.);
#1866=ORIENTED_EDGE('',*,*,#2685,.F.);
#1867=ORIENTED_EDGE('',*,*,#2690,.F.);
#1868=ORIENTED_EDGE('',*,*,#2688,.T.);
#1869=ORIENTED_EDGE('',*,*,#2684,.T.);
#1870=ORIENTED_EDGE('',*,*,#2687,.T.);
#1871=ORIENTED_EDGE('',*,*,#2689,.T.);
#1872=ORIENTED_EDGE('',*,*,#2690,.T.);
#1873=ORIENTED_EDGE('',*,*,#2628,.T.);
#1874=ORIENTED_EDGE('',*,*,#2691,.F.);
#1875=ORIENTED_EDGE('',*,*,#2692,.F.);
#1876=ORIENTED_EDGE('',*,*,#2693,.T.);
#1877=ORIENTED_EDGE('',*,*,#2627,.T.);
#1878=ORIENTED_EDGE('',*,*,#2694,.F.);
#1879=ORIENTED_EDGE('',*,*,#2695,.F.);
#1880=ORIENTED_EDGE('',*,*,#2691,.T.);
#1881=ORIENTED_EDGE('',*,*,#2630,.T.);
#1882=ORIENTED_EDGE('',*,*,#2696,.F.);
#1883=ORIENTED_EDGE('',*,*,#2697,.F.);
#1884=ORIENTED_EDGE('',*,*,#2694,.T.);
#1885=ORIENTED_EDGE('',*,*,#2629,.T.);
#1886=ORIENTED_EDGE('',*,*,#2693,.F.);
#1887=ORIENTED_EDGE('',*,*,#2698,.F.);
#1888=ORIENTED_EDGE('',*,*,#2696,.T.);
#1889=ORIENTED_EDGE('',*,*,#2692,.T.);
#1890=ORIENTED_EDGE('',*,*,#2695,.T.);
#1891=ORIENTED_EDGE('',*,*,#2697,.T.);
#1892=ORIENTED_EDGE('',*,*,#2698,.T.);
#1893=EDGE_CURVE('',#2699,#2700,#3227,.T.);
#1894=EDGE_CURVE('',#2701,#2700,#108,.T.);
#1895=EDGE_CURVE('',#2702,#2701,#3228,.T.);
#1896=EDGE_CURVE('',#2702,#2699,#3229,.T.);
#1897=EDGE_CURVE('',#2703,#2704,#3230,.T.);
#1898=EDGE_CURVE('',#2704,#2705,#109,.T.);
#1899=EDGE_CURVE('',#2706,#2705,#3231,.T.);
#1900=EDGE_CURVE('',#2706,#2703,#3232,.T.);
#1901=EDGE_CURVE('',#2704,#2701,#3233,.T.);
#1902=EDGE_CURVE('',#2703,#2702,#3234,.T.);
#1903=EDGE_CURVE('',#2707,#2708,#3235,.T.);
#1904=EDGE_CURVE('',#2709,#2707,#110,.T.);
#1905=EDGE_CURVE('',#2709,#2710,#3236,.T.);
#1906=EDGE_CURVE('',#2710,#2708,#3237,.T.);
#1907=EDGE_CURVE('',#2711,#2712,#3238,.T.);
#1908=EDGE_CURVE('',#2711,#2713,#111,.T.);
#1909=EDGE_CURVE('',#2713,#2714,#3239,.T.);
#1910=EDGE_CURVE('',#2714,#2712,#3240,.T.);
#1911=EDGE_CURVE('',#2715,#2716,#3241,.T.);
#1912=EDGE_CURVE('',#2716,#2717,#3242,.T.);
#1913=EDGE_CURVE('',#2718,#2717,#3243,.T.);
#1914=EDGE_CURVE('',#2718,#2715,#3244,.T.);
#1915=EDGE_CURVE('',#2719,#2720,#112,.T.);
#1916=EDGE_CURVE('',#2721,#2719,#3245,.T.);
#1917=EDGE_CURVE('',#2722,#2721,#113,.T.);
#1918=EDGE_CURVE('',#2723,#2722,#3246,.T.);
#1919=EDGE_CURVE('',#2724,#2723,#114,.T.);
#1920=EDGE_CURVE('',#2725,#2724,#3247,.T.);
#1921=EDGE_CURVE('',#2726,#2725,#115,.T.);
#1922=EDGE_CURVE('',#2720,#2726,#3248,.T.);
#1923=EDGE_CURVE('',#2727,#2728,#116,.T.);
#1924=EDGE_CURVE('',#2729,#2727,#3249,.T.);
#1925=EDGE_CURVE('',#2730,#2729,#117,.T.);
#1926=EDGE_CURVE('',#2730,#2731,#3250,.T.);
#1927=EDGE_CURVE('',#2731,#2732,#3251,.T.);
#1928=EDGE_CURVE('',#2732,#2733,#3252,.T.);
#1929=EDGE_CURVE('',#2734,#2733,#118,.T.);
#1930=EDGE_CURVE('',#2734,#2735,#3253,.T.);
#1931=EDGE_CURVE('',#2735,#2736,#119,.T.);
#1932=EDGE_CURVE('',#2736,#2737,#3254,.T.);
#1933=EDGE_CURVE('',#2737,#2738,#120,.T.);
#1934=EDGE_CURVE('',#2738,#2739,#3255,.T.);
#1935=EDGE_CURVE('',#2740,#2739,#121,.T.);
#1936=EDGE_CURVE('',#2740,#2741,#3256,.T.);
#1937=EDGE_CURVE('',#2741,#2742,#3257,.T.);
#1938=EDGE_CURVE('',#2742,#2743,#3258,.T.);
#1939=EDGE_CURVE('',#2744,#2743,#122,.T.);
#1940=EDGE_CURVE('',#2744,#2745,#3259,.T.);
#1941=EDGE_CURVE('',#2746,#2745,#123,.T.);
#1942=EDGE_CURVE('',#2746,#2747,#3260,.T.);
#1943=EDGE_CURVE('',#2747,#2748,#3261,.T.);
#1944=EDGE_CURVE('',#2748,#2749,#3262,.T.);
#1945=EDGE_CURVE('',#2749,#2750,#124,.T.);
#1946=EDGE_CURVE('',#2751,#2750,#3263,.T.);
#1947=EDGE_CURVE('',#2751,#2752,#125,.T.);
#1948=EDGE_CURVE('',#2752,#2753,#3264,.T.);
#1949=EDGE_CURVE('',#2754,#2753,#126,.T.);
#1950=EDGE_CURVE('',#2754,#2755,#3265,.T.);
#1951=EDGE_CURVE('',#2755,#2756,#3266,.T.);
#1952=EDGE_CURVE('',#2756,#2728,#3267,.T.);
#1953=EDGE_CURVE('',#2727,#2757,#127,.F.);
#1954=EDGE_CURVE('',#2758,#2727,#3268,.T.);
#1955=EDGE_CURVE('',#2758,#2759,#3269,.T.);
#1956=EDGE_CURVE('',#2759,#2760,#3270,.T.);
#1957=EDGE_CURVE('',#2760,#2761,#3271,.T.);
#1958=EDGE_CURVE('',#2761,#2757,#3272,.T.);
#1959=EDGE_CURVE('',#2762,#2729,#128,.F.);
#1960=EDGE_CURVE('',#2763,#2762,#3273,.T.);
#1961=EDGE_CURVE('',#2764,#2763,#3274,.T.);
#1962=EDGE_CURVE('',#2764,#2765,#3275,.T.);
#1963=EDGE_CURVE('',#2765,#2766,#3276,.T.);
#1964=EDGE_CURVE('',#2766,#2729,#3277,.T.);
#1965=EDGE_CURVE('',#2767,#2768,#129,.T.);
#1966=EDGE_CURVE('',#2768,#2769,#3278,.T.);
#1967=EDGE_CURVE('',#2769,#2770,#130,.T.);
#1968=EDGE_CURVE('',#2770,#2771,#3279,.T.);
#1969=EDGE_CURVE('',#2771,#2772,#131,.T.);
#1970=EDGE_CURVE('',#2772,#2773,#3280,.T.);
#1971=EDGE_CURVE('',#2773,#2774,#132,.T.);
#1972=EDGE_CURVE('',#2774,#2767,#3281,.T.);
#1973=EDGE_CURVE('',#2759,#2765,#3282,.T.);
#1974=EDGE_CURVE('',#2758,#2775,#133,.T.);
#1975=EDGE_CURVE('',#2776,#2775,#3283,.T.);
#1976=EDGE_CURVE('',#2777,#2776,#3284,.T.);
#1977=EDGE_CURVE('',#2777,#2778,#3285,.T.);
#1978=EDGE_CURVE('',#2779,#2778,#3286,.T.);
#1979=EDGE_CURVE('',#2780,#2779,#134,.T.);
#1980=EDGE_CURVE('',#2780,#2781,#135,.T.);
#1981=EDGE_CURVE('',#2782,#2781,#3287,.T.);
#1982=EDGE_CURVE('',#2782,#2783,#3288,.T.);
#1983=EDGE_CURVE('',#2784,#2783,#3289,.T.);
#1984=EDGE_CURVE('',#2784,#2785,#136,.T.);
#1985=EDGE_CURVE('',#2786,#2785,#137,.T.);
#1986=EDGE_CURVE('',#2787,#2786,#3290,.T.);
#1987=EDGE_CURVE('',#2788,#2787,#3291,.T.);
#1988=EDGE_CURVE('',#2789,#2788,#3292,.T.);
#1989=EDGE_CURVE('',#2790,#2789,#3293,.T.);
#1990=EDGE_CURVE('',#2790,#2791,#3294,.T.);
#1991=EDGE_CURVE('',#2792,#2791,#3295,.T.);
#1992=EDGE_CURVE('',#2793,#2792,#3296,.T.);
#1993=EDGE_CURVE('',#2794,#2793,#3297,.T.);
#1994=EDGE_CURVE('',#2794,#2795,#138,.T.);
#1995=EDGE_CURVE('',#2796,#2795,#3298,.T.);
#1996=EDGE_CURVE('',#2796,#2797,#139,.T.);
#1997=EDGE_CURVE('',#2797,#2798,#3299,.T.);
#1998=EDGE_CURVE('',#2799,#2798,#3300,.T.);
#1999=EDGE_CURVE('',#2800,#2799,#3301,.T.);
#2000=EDGE_CURVE('',#2801,#2800,#3302,.T.);
#2001=EDGE_CURVE('',#2802,#2801,#3303,.T.);
#2002=EDGE_CURVE('',#2803,#2802,#140,.T.);
#2003=EDGE_CURVE('',#2803,#2804,#141,.T.);
#2004=EDGE_CURVE('',#2804,#2805,#3304,.T.);
#2005=EDGE_CURVE('',#2806,#2805,#3305,.T.);
#2006=EDGE_CURVE('',#2806,#2807,#3306,.T.);
#2007=EDGE_CURVE('',#2807,#2808,#142,.T.);
#2008=EDGE_CURVE('',#2809,#2808,#143,.T.);
#2009=EDGE_CURVE('',#2810,#2809,#3307,.T.);
#2010=EDGE_CURVE('',#2810,#2811,#3308,.T.);
#2011=EDGE_CURVE('',#2812,#2811,#3309,.T.);
#2012=EDGE_CURVE('',#2813,#2812,#3310,.T.);
#2013=EDGE_CURVE('',#2813,#2766,#144,.T.);
#2014=EDGE_CURVE('',#2814,#2815,#3311,.T.);
#2015=EDGE_CURVE('',#2816,#2815,#3312,.T.);
#2016=EDGE_CURVE('',#2817,#2816,#3313,.T.);
#2017=EDGE_CURVE('',#2817,#2818,#3314,.T.);
#2018=EDGE_CURVE('',#2818,#2819,#3315,.T.);
#2019=EDGE_CURVE('',#2819,#2820,#3316,.T.);
#2020=EDGE_CURVE('',#2820,#2821,#3317,.T.);
#2021=EDGE_CURVE('',#2822,#2821,#145,.T.);
#2022=EDGE_CURVE('',#2822,#2823,#3318,.T.);
#2023=EDGE_CURVE('',#2823,#2824,#3319,.T.);
#2024=EDGE_CURVE('',#2824,#2825,#146,.T.);
#2025=EDGE_CURVE('',#2825,#2826,#3320,.T.);
#2026=EDGE_CURVE('',#2826,#2827,#147,.T.);
#2027=EDGE_CURVE('',#2827,#2828,#3321,.T.);
#2028=EDGE_CURVE('',#2828,#2829,#3322,.T.);
#2029=EDGE_CURVE('',#2830,#2829,#148,.T.);
#2030=EDGE_CURVE('',#2830,#2831,#3323,.T.);
#2031=EDGE_CURVE('',#2831,#2832,#3324,.T.);
#2032=EDGE_CURVE('',#2832,#2833,#3325,.T.);
#2033=EDGE_CURVE('',#2833,#2814,#3326,.T.);
#2034=EDGE_CURVE('',#2834,#2835,#149,.F.);
#2035=EDGE_CURVE('',#2836,#2834,#3327,.T.);
#2036=EDGE_CURVE('',#2837,#2836,#3328,.T.);
#2037=EDGE_CURVE('',#2782,#2837,#3329,.T.);
#2038=EDGE_CURVE('',#2781,#2835,#3330,.T.);
#2039=EDGE_CURVE('',#2838,#2839,#150,.F.);
#2040=EDGE_CURVE('',#2784,#2838,#3331,.T.);
#2041=EDGE_CURVE('',#2840,#2783,#3332,.T.);
#2042=EDGE_CURVE('',#2841,#2840,#3333,.T.);
#2043=EDGE_CURVE('',#2841,#2839,#3334,.T.);
#2044=EDGE_CURVE('',#2842,#2843,#3335,.T.);
#2045=EDGE_CURVE('',#2843,#2844,#151,.T.);
#2046=EDGE_CURVE('',#2844,#2845,#3336,.T.);
#2047=EDGE_CURVE('',#2845,#2846,#152,.T.);
#2048=EDGE_CURVE('',#2847,#2846,#3337,.T.);
#2049=EDGE_CURVE('',#2847,#2848,#3338,.T.);
#2050=EDGE_CURVE('',#2848,#2849,#3339,.T.);
#2051=EDGE_CURVE('',#2849,#2850,#3340,.T.);
#2052=EDGE_CURVE('',#2850,#2851,#3341,.T.);
#2053=EDGE_CURVE('',#2851,#2852,#3342,.T.);
#2054=EDGE_CURVE('',#2852,#2853,#3343,.T.);
#2055=EDGE_CURVE('',#2853,#2842,#3344,.T.);
#2056=EDGE_CURVE('',#2854,#2855,#3345,.T.);
#2057=EDGE_CURVE('',#2854,#2856,#3346,.T.);
#2058=EDGE_CURVE('',#2857,#2856,#153,.T.);
#2059=EDGE_CURVE('',#2858,#2857,#3347,.T.);
#2060=EDGE_CURVE('',#2859,#2858,#3348,.T.);
#2061=EDGE_CURVE('',#2859,#2855,#3349,.T.);
#2062=EDGE_CURVE('',#2860,#2861,#3350,.T.);
#2063=EDGE_CURVE('',#2861,#2862,#3351,.T.);
#2064=EDGE_CURVE('',#2863,#2862,#3352,.T.);
#2065=EDGE_CURVE('',#2863,#2860,#3353,.T.);
#2066=EDGE_CURVE('',#2859,#2864,#3354,.T.);
#2067=EDGE_CURVE('',#2864,#2865,#3355,.T.);
#2068=EDGE_CURVE('',#2855,#2865,#3356,.T.);
#2069=EDGE_CURVE('',#2866,#2830,#3357,.T.);
#2070=EDGE_CURVE('',#2866,#2867,#3358,.T.);
#2071=EDGE_CURVE('',#2801,#2867,#3359,.T.);
#2072=EDGE_CURVE('',#2868,#2800,#3360,.T.);
#2073=EDGE_CURVE('',#2869,#2868,#3361,.T.);
#2074=EDGE_CURVE('',#2870,#2869,#3362,.T.);
#2075=EDGE_CURVE('',#2870,#2831,#3363,.T.);
#2076=EDGE_CURVE('',#2871,#2821,#3364,.T.);
#2077=EDGE_CURVE('',#2820,#2872,#3365,.T.);
#2078=EDGE_CURVE('',#2873,#2872,#3366,.T.);
#2079=EDGE_CURVE('',#2873,#2874,#3367,.T.);
#2080=EDGE_CURVE('',#2811,#2874,#3368,.T.);
#2081=EDGE_CURVE('',#2875,#2810,#3369,.T.);
#2082=EDGE_CURVE('',#2875,#2871,#3370,.T.);
#2083=EDGE_CURVE('',#2876,#2877,#154,.T.);
#2084=EDGE_CURVE('',#2876,#2878,#3371,.T.);
#2085=EDGE_CURVE('',#2878,#2879,#3372,.T.);
#2086=EDGE_CURVE('',#2879,#2880,#3373,.T.);
#2087=EDGE_CURVE('',#2880,#2881,#3374,.T.);
#2088=EDGE_CURVE('',#2881,#2882,#3375,.T.);
#2089=EDGE_CURVE('',#2882,#2883,#3376,.T.);
#2090=EDGE_CURVE('',#2883,#2884,#3377,.T.);
#2091=EDGE_CURVE('',#2884,#2885,#3378,.T.);
#2092=EDGE_CURVE('',#2886,#2885,#3379,.T.);
#2093=EDGE_CURVE('',#2887,#2886,#155,.T.);
#2094=EDGE_CURVE('',#2877,#2887,#3380,.T.);
#2095=EDGE_CURVE('',#2888,#2889,#3381,.T.);
#2096=EDGE_CURVE('',#2888,#2890,#156,.T.);
#2097=EDGE_CURVE('',#2890,#2873,#3382,.T.);
#2098=EDGE_CURVE('',#2891,#2872,#3383,.T.);
#2099=EDGE_CURVE('',#2891,#2889,#3384,.T.);
#2100=EDGE_CURVE('',#2892,#2858,#3385,.T.);
#2101=EDGE_CURVE('',#2857,#2893,#3386,.T.);
#2102=EDGE_CURVE('',#2893,#2894,#3387,.T.);
#2103=EDGE_CURVE('',#2895,#2894,#3388,.T.);
#2104=EDGE_CURVE('',#2895,#2896,#3389,.T.);
#2105=EDGE_CURVE('',#2896,#2897,#3390,.T.);
#2106=EDGE_CURVE('',#2898,#2897,#3391,.T.);
#2107=EDGE_CURVE('',#2898,#2899,#3392,.T.);
#2108=EDGE_CURVE('',#2899,#2900,#3393,.T.);
#2109=EDGE_CURVE('',#2900,#2901,#3394,.T.);
#2110=EDGE_CURVE('',#2901,#2874,#3395,.T.);
#2111=EDGE_CURVE('',#2902,#2890,#3396,.T.);
#2112=EDGE_CURVE('',#2869,#2902,#3397,.T.);
#2113=EDGE_CURVE('',#2868,#2903,#3398,.T.);
#2114=EDGE_CURVE('',#2903,#2904,#3399,.T.);
#2115=EDGE_CURVE('',#2905,#2904,#3400,.T.);
#2116=EDGE_CURVE('',#2906,#2905,#3401,.T.);
#2117=EDGE_CURVE('',#2906,#2907,#3402,.T.);
#2118=EDGE_CURVE('',#2907,#2908,#3403,.T.);
#2119=EDGE_CURVE('',#2908,#2892,#3404,.T.);
#2120=EDGE_CURVE('',#2819,#2891,#3405,.T.);
#2121=EDGE_CURVE('',#2909,#2910,#3406,.T.);
#2122=EDGE_CURVE('',#2779,#2909,#157,.T.);
#2123=EDGE_CURVE('',#2911,#2779,#3407,.T.);
#2124=EDGE_CURVE('',#2912,#2911,#3408,.T.);
#2125=EDGE_CURVE('',#2913,#2912,#3409,.T.);
#2126=EDGE_CURVE('',#2913,#2914,#3410,.T.);
#2127=EDGE_CURVE('',#2915,#2914,#3411,.T.);
#2128=EDGE_CURVE('',#2915,#2910,#158,.T.);
#2129=EDGE_CURVE('',#2916,#2917,#3412,.T.);
#2130=EDGE_CURVE('',#2802,#2916,#159,.T.);
#2131=EDGE_CURVE('',#2918,#2802,#3413,.T.);
#2132=EDGE_CURVE('',#2918,#2919,#3414,.T.);
#2133=EDGE_CURVE('',#2919,#2920,#3415,.T.);
#2134=EDGE_CURVE('',#2921,#2920,#3416,.T.);
#2135=EDGE_CURVE('',#2922,#2921,#3417,.T.);
#2136=EDGE_CURVE('',#2922,#2917,#160,.T.);
#2137=EDGE_CURVE('',#2923,#2813,#161,.T.);
#2138=EDGE_CURVE('',#2924,#2813,#3418,.T.);
#2139=EDGE_CURVE('',#2925,#2924,#3419,.T.);
#2140=EDGE_CURVE('',#2925,#2926,#3420,.T.);
#2141=EDGE_CURVE('',#2923,#2926,#3421,.T.);
#2142=EDGE_CURVE('',#2927,#2706,#3422,.T.);
#2143=EDGE_CURVE('',#2715,#2927,#3423,.T.);
#2144=EDGE_CURVE('',#2928,#2718,#3424,.T.);
#2145=EDGE_CURVE('',#2878,#2928,#3425,.T.);
#2146=EDGE_CURVE('',#2876,#2824,#3426,.T.);
#2147=EDGE_CURVE('',#2889,#2823,#3427,.T.);
#2148=EDGE_CURVE('',#2929,#2818,#3428,.T.);
#2149=EDGE_CURVE('',#2929,#2930,#3429,.T.);
#2150=EDGE_CURVE('',#2931,#2930,#3430,.T.);
#2151=EDGE_CURVE('',#2932,#2931,#3431,.T.);
#2152=EDGE_CURVE('',#2932,#2732,#3432,.T.);
#2153=EDGE_CURVE('',#2926,#2731,#3433,.T.);
#2154=EDGE_CURVE('',#2925,#2933,#162,.F.);
#2155=EDGE_CURVE('',#2934,#2933,#3434,.T.);
#2156=EDGE_CURVE('',#2899,#2934,#163,.F.);
#2157=EDGE_CURVE('',#2935,#2898,#164,.F.);
#2158=EDGE_CURVE('',#2936,#2935,#3435,.T.);
#2159=EDGE_CURVE('',#2936,#2937,#165,.F.);
#2160=EDGE_CURVE('',#2938,#2937,#3436,.T.);
#2161=EDGE_CURVE('',#2938,#2756,#3437,.T.);
#2162=EDGE_CURVE('',#2914,#2755,#3438,.T.);
#2163=EDGE_CURVE('',#2939,#2913,#3439,.T.);
#2164=EDGE_CURVE('',#2939,#2940,#3440,.T.);
#2165=EDGE_CURVE('',#2941,#2940,#3441,.T.);
#2166=EDGE_CURVE('',#2941,#2860,#3442,.T.);
#2167=EDGE_CURVE('',#2942,#2863,#3443,.T.);
#2168=EDGE_CURVE('',#2942,#2943,#3444,.T.);
#2169=EDGE_CURVE('',#2943,#2944,#3445,.T.);
#2170=EDGE_CURVE('',#2843,#2944,#3446,.T.);
#2171=EDGE_CURVE('',#2699,#2842,#3447,.T.);
#2172=EDGE_CURVE('',#2928,#2945,#3448,.T.);
#2173=EDGE_CURVE('',#2945,#2946,#3449,.T.);
#2174=EDGE_CURVE('',#2879,#2946,#3450,.T.);
#2175=EDGE_CURVE('',#2884,#2947,#3451,.T.);
#2176=EDGE_CURVE('',#2947,#2711,#3452,.T.);
#2177=EDGE_CURVE('',#2885,#2712,#3453,.T.);
#2178=EDGE_CURVE('',#2710,#2847,#3454,.T.);
#2179=EDGE_CURVE('',#2846,#2948,#3455,.T.);
#2180=EDGE_CURVE('',#2948,#2949,#3456,.T.);
#2181=EDGE_CURVE('',#2854,#2949,#3457,.T.);
#2182=EDGE_CURVE('',#2865,#2950,#3458,.T.);
#2183=EDGE_CURVE('',#2950,#2951,#3459,.T.);
#2184=EDGE_CURVE('',#2952,#2951,#3460,.T.);
#2185=EDGE_CURVE('',#2952,#2953,#3461,.T.);
#2186=EDGE_CURVE('',#2953,#2906,#166,.T.);
#2187=EDGE_CURVE('',#2905,#2954,#167,.T.);
#2188=EDGE_CURVE('',#2954,#2955,#3462,.T.);
#2189=EDGE_CURVE('',#2956,#2955,#168,.T.);
#2190=EDGE_CURVE('',#2956,#2957,#3463,.T.);
#2191=EDGE_CURVE('',#2957,#2742,#3464,.T.);
#2192=EDGE_CURVE('',#2921,#2741,#3465,.T.);
#2193=EDGE_CURVE('',#2920,#2958,#3466,.T.);
#2194=EDGE_CURVE('',#2959,#2958,#3467,.T.);
#2195=EDGE_CURVE('',#2959,#2833,#3468,.T.);
#2196=EDGE_CURVE('',#2832,#2960,#3469,.T.);
#2197=EDGE_CURVE('',#2960,#2961,#3470,.T.);
#2198=EDGE_CURVE('',#2961,#2828,#3471,.T.);
#2199=EDGE_CURVE('',#2886,#2827,#3472,.T.);
#2200=EDGE_CURVE('',#2708,#2714,#3473,.T.);
#2201=EDGE_CURVE('',#2962,#2963,#3474,.T.);
#2202=EDGE_CURVE('',#2964,#2962,#3475,.T.);
#2203=EDGE_CURVE('',#2927,#2964,#3476,.T.);
#2204=EDGE_CURVE('',#2705,#2963,#3477,.T.);
#2205=EDGE_CURVE('',#2965,#2853,#3478,.T.);
#2206=EDGE_CURVE('',#2700,#2965,#3479,.T.);
#2207=EDGE_CURVE('',#2966,#2709,#3480,.T.);
#2208=EDGE_CURVE('',#2966,#2848,#3481,.T.);
#2209=EDGE_CURVE('',#2912,#2967,#3482,.T.);
#2210=EDGE_CURVE('',#2968,#2911,#3483,.T.);
#2211=EDGE_CURVE('',#2967,#2968,#3484,.T.);
#2212=EDGE_CURVE('',#2967,#2939,#3485,.T.);
#2213=EDGE_CURVE('',#2940,#2968,#3486,.T.);
#2214=EDGE_CURVE('',#2969,#2786,#169,.T.);
#2215=EDGE_CURVE('',#2791,#2969,#3487,.T.);
#2216=EDGE_CURVE('',#2791,#2970,#3488,.T.);
#2217=EDGE_CURVE('',#2970,#2971,#3489,.T.);
#2218=EDGE_CURVE('',#2786,#2971,#3490,.T.);
#2219=EDGE_CURVE('',#2790,#2972,#3491,.T.);
#2220=EDGE_CURVE('',#2789,#2908,#3492,.T.);
#2221=EDGE_CURVE('',#2972,#2907,#170,.T.);
#2222=EDGE_CURVE('',#2775,#2973,#171,.T.);
#2223=EDGE_CURVE('',#2938,#2973,#3493,.T.);
#2224=EDGE_CURVE('',#2937,#2974,#3494,.T.);
#2225=EDGE_CURVE('',#2775,#2974,#3495,.T.);
#2226=EDGE_CURVE('',#2900,#2975,#172,.F.);
#2227=EDGE_CURVE('',#2975,#2976,#3496,.T.);
#2228=EDGE_CURVE('',#2924,#2976,#173,.F.);
#2229=EDGE_CURVE('',#2812,#2901,#3497,.T.);
#2230=EDGE_CURVE('',#2797,#2977,#174,.T.);
#2231=EDGE_CURVE('',#2957,#2977,#3498,.T.);
#2232=EDGE_CURVE('',#2956,#2797,#3499,.T.);
#2233=EDGE_CURVE('',#2978,#2840,#3500,.T.);
#2234=EDGE_CURVE('',#2978,#2979,#3501,.T.);
#2235=EDGE_CURVE('',#2979,#2864,#3502,.T.);
#2236=EDGE_CURVE('',#2788,#2892,#3503,.T.);
#2237=EDGE_CURVE('',#2840,#2787,#3504,.T.);
#2238=EDGE_CURVE('',#2861,#2980,#3505,.T.);
#2239=EDGE_CURVE('',#2981,#2980,#3506,.T.);
#2240=EDGE_CURVE('',#2837,#2981,#3507,.T.);
#2241=EDGE_CURVE('',#2778,#2837,#3508,.T.);
#2242=EDGE_CURVE('',#2895,#2777,#3509,.T.);
#2243=EDGE_CURVE('',#2894,#2862,#3510,.T.);
#2244=EDGE_CURVE('',#2982,#2983,#175,.T.);
#2245=EDGE_CURVE('',#2932,#2983,#3511,.T.);
#2246=EDGE_CURVE('',#2931,#2984,#3512,.T.);
#2247=EDGE_CURVE('',#2985,#2984,#3513,.T.);
#2248=EDGE_CURVE('',#2809,#2985,#3514,.T.);
#2249=EDGE_CURVE('',#2986,#2809,#176,.T.);
#2250=EDGE_CURVE('',#2982,#2986,#3515,.T.);
#2251=EDGE_CURVE('',#2880,#2852,#3516,.T.);
#2252=EDGE_CURVE('',#2962,#2946,#3517,.T.);
#2253=EDGE_CURVE('',#2965,#2963,#3518,.T.);
#2254=EDGE_CURVE('',#2881,#2851,#3519,.T.);
#2255=EDGE_CURVE('',#2987,#2987,#177,.T.);
#2256=EDGE_CURVE('',#2988,#2988,#178,.T.);
#2257=EDGE_CURVE('',#2989,#2989,#179,.F.);
#2258=EDGE_CURVE('',#2990,#2990,#180,.F.);
#2259=EDGE_CURVE('',#2991,#2992,#3520,.T.);
#2260=EDGE_CURVE('',#2992,#2993,#181,.T.);
#2261=EDGE_CURVE('',#2993,#2994,#3521,.T.);
#2262=EDGE_CURVE('',#2994,#2995,#182,.T.);
#2263=EDGE_CURVE('',#2995,#2996,#3522,.T.);
#2264=EDGE_CURVE('',#2996,#2997,#183,.T.);
#2265=EDGE_CURVE('',#2997,#2998,#3523,.T.);
#2266=EDGE_CURVE('',#2998,#2991,#184,.T.);
#2267=EDGE_CURVE('',#2999,#3000,#3524,.T.);
#2268=EDGE_CURVE('',#3000,#3001,#185,.T.);
#2269=EDGE_CURVE('',#3001,#3002,#3525,.T.);
#2270=EDGE_CURVE('',#3002,#3003,#186,.T.);
#2271=EDGE_CURVE('',#3003,#3004,#3526,.T.);
#2272=EDGE_CURVE('',#3004,#3005,#187,.T.);
#2273=EDGE_CURVE('',#3005,#3006,#3527,.T.);
#2274=EDGE_CURVE('',#3006,#2999,#188,.T.);
#2275=EDGE_CURVE('',#3007,#3008,#3528,.T.);
#2276=EDGE_CURVE('',#3008,#3009,#189,.T.);
#2277=EDGE_CURVE('',#3009,#3010,#3529,.T.);
#2278=EDGE_CURVE('',#3010,#3011,#190,.T.);
#2279=EDGE_CURVE('',#3011,#3012,#3530,.T.);
#2280=EDGE_CURVE('',#3012,#3013,#191,.T.);
#2281=EDGE_CURVE('',#3013,#3014,#3531,.T.);
#2282=EDGE_CURVE('',#3014,#3007,#192,.T.);
#2283=EDGE_CURVE('',#3015,#3016,#3532,.T.);
#2284=EDGE_CURVE('',#3016,#3017,#193,.T.);
#2285=EDGE_CURVE('',#3017,#3018,#3533,.T.);
#2286=EDGE_CURVE('',#3018,#3019,#194,.T.);
#2287=EDGE_CURVE('',#3019,#3020,#3534,.T.);
#2288=EDGE_CURVE('',#3020,#3021,#195,.T.);
#2289=EDGE_CURVE('',#3021,#3022,#3535,.T.);
#2290=EDGE_CURVE('',#3022,#3015,#196,.T.);
#2291=EDGE_CURVE('',#2882,#2850,#3536,.T.);
#2292=EDGE_CURVE('',#2883,#2849,#3537,.T.);
#2293=EDGE_CURVE('',#2947,#2966,#3538,.T.);
#2294=EDGE_CURVE('',#3023,#3024,#3539,.T.);
#2295=EDGE_CURVE('',#2952,#3023,#3540,.T.);
#2296=EDGE_CURVE('',#3024,#2951,#3541,.T.);
#2297=EDGE_CURVE('',#3025,#2958,#3542,.T.);
#2298=EDGE_CURVE('',#3026,#3025,#3543,.T.);
#2299=EDGE_CURVE('',#2959,#3026,#3544,.T.);
#2300=EDGE_CURVE('',#2970,#3023,#3545,.T.);
#2301=EDGE_CURVE('',#2971,#3024,#3546,.T.);
#2302=EDGE_CURVE('',#2919,#3025,#3547,.T.);
#2303=EDGE_CURVE('',#3026,#2918,#3548,.T.);
#2304=EDGE_CURVE('',#3027,#2984,#3549,.T.);
#2305=EDGE_CURVE('',#3028,#3027,#3550,.T.);
#2306=EDGE_CURVE('',#2985,#3028,#3551,.T.);
#2307=EDGE_CURVE('',#2930,#3027,#3552,.T.);
#2308=EDGE_CURVE('',#3028,#2929,#3553,.T.);
#2309=EDGE_CURVE('',#2836,#2941,#3554,.T.);
#2310=EDGE_CURVE('',#2950,#2841,#3555,.T.);
#2311=EDGE_CURVE('',#3029,#2893,#197,.T.);
#2312=EDGE_CURVE('',#3029,#2942,#3556,.T.);
#2313=EDGE_CURVE('',#2870,#2960,#3557,.T.);
#2314=EDGE_CURVE('',#2961,#3030,#3558,.T.);
#2315=EDGE_CURVE('',#2902,#3030,#198,.T.);
#2316=EDGE_CURVE('',#2817,#2875,#3559,.T.);
#2317=EDGE_CURVE('',#2814,#2867,#3560,.T.);
#2318=EDGE_CURVE('',#3031,#2974,#199,.F.);
#2319=EDGE_CURVE('',#3031,#3032,#3561,.T.);
#2320=EDGE_CURVE('',#3032,#2897,#200,.F.);
#2321=EDGE_CURVE('',#2776,#2896,#3562,.T.);
#2322=EDGE_CURVE('',#2904,#3033,#201,.T.);
#2323=EDGE_CURVE('',#2799,#2903,#3563,.T.);
#2324=EDGE_CURVE('',#2798,#3034,#202,.T.);
#2325=EDGE_CURVE('',#3033,#3034,#3564,.T.);
#2326=EDGE_CURVE('',#2936,#3031,#3565,.T.);
#2327=EDGE_CURVE('',#2935,#3032,#3566,.T.);
#2328=EDGE_CURVE('',#2934,#2975,#3567,.T.);
#2329=EDGE_CURVE('',#2933,#2976,#3568,.T.);
#2330=EDGE_CURVE('',#2953,#2972,#3569,.T.);
#2331=EDGE_CURVE('',#2954,#3033,#3570,.T.);
#2332=EDGE_CURVE('',#2955,#3034,#3571,.T.);
#2333=EDGE_CURVE('',#2713,#2707,#3572,.T.);
#2334=EDGE_CURVE('',#2716,#2964,#203,.T.);
#2335=EDGE_CURVE('',#2717,#2945,#204,.T.);
#2336=EDGE_CURVE('',#3035,#3016,#3573,.T.);
#2337=EDGE_CURVE('',#3035,#3036,#205,.T.);
#2338=EDGE_CURVE('',#3036,#3017,#3574,.T.);
#2339=EDGE_CURVE('',#3036,#3037,#3575,.T.);
#2340=EDGE_CURVE('',#3037,#3018,#3576,.T.);
#2341=EDGE_CURVE('',#3037,#3038,#206,.T.);
#2342=EDGE_CURVE('',#3038,#3019,#3577,.T.);
#2343=EDGE_CURVE('',#3038,#3039,#3578,.T.);
#2344=EDGE_CURVE('',#3039,#3020,#3579,.T.);
#2345=EDGE_CURVE('',#3039,#3040,#207,.T.);
#2346=EDGE_CURVE('',#3040,#3021,#3580,.T.);
#2347=EDGE_CURVE('',#3040,#3041,#3581,.T.);
#2348=EDGE_CURVE('',#3041,#3022,#3582,.T.);
#2349=EDGE_CURVE('',#3041,#3042,#208,.T.);
#2350=EDGE_CURVE('',#3042,#3015,#3583,.T.);
#2351=EDGE_CURVE('',#3042,#3035,#3584,.T.);
#2352=EDGE_CURVE('',#3043,#3008,#3585,.T.);
#2353=EDGE_CURVE('',#3043,#3044,#209,.T.);
#2354=EDGE_CURVE('',#3044,#3009,#3586,.T.);
#2355=EDGE_CURVE('',#3044,#3045,#3587,.T.);
#2356=EDGE_CURVE('',#3045,#3010,#3588,.T.);
#2357=EDGE_CURVE('',#3045,#3046,#210,.T.);
#2358=EDGE_CURVE('',#3046,#3011,#3589,.T.);
#2359=EDGE_CURVE('',#3046,#3047,#3590,.T.);
#2360=EDGE_CURVE('',#3047,#3012,#3591,.T.);
#2361=EDGE_CURVE('',#3047,#3048,#211,.T.);
#2362=EDGE_CURVE('',#3048,#3013,#3592,.T.);
#2363=EDGE_CURVE('',#3048,#3049,#3593,.T.);
#2364=EDGE_CURVE('',#3049,#3014,#3594,.T.);
#2365=EDGE_CURVE('',#3049,#3050,#212,.T.);
#2366=EDGE_CURVE('',#3050,#3007,#3595,.T.);
#2367=EDGE_CURVE('',#3050,#3043,#3596,.T.);
#2368=EDGE_CURVE('',#3051,#3000,#3597,.T.);
#2369=EDGE_CURVE('',#3051,#3052,#213,.T.);
#2370=EDGE_CURVE('',#3052,#3001,#3598,.T.);
#2371=EDGE_CURVE('',#3052,#3053,#3599,.T.);
#2372=EDGE_CURVE('',#3053,#3002,#3600,.T.);
#2373=EDGE_CURVE('',#3053,#3054,#214,.T.);
#2374=EDGE_CURVE('',#3054,#3003,#3601,.T.);
#2375=EDGE_CURVE('',#3054,#3055,#3602,.T.);
#2376=EDGE_CURVE('',#3055,#3004,#3603,.T.);
#2377=EDGE_CURVE('',#3055,#3056,#215,.T.);
#2378=EDGE_CURVE('',#3056,#3005,#3604,.T.);
#2379=EDGE_CURVE('',#3056,#3057,#3605,.T.);
#2380=EDGE_CURVE('',#3057,#3006,#3606,.T.);
#2381=EDGE_CURVE('',#3057,#3058,#216,.T.);
#2382=EDGE_CURVE('',#3058,#2999,#3607,.T.);
#2383=EDGE_CURVE('',#3058,#3051,#3608,.T.);
#2384=EDGE_CURVE('',#3059,#2992,#3609,.T.);
#2385=EDGE_CURVE('',#3059,#3060,#217,.T.);
#2386=EDGE_CURVE('',#3060,#2993,#3610,.T.);
#2387=EDGE_CURVE('',#3060,#3061,#3611,.T.);
#2388=EDGE_CURVE('',#3061,#2994,#3612,.T.);
#2389=EDGE_CURVE('',#3061,#3062,#218,.T.);
#2390=EDGE_CURVE('',#3062,#2995,#3613,.T.);
#2391=EDGE_CURVE('',#3062,#3063,#3614,.T.);
#2392=EDGE_CURVE('',#3063,#2996,#3615,.T.);
#2393=EDGE_CURVE('',#3063,#3064,#219,.T.);
#2394=EDGE_CURVE('',#3064,#2997,#3616,.T.);
#2395=EDGE_CURVE('',#3064,#3065,#3617,.T.);
#2396=EDGE_CURVE('',#3065,#2998,#3618,.T.);
#2397=EDGE_CURVE('',#3065,#3066,#220,.T.);
#2398=EDGE_CURVE('',#3066,#2991,#3619,.T.);
#2399=EDGE_CURVE('',#3066,#3059,#3620,.T.);
#2400=EDGE_CURVE('',#3067,#3067,#221,.T.);
#2401=EDGE_CURVE('',#3068,#3068,#222,.T.);
#2402=EDGE_CURVE('',#3069,#3069,#223,.T.);
#2403=EDGE_CURVE('',#3070,#3070,#224,.T.);
#2404=EDGE_CURVE('',#3071,#3071,#225,.T.);
#2405=EDGE_CURVE('',#3072,#3072,#226,.T.);
#2406=EDGE_CURVE('',#2834,#2839,#3621,.T.);
#2407=EDGE_CURVE('',#2979,#3073,#227,.T.);
#2408=EDGE_CURVE('',#2949,#3073,#3622,.T.);
#2409=EDGE_CURVE('',#3074,#2948,#228,.T.);
#2410=EDGE_CURVE('',#3075,#3074,#3623,.T.);
#2411=EDGE_CURVE('',#2944,#3075,#229,.T.);
#2412=EDGE_CURVE('',#3076,#2943,#3624,.T.);
#2413=EDGE_CURVE('',#3076,#2980,#230,.T.);
#2414=EDGE_CURVE('',#2780,#2751,#3625,.T.);
#2415=EDGE_CURVE('',#2751,#2835,#23,.T.);
#2416=EDGE_CURVE('',#2909,#2752,#3626,.T.);
#2417=EDGE_CURVE('',#2910,#2753,#3627,.T.);
#2418=EDGE_CURVE('',#2915,#2754,#3628,.T.);
#2419=EDGE_CURVE('',#2973,#2728,#3629,.T.);
#2420=EDGE_CURVE('',#2762,#2757,#3630,.T.);
#2421=EDGE_CURVE('',#2761,#3077,#231,.T.);
#2422=EDGE_CURVE('',#3077,#3078,#3631,.T.);
#2423=EDGE_CURVE('',#3078,#2763,#232,.T.);
#2424=EDGE_CURVE('',#2923,#2730,#3632,.T.);
#2425=EDGE_CURVE('',#2983,#2733,#3633,.T.);
#2426=EDGE_CURVE('',#2982,#2734,#3634,.T.);
#2427=EDGE_CURVE('',#2986,#2735,#3635,.T.);
#2428=EDGE_CURVE('',#2808,#2736,#3636,.T.);
#2429=EDGE_CURVE('',#2807,#3079,#3637,.T.);
#2430=EDGE_CURVE('',#3079,#2736,#24,.T.);
#2431=EDGE_CURVE('',#3079,#2816,#233,.F.);
#2432=EDGE_CURVE('',#2806,#2875,#3638,.T.);
#2433=EDGE_CURVE('',#2815,#3080,#234,.F.);
#2434=EDGE_CURVE('',#2867,#2805,#3639,.T.);
#2435=EDGE_CURVE('',#2804,#3080,#3640,.T.);
#2436=EDGE_CURVE('',#2803,#2737,#3641,.T.);
#2437=EDGE_CURVE('',#2737,#3080,#25,.T.);
#2438=EDGE_CURVE('',#2916,#2738,#3642,.T.);
#2439=EDGE_CURVE('',#2917,#2739,#3643,.T.);
#2440=EDGE_CURVE('',#2922,#2740,#3644,.T.);
#2441=EDGE_CURVE('',#2977,#2743,#3645,.T.);
#2442=EDGE_CURVE('',#2796,#2744,#3646,.T.);
#2443=EDGE_CURVE('',#2795,#2745,#3647,.T.);
#2444=EDGE_CURVE('',#2794,#2746,#3648,.T.);
#2445=EDGE_CURVE('',#3081,#2747,#235,.T.);
#2446=EDGE_CURVE('',#3082,#3081,#3649,.T.);
#2447=EDGE_CURVE('',#3082,#2793,#236,.T.);
#2448=EDGE_CURVE('',#2792,#2748,#3650,.T.);
#2449=EDGE_CURVE('',#2969,#2749,#3651,.T.);
#2450=EDGE_CURVE('',#2785,#2750,#3652,.T.);
#2451=EDGE_CURVE('',#2838,#2750,#26,.T.);
#2452=EDGE_CURVE('',#2768,#2720,#3653,.T.);
#2453=EDGE_CURVE('',#2767,#2719,#3654,.T.);
#2454=EDGE_CURVE('',#2774,#2721,#3655,.T.);
#2455=EDGE_CURVE('',#2773,#2722,#3656,.T.);
#2456=EDGE_CURVE('',#2772,#2723,#3657,.T.);
#2457=EDGE_CURVE('',#2771,#2724,#3658,.T.);
#2458=EDGE_CURVE('',#2770,#2725,#3659,.T.);
#2459=EDGE_CURVE('',#2769,#2726,#3660,.T.);
#2460=EDGE_CURVE('',#2866,#2902,#237,.T.);
#2461=EDGE_CURVE('',#2890,#2871,#238,.T.);
#2462=EDGE_CURVE('',#2877,#2825,#3661,.T.);
#2463=EDGE_CURVE('',#2887,#2826,#3662,.T.);
#2464=EDGE_CURVE('',#3030,#2829,#3663,.T.);
#2465=EDGE_CURVE('',#2888,#2822,#3664,.T.);
#2466=EDGE_CURVE('',#2978,#2857,#239,.T.);
#2467=EDGE_CURVE('',#2893,#2981,#240,.T.);
#2468=EDGE_CURVE('',#2844,#3075,#3665,.T.);
#2469=EDGE_CURVE('',#2845,#3074,#3666,.T.);
#2470=EDGE_CURVE('',#2856,#3073,#3667,.T.);
#2471=EDGE_CURVE('',#3029,#3076,#3668,.T.);
#2472=EDGE_CURVE('',#3083,#2764,#241,.T.);
#2473=EDGE_CURVE('',#3084,#3083,#3669,.T.);
#2474=EDGE_CURVE('',#2760,#3084,#242,.T.);
#2475=EDGE_CURVE('',#3084,#3077,#3670,.T.);
#2476=EDGE_CURVE('',#3083,#3078,#3671,.T.);
#2477=EDGE_CURVE('',#3085,#2794,#243,.T.);
#2478=EDGE_CURVE('',#3082,#3085,#3672,.T.);
#2479=EDGE_CURVE('',#3086,#2746,#244,.T.);
#2480=EDGE_CURVE('',#3081,#3086,#3673,.T.);
#2481=EDGE_CURVE('',#3085,#3087,#3674,.T.);
#2482=EDGE_CURVE('',#3087,#3088,#3675,.T.);
#2483=EDGE_CURVE('',#3086,#3088,#3676,.T.);
#2484=EDGE_CURVE('',#3089,#3090,#3677,.T.);
#2485=EDGE_CURVE('',#3091,#3089,#3678,.T.);
#2486=EDGE_CURVE('',#3091,#3092,#3679,.T.);
#2487=EDGE_CURVE('',#3093,#3092,#245,.T.);
#2488=EDGE_CURVE('',#3093,#3094,#3680,.T.);
#2489=EDGE_CURVE('',#3094,#3095,#246,.T.);
#2490=EDGE_CURVE('',#3095,#3096,#3681,.T.);
#2491=EDGE_CURVE('',#3096,#3097,#3682,.T.);
#2492=EDGE_CURVE('',#3097,#3098,#3683,.T.);
#2493=EDGE_CURVE('',#3099,#3098,#247,.T.);
#2494=EDGE_CURVE('',#3099,#3100,#3684,.T.);
#2495=EDGE_CURVE('',#3100,#3090,#248,.T.);
#2496=EDGE_CURVE('',#3101,#3102,#3685,.T.);
#2497=EDGE_CURVE('',#3103,#3101,#249,.T.);
#2498=EDGE_CURVE('',#3104,#3103,#3686,.T.);
#2499=EDGE_CURVE('',#3104,#3105,#250,.T.);
#2500=EDGE_CURVE('',#3106,#3105,#3687,.T.);
#2501=EDGE_CURVE('',#3107,#3106,#3688,.T.);
#2502=EDGE_CURVE('',#3108,#3107,#3689,.T.);
#2503=EDGE_CURVE('',#3109,#3108,#251,.T.);
#2504=EDGE_CURVE('',#3110,#3109,#3690,.T.);
#2505=EDGE_CURVE('',#3110,#3111,#252,.T.);
#2506=EDGE_CURVE('',#3111,#3112,#3691,.T.);
#2507=EDGE_CURVE('',#3112,#3102,#3692,.T.);
#2508=EDGE_CURVE('',#3102,#3113,#253,.T.);
#2509=EDGE_CURVE('',#3112,#3114,#254,.T.);
#2510=EDGE_CURVE('',#3114,#3113,#3693,.T.);
#2511=EDGE_CURVE('',#3113,#3081,#3694,.T.);
#2512=EDGE_CURVE('',#3114,#3082,#3695,.T.);
#2513=EDGE_CURVE('',#3089,#3088,#255,.T.);
#2514=EDGE_CURVE('',#3091,#3087,#256,.T.);
#2515=EDGE_CURVE('',#3111,#3092,#3696,.T.);
#2516=EDGE_CURVE('',#3101,#3090,#3697,.T.);
#2517=EDGE_CURVE('',#3110,#3093,#3698,.T.);
#2518=EDGE_CURVE('',#3109,#3094,#3699,.T.);
#2519=EDGE_CURVE('',#3108,#3095,#3700,.T.);
#2520=EDGE_CURVE('',#3107,#3096,#3701,.T.);
#2521=EDGE_CURVE('',#3106,#3097,#3702,.T.);
#2522=EDGE_CURVE('',#3105,#3098,#3703,.T.);
#2523=EDGE_CURVE('',#3104,#3099,#3704,.T.);
#2524=EDGE_CURVE('',#3103,#3100,#3705,.T.);
#2525=EDGE_CURVE('',#2946,#3115,#257,.T.);
#2526=EDGE_CURVE('',#3116,#3115,#3706,.T.);
#2527=EDGE_CURVE('',#2962,#3116,#258,.T.);
#2528=EDGE_CURVE('',#3117,#3115,#3707,.T.);
#2529=EDGE_CURVE('',#3118,#3117,#3708,.T.);
#2530=EDGE_CURVE('',#3118,#3116,#3709,.T.);
#2531=EDGE_CURVE('',#3117,#3119,#259,.T.);
#2532=EDGE_CURVE('',#3120,#3119,#3710,.T.);
#2533=EDGE_CURVE('',#3118,#3120,#260,.T.);
#2534=EDGE_CURVE('',#3121,#3119,#3711,.T.);
#2535=EDGE_CURVE('',#3122,#3121,#3712,.T.);
#2536=EDGE_CURVE('',#3122,#3120,#3713,.T.);
#2537=EDGE_CURVE('',#3123,#3121,#3714,.T.);
#2538=EDGE_CURVE('',#3124,#3123,#3715,.T.);
#2539=EDGE_CURVE('',#3124,#3122,#3716,.T.);
#2540=EDGE_CURVE('',#3125,#3123,#3717,.T.);
#2541=EDGE_CURVE('',#3126,#3125,#3718,.T.);
#2542=EDGE_CURVE('',#3126,#3124,#3719,.T.);
#2543=EDGE_CURVE('',#3127,#3125,#261,.T.);
#2544=EDGE_CURVE('',#3128,#3127,#3720,.T.);
#2545=EDGE_CURVE('',#3128,#3126,#262,.T.);
#2546=EDGE_CURVE('',#3129,#3127,#3721,.T.);
#2547=EDGE_CURVE('',#3130,#3129,#3722,.T.);
#2548=EDGE_CURVE('',#3130,#3128,#3723,.T.);
#2549=EDGE_CURVE('',#2964,#3130,#263,.T.);
#2550=EDGE_CURVE('',#2945,#3129,#264,.T.);
#2551=EDGE_CURVE('',#3131,#2709,#265,.T.);
#2552=EDGE_CURVE('',#3132,#2711,#266,.T.);
#2553=EDGE_CURVE('',#3132,#3131,#3724,.T.);
#2554=EDGE_CURVE('',#3133,#3131,#3725,.T.);
#2555=EDGE_CURVE('',#3134,#3132,#3726,.T.);
#2556=EDGE_CURVE('',#3134,#3133,#3727,.T.);
#2557=EDGE_CURVE('',#3135,#3133,#267,.T.);
#2558=EDGE_CURVE('',#3136,#3134,#268,.T.);
#2559=EDGE_CURVE('',#3136,#3135,#3728,.T.);
#2560=EDGE_CURVE('',#3137,#3135,#3729,.T.);
#2561=EDGE_CURVE('',#3138,#3136,#3730,.T.);
#2562=EDGE_CURVE('',#3138,#3137,#3731,.T.);
#2563=EDGE_CURVE('',#3139,#3137,#3732,.T.);
#2564=EDGE_CURVE('',#3140,#3138,#3733,.T.);
#2565=EDGE_CURVE('',#3140,#3139,#3734,.T.);
#2566=EDGE_CURVE('',#3141,#3139,#3735,.T.);
#2567=EDGE_CURVE('',#3142,#3140,#3736,.T.);
#2568=EDGE_CURVE('',#3142,#3141,#3737,.T.);
#2569=EDGE_CURVE('',#3141,#3143,#269,.T.);
#2570=EDGE_CURVE('',#3142,#3144,#270,.T.);
#2571=EDGE_CURVE('',#3144,#3143,#3738,.T.);
#2572=EDGE_CURVE('',#3145,#3143,#3739,.T.);
#2573=EDGE_CURVE('',#3146,#3144,#3740,.T.);
#2574=EDGE_CURVE('',#3146,#3145,#3741,.T.);
#2575=EDGE_CURVE('',#3145,#2966,#271,.T.);
#2576=EDGE_CURVE('',#3146,#2947,#272,.T.);
#2577=EDGE_CURVE('',#2705,#3147,#273,.T.);
#2578=EDGE_CURVE('',#3147,#3148,#3742,.T.);
#2579=EDGE_CURVE('',#3148,#3149,#274,.T.);
#2580=EDGE_CURVE('',#3149,#3150,#3743,.T.);
#2581=EDGE_CURVE('',#3150,#3151,#3744,.T.);
#2582=EDGE_CURVE('',#3151,#3152,#3745,.T.);
#2583=EDGE_CURVE('',#3153,#3152,#275,.T.);
#2584=EDGE_CURVE('',#3153,#3154,#3746,.T.);
#2585=EDGE_CURVE('',#2963,#3154,#276,.T.);
#2586=EDGE_CURVE('',#2700,#3155,#277,.T.);
#2587=EDGE_CURVE('',#2965,#3156,#278,.T.);
#2588=EDGE_CURVE('',#3157,#3156,#3747,.T.);
#2589=EDGE_CURVE('',#3157,#3158,#279,.T.);
#2590=EDGE_CURVE('',#3159,#3158,#3748,.T.);
#2591=EDGE_CURVE('',#3160,#3159,#3749,.T.);
#2592=EDGE_CURVE('',#3161,#3160,#3750,.T.);
#2593=EDGE_CURVE('',#3162,#3161,#280,.T.);
#2594=EDGE_CURVE('',#3155,#3162,#3751,.T.);
#2595=EDGE_CURVE('',#3147,#3155,#3752,.T.);
#2596=EDGE_CURVE('',#3148,#3162,#3753,.T.);
#2597=EDGE_CURVE('',#3149,#3161,#3754,.T.);
#2598=EDGE_CURVE('',#3150,#3160,#3755,.T.);
#2599=EDGE_CURVE('',#3151,#3159,#3756,.T.);
#2600=EDGE_CURVE('',#3152,#3158,#3757,.T.);
#2601=EDGE_CURVE('',#3153,#3157,#3758,.T.);
#2602=EDGE_CURVE('',#3154,#3156,#3759,.T.);
#2603=EDGE_CURVE('',#3163,#3164,#3760,.T.);
#2604=EDGE_CURVE('',#3165,#3163,#3761,.T.);
#2605=EDGE_CURVE('',#3166,#3165,#3762,.T.);
#2606=EDGE_CURVE('',#3164,#3166,#3763,.T.);
#2607=EDGE_CURVE('',#3167,#3168,#3764,.T.);
#2608=EDGE_CURVE('',#3167,#3169,#3765,.T.);
#2609=EDGE_CURVE('',#3169,#3170,#3766,.T.);
#2610=EDGE_CURVE('',#3170,#3171,#3767,.T.);
#2611=EDGE_CURVE('',#3171,#3172,#3768,.T.);
#2612=EDGE_CURVE('',#3172,#3173,#3769,.T.);
#2613=EDGE_CURVE('',#3174,#3173,#3770,.T.);
#2614=EDGE_CURVE('',#3174,#3175,#3771,.T.);
#2615=EDGE_CURVE('',#3175,#3176,#3772,.T.);
#2616=EDGE_CURVE('',#3176,#3177,#3773,.T.);
#2617=EDGE_CURVE('',#3178,#3177,#3774,.T.);
#2618=EDGE_CURVE('',#3178,#3179,#3775,.T.);
#2619=EDGE_CURVE('',#3179,#3180,#3776,.T.);
#2620=EDGE_CURVE('',#3180,#3181,#3777,.T.);
#2621=EDGE_CURVE('',#3182,#3181,#3778,.T.);
#2622=EDGE_CURVE('',#3182,#3183,#3779,.T.);
#2623=EDGE_CURVE('',#3183,#3184,#3780,.T.);
#2624=EDGE_CURVE('',#3184,#3185,#3781,.T.);
#2625=EDGE_CURVE('',#3185,#3186,#3782,.T.);
#2626=EDGE_CURVE('',#3186,#3168,#3783,.T.);
#2627=EDGE_CURVE('',#3187,#3188,#3784,.T.);
#2628=EDGE_CURVE('',#3189,#3187,#3785,.T.);
#2629=EDGE_CURVE('',#3190,#3189,#3786,.T.);
#2630=EDGE_CURVE('',#3188,#3190,#3787,.T.);
#2631=EDGE_CURVE('',#3191,#3183,#3788,.T.);
#2632=EDGE_CURVE('',#3191,#3192,#3789,.T.);
#2633=EDGE_CURVE('',#3192,#3184,#3790,.T.);
#2634=EDGE_CURVE('',#3192,#3193,#3791,.T.);
#2635=EDGE_CURVE('',#3193,#3185,#3792,.T.);
#2636=EDGE_CURVE('',#3193,#3194,#3793,.T.);
#2637=EDGE_CURVE('',#3194,#3186,#3794,.T.);
#2638=EDGE_CURVE('',#3168,#3195,#3795,.T.);
#2639=EDGE_CURVE('',#3194,#3196,#3796,.T.);
#2640=EDGE_CURVE('',#3196,#3195,#3797,.T.);
#2641=EDGE_CURVE('',#3197,#3195,#3798,.T.);
#2642=EDGE_CURVE('',#3196,#3198,#3799,.T.);
#2643=EDGE_CURVE('',#3198,#3197,#3800,.T.);
#2644=EDGE_CURVE('',#3197,#3167,#3801,.T.);
#2645=EDGE_CURVE('',#3198,#3199,#3802,.T.);
#2646=EDGE_CURVE('',#3199,#3169,#3803,.T.);
#2647=EDGE_CURVE('',#3199,#3200,#3804,.T.);
#2648=EDGE_CURVE('',#3200,#3170,#3805,.T.);
#2649=EDGE_CURVE('',#3200,#3201,#3806,.T.);
#2650=EDGE_CURVE('',#3201,#3171,#3807,.T.);
#2651=EDGE_CURVE('',#3201,#3202,#3808,.T.);
#2652=EDGE_CURVE('',#3202,#3172,#3809,.T.);
#2653=EDGE_CURVE('',#3173,#3203,#3810,.T.);
#2654=EDGE_CURVE('',#3202,#3204,#3811,.T.);
#2655=EDGE_CURVE('',#3204,#3203,#3812,.T.);
#2656=EDGE_CURVE('',#3203,#3205,#3813,.T.);
#2657=EDGE_CURVE('',#3204,#3206,#3814,.T.);
#2658=EDGE_CURVE('',#3206,#3205,#3815,.T.);
#2659=EDGE_CURVE('',#3205,#3174,#3816,.T.);
#2660=EDGE_CURVE('',#3206,#3207,#3817,.T.);
#2661=EDGE_CURVE('',#3207,#3175,#3818,.T.);
#2662=EDGE_CURVE('',#3207,#3208,#3819,.T.);
#2663=EDGE_CURVE('',#3208,#3176,#3820,.T.);
#2664=EDGE_CURVE('',#3177,#3209,#3821,.T.);
#2665=EDGE_CURVE('',#3208,#3210,#3822,.T.);
#2666=EDGE_CURVE('',#3210,#3209,#3823,.T.);
#2667=EDGE_CURVE('',#3209,#3211,#3824,.T.);
#2668=EDGE_CURVE('',#3210,#3212,#3825,.T.);
#2669=EDGE_CURVE('',#3212,#3211,#3826,.T.);
#2670=EDGE_CURVE('',#3211,#3178,#3827,.T.);
#2671=EDGE_CURVE('',#3212,#3213,#3828,.T.);
#2672=EDGE_CURVE('',#3213,#3179,#3829,.T.);
#2673=EDGE_CURVE('',#3213,#3214,#3830,.T.);
#2674=EDGE_CURVE('',#3214,#3180,#3831,.T.);
#2675=EDGE_CURVE('',#3181,#3215,#3832,.T.);
#2676=EDGE_CURVE('',#3214,#3216,#3833,.T.);
#2677=EDGE_CURVE('',#3216,#3215,#3834,.T.);
#2678=EDGE_CURVE('',#3215,#3217,#3835,.T.);
#2679=EDGE_CURVE('',#3216,#3218,#3836,.T.);
#2680=EDGE_CURVE('',#3218,#3217,#3837,.T.);
#2681=EDGE_CURVE('',#3217,#3182,#3838,.T.);
#2682=EDGE_CURVE('',#3218,#3191,#3839,.T.);
#2683=EDGE_CURVE('',#3219,#3164,#3840,.T.);
#2684=EDGE_CURVE('',#3220,#3219,#3841,.T.);
#2685=EDGE_CURVE('',#3220,#3163,#3842,.T.);
#2686=EDGE_CURVE('',#3221,#3166,#3843,.T.);
#2687=EDGE_CURVE('',#3219,#3221,#3844,.T.);
#2688=EDGE_CURVE('',#3222,#3165,#3845,.T.);
#2689=EDGE_CURVE('',#3221,#3222,#3846,.T.);
#2690=EDGE_CURVE('',#3222,#3220,#3847,.T.);
#2691=EDGE_CURVE('',#3223,#3187,#3848,.T.);
#2692=EDGE_CURVE('',#3224,#3223,#3849,.T.);
#2693=EDGE_CURVE('',#3224,#3189,#3850,.T.);
#2694=EDGE_CURVE('',#3225,#3188,#3851,.T.);
#2695=EDGE_CURVE('',#3223,#3225,#3852,.T.);
#2696=EDGE_CURVE('',#3226,#3190,#3853,.T.);
#2697=EDGE_CURVE('',#3225,#3226,#3854,.T.);
#2698=EDGE_CURVE('',#3226,#3224,#3855,.T.);
#2699=VERTEX_POINT('',#9287);
#2700=VERTEX_POINT('',#9288);
#2701=VERTEX_POINT('',#9290);
#2702=VERTEX_POINT('',#9292);
#2703=VERTEX_POINT('',#9296);
#2704=VERTEX_POINT('',#9297);
#2705=VERTEX_POINT('',#9299);
#2706=VERTEX_POINT('',#9301);
#2707=VERTEX_POINT('',#9308);
#2708=VERTEX_POINT('',#9309);
#2709=VERTEX_POINT('',#9311);
#2710=VERTEX_POINT('',#9313);
#2711=VERTEX_POINT('',#9317);
#2712=VERTEX_POINT('',#9318);
#2713=VERTEX_POINT('',#9320);
#2714=VERTEX_POINT('',#9322);
#2715=VERTEX_POINT('',#9326);
#2716=VERTEX_POINT('',#9327);
#2717=VERTEX_POINT('',#9329);
#2718=VERTEX_POINT('',#9331);
#2719=VERTEX_POINT('',#9335);
#2720=VERTEX_POINT('',#9336);
#2721=VERTEX_POINT('',#9338);
#2722=VERTEX_POINT('',#9340);
#2723=VERTEX_POINT('',#9342);
#2724=VERTEX_POINT('',#9344);
#2725=VERTEX_POINT('',#9346);
#2726=VERTEX_POINT('',#9348);
#2727=VERTEX_POINT('',#9351);
#2728=VERTEX_POINT('',#9352);
#2729=VERTEX_POINT('',#9354);
#2730=VERTEX_POINT('',#9356);
#2731=VERTEX_POINT('',#9358);
#2732=VERTEX_POINT('',#9360);
#2733=VERTEX_POINT('',#9362);
#2734=VERTEX_POINT('',#9364);
#2735=VERTEX_POINT('',#9366);
#2736=VERTEX_POINT('',#9368);
#2737=VERTEX_POINT('',#9370);
#2738=VERTEX_POINT('',#9372);
#2739=VERTEX_POINT('',#9374);
#2740=VERTEX_POINT('',#9376);
#2741=VERTEX_POINT('',#9378);
#2742=VERTEX_POINT('',#9380);
#2743=VERTEX_POINT('',#9382);
#2744=VERTEX_POINT('',#9384);
#2745=VERTEX_POINT('',#9386);
#2746=VERTEX_POINT('',#9388);
#2747=VERTEX_POINT('',#9390);
#2748=VERTEX_POINT('',#9392);
#2749=VERTEX_POINT('',#9394);
#2750=VERTEX_POINT('',#9396);
#2751=VERTEX_POINT('',#9398);
#2752=VERTEX_POINT('',#9400);
#2753=VERTEX_POINT('',#9402);
#2754=VERTEX_POINT('',#9404);
#2755=VERTEX_POINT('',#9406);
#2756=VERTEX_POINT('',#9408);
#2757=VERTEX_POINT('',#9412);
#2758=VERTEX_POINT('',#9414);
#2759=VERTEX_POINT('',#9416);
#2760=VERTEX_POINT('',#9418);
#2761=VERTEX_POINT('',#9420);
#2762=VERTEX_POINT('',#9424);
#2763=VERTEX_POINT('',#9426);
#2764=VERTEX_POINT('',#9428);
#2765=VERTEX_POINT('',#9430);
#2766=VERTEX_POINT('',#9432);
#2767=VERTEX_POINT('',#9436);
#2768=VERTEX_POINT('',#9437);
#2769=VERTEX_POINT('',#9439);
#2770=VERTEX_POINT('',#9441);
#2771=VERTEX_POINT('',#9443);
#2772=VERTEX_POINT('',#9445);
#2773=VERTEX_POINT('',#9447);
#2774=VERTEX_POINT('',#9449);
#2775=VERTEX_POINT('',#9453);
#2776=VERTEX_POINT('',#9455);
#2777=VERTEX_POINT('',#9457);
#2778=VERTEX_POINT('',#9459);
#2779=VERTEX_POINT('',#9461);
#2780=VERTEX_POINT('',#9463);
#2781=VERTEX_POINT('',#9465);
#2782=VERTEX_POINT('',#9467);
#2783=VERTEX_POINT('',#9469);
#2784=VERTEX_POINT('',#9471);
#2785=VERTEX_POINT('',#9473);
#2786=VERTEX_POINT('',#9475);
#2787=VERTEX_POINT('',#9477);
#2788=VERTEX_POINT('',#9479);
#2789=VERTEX_POINT('',#9481);
#2790=VERTEX_POINT('',#9483);
#2791=VERTEX_POINT('',#9485);
#2792=VERTEX_POINT('',#9487);
#2793=VERTEX_POINT('',#9489);
#2794=VERTEX_POINT('',#9491);
#2795=VERTEX_POINT('',#9493);
#2796=VERTEX_POINT('',#9495);
#2797=VERTEX_POINT('',#9497);
#2798=VERTEX_POINT('',#9499);
#2799=VERTEX_POINT('',#9501);
#2800=VERTEX_POINT('',#9503);
#2801=VERTEX_POINT('',#9505);
#2802=VERTEX_POINT('',#9507);
#2803=VERTEX_POINT('',#9509);
#2804=VERTEX_POINT('',#9511);
#2805=VERTEX_POINT('',#9513);
#2806=VERTEX_POINT('',#9515);
#2807=VERTEX_POINT('',#9517);
#2808=VERTEX_POINT('',#9519);
#2809=VERTEX_POINT('',#9521);
#2810=VERTEX_POINT('',#9523);
#2811=VERTEX_POINT('',#9525);
#2812=VERTEX_POINT('',#9527);
#2813=VERTEX_POINT('',#9529);
#2814=VERTEX_POINT('',#9533);
#2815=VERTEX_POINT('',#9534);
#2816=VERTEX_POINT('',#9536);
#2817=VERTEX_POINT('',#9538);
#2818=VERTEX_POINT('',#9540);
#2819=VERTEX_POINT('',#9542);
#2820=VERTEX_POINT('',#9544);
#2821=VERTEX_POINT('',#9546);
#2822=VERTEX_POINT('',#9548);
#2823=VERTEX_POINT('',#9550);
#2824=VERTEX_POINT('',#9552);
#2825=VERTEX_POINT('',#9554);
#2826=VERTEX_POINT('',#9556);
#2827=VERTEX_POINT('',#9558);
#2828=VERTEX_POINT('',#9560);
#2829=VERTEX_POINT('',#9562);
#2830=VERTEX_POINT('',#9564);
#2831=VERTEX_POINT('',#9566);
#2832=VERTEX_POINT('',#9568);
#2833=VERTEX_POINT('',#9570);
#2834=VERTEX_POINT('',#9574);
#2835=VERTEX_POINT('',#9575);
#2836=VERTEX_POINT('',#9577);
#2837=VERTEX_POINT('',#9579);
#2838=VERTEX_POINT('',#9584);
#2839=VERTEX_POINT('',#9585);
#2840=VERTEX_POINT('',#9588);
#2841=VERTEX_POINT('',#9590);
#2842=VERTEX_POINT('',#9594);
#2843=VERTEX_POINT('',#9595);
#2844=VERTEX_POINT('',#9597);
#2845=VERTEX_POINT('',#9599);
#2846=VERTEX_POINT('',#9601);
#2847=VERTEX_POINT('',#9603);
#2848=VERTEX_POINT('',#9605);
#2849=VERTEX_POINT('',#9607);
#2850=VERTEX_POINT('',#9609);
#2851=VERTEX_POINT('',#9611);
#2852=VERTEX_POINT('',#9613);
#2853=VERTEX_POINT('',#9615);
#2854=VERTEX_POINT('',#9619);
#2855=VERTEX_POINT('',#9620);
#2856=VERTEX_POINT('',#9622);
#2857=VERTEX_POINT('',#9624);
#2858=VERTEX_POINT('',#9626);
#2859=VERTEX_POINT('',#9628);
#2860=VERTEX_POINT('',#9632);
#2861=VERTEX_POINT('',#9633);
#2862=VERTEX_POINT('',#9635);
#2863=VERTEX_POINT('',#9637);
#2864=VERTEX_POINT('',#9641);
#2865=VERTEX_POINT('',#9643);
#2866=VERTEX_POINT('',#9647);
#2867=VERTEX_POINT('',#9649);
#2868=VERTEX_POINT('',#9652);
#2869=VERTEX_POINT('',#9654);
#2870=VERTEX_POINT('',#9656);
#2871=VERTEX_POINT('',#9660);
#2872=VERTEX_POINT('',#9662);
#2873=VERTEX_POINT('',#9664);
#2874=VERTEX_POINT('',#9666);
#2875=VERTEX_POINT('',#9669);
#2876=VERTEX_POINT('',#9673);
#2877=VERTEX_POINT('',#9674);
#2878=VERTEX_POINT('',#9676);
#2879=VERTEX_POINT('',#9678);
#2880=VERTEX_POINT('',#9680);
#2881=VERTEX_POINT('',#9682);
#2882=VERTEX_POINT('',#9684);
#2883=VERTEX_POINT('',#9686);
#2884=VERTEX_POINT('',#9688);
#2885=VERTEX_POINT('',#9690);
#2886=VERTEX_POINT('',#9692);
#2887=VERTEX_POINT('',#9694);
#2888=VERTEX_POINT('',#9698);
#2889=VERTEX_POINT('',#9699);
#2890=VERTEX_POINT('',#9701);
#2891=VERTEX_POINT('',#9704);
#2892=VERTEX_POINT('',#9708);
#2893=VERTEX_POINT('',#9710);
#2894=VERTEX_POINT('',#9712);
#2895=VERTEX_POINT('',#9714);
#2896=VERTEX_POINT('',#9716);
#2897=VERTEX_POINT('',#9718);
#2898=VERTEX_POINT('',#9720);
#2899=VERTEX_POINT('',#9722);
#2900=VERTEX_POINT('',#9724);
#2901=VERTEX_POINT('',#9726);
#2902=VERTEX_POINT('',#9729);
#2903=VERTEX_POINT('',#9732);
#2904=VERTEX_POINT('',#9734);
#2905=VERTEX_POINT('',#9736);
#2906=VERTEX_POINT('',#9738);
#2907=VERTEX_POINT('',#9740);
#2908=VERTEX_POINT('',#9742);
#2909=VERTEX_POINT('',#9748);
#2910=VERTEX_POINT('',#9749);
#2911=VERTEX_POINT('',#9752);
#2912=VERTEX_POINT('',#9754);
#2913=VERTEX_POINT('',#9756);
#2914=VERTEX_POINT('',#9758);
#2915=VERTEX_POINT('',#9760);
#2916=VERTEX_POINT('',#9764);
#2917=VERTEX_POINT('',#9765);
#2918=VERTEX_POINT('',#9768);
#2919=VERTEX_POINT('',#9770);
#2920=VERTEX_POINT('',#9772);
#2921=VERTEX_POINT('',#9774);
#2922=VERTEX_POINT('',#9776);
#2923=VERTEX_POINT('',#9780);
#2924=VERTEX_POINT('',#9782);
#2925=VERTEX_POINT('',#9784);
#2926=VERTEX_POINT('',#9786);
#2927=VERTEX_POINT('',#9790);
#2928=VERTEX_POINT('',#9793);
#2929=VERTEX_POINT('',#9798);
#2930=VERTEX_POINT('',#9800);
#2931=VERTEX_POINT('',#9802);
#2932=VERTEX_POINT('',#9804);
#2933=VERTEX_POINT('',#9808);
#2934=VERTEX_POINT('',#9810);
#2935=VERTEX_POINT('',#9813);
#2936=VERTEX_POINT('',#9815);
#2937=VERTEX_POINT('',#9817);
#2938=VERTEX_POINT('',#9819);
#2939=VERTEX_POINT('',#9823);
#2940=VERTEX_POINT('',#9825);
#2941=VERTEX_POINT('',#9827);
#2942=VERTEX_POINT('',#9830);
#2943=VERTEX_POINT('',#9832);
#2944=VERTEX_POINT('',#9834);
#2945=VERTEX_POINT('',#9839);
#2946=VERTEX_POINT('',#9841);
#2947=VERTEX_POINT('',#9845);
#2948=VERTEX_POINT('',#9851);
#2949=VERTEX_POINT('',#9853);
#2950=VERTEX_POINT('',#9856);
#2951=VERTEX_POINT('',#9858);
#2952=VERTEX_POINT('',#9860);
#2953=VERTEX_POINT('',#9862);
#2954=VERTEX_POINT('',#9865);
#2955=VERTEX_POINT('',#9867);
#2956=VERTEX_POINT('',#9869);
#2957=VERTEX_POINT('',#9871);
#2958=VERTEX_POINT('',#9875);
#2959=VERTEX_POINT('',#9877);
#2960=VERTEX_POINT('',#9880);
#2961=VERTEX_POINT('',#9882);
#2962=VERTEX_POINT('',#9888);
#2963=VERTEX_POINT('',#9889);
#2964=VERTEX_POINT('',#9891);
#2965=VERTEX_POINT('',#9896);
#2966=VERTEX_POINT('',#9900);
#2967=VERTEX_POINT('',#9904);
#2968=VERTEX_POINT('',#9906);
#2969=VERTEX_POINT('',#9913);
#2970=VERTEX_POINT('',#9916);
#2971=VERTEX_POINT('',#9918);
#2972=VERTEX_POINT('',#9922);
#2973=VERTEX_POINT('',#9927);
#2974=VERTEX_POINT('',#9930);
#2975=VERTEX_POINT('',#9934);
#2976=VERTEX_POINT('',#9936);
#2977=VERTEX_POINT('',#9941);
#2978=VERTEX_POINT('',#9946);
#2979=VERTEX_POINT('',#9948);
#2980=VERTEX_POINT('',#9954);
#2981=VERTEX_POINT('',#9956);
#2982=VERTEX_POINT('',#9963);
#2983=VERTEX_POINT('',#9964);
#2984=VERTEX_POINT('',#9967);
#2985=VERTEX_POINT('',#9969);
#2986=VERTEX_POINT('',#9972);
#2987=VERTEX_POINT('',#9982);
#2988=VERTEX_POINT('',#9984);
#2989=VERTEX_POINT('',#9986);
#2990=VERTEX_POINT('',#9988);
#2991=VERTEX_POINT('',#9990);
#2992=VERTEX_POINT('',#9991);
#2993=VERTEX_POINT('',#9993);
#2994=VERTEX_POINT('',#9995);
#2995=VERTEX_POINT('',#9997);
#2996=VERTEX_POINT('',#9999);
#2997=VERTEX_POINT('',#10001);
#2998=VERTEX_POINT('',#10003);
#2999=VERTEX_POINT('',#10006);
#3000=VERTEX_POINT('',#10007);
#3001=VERTEX_POINT('',#10009);
#3002=VERTEX_POINT('',#10011);
#3003=VERTEX_POINT('',#10013);
#3004=VERTEX_POINT('',#10015);
#3005=VERTEX_POINT('',#10017);
#3006=VERTEX_POINT('',#10019);
#3007=VERTEX_POINT('',#10022);
#3008=VERTEX_POINT('',#10023);
#3009=VERTEX_POINT('',#10025);
#3010=VERTEX_POINT('',#10027);
#3011=VERTEX_POINT('',#10029);
#3012=VERTEX_POINT('',#10031);
#3013=VERTEX_POINT('',#10033);
#3014=VERTEX_POINT('',#10035);
#3015=VERTEX_POINT('',#10038);
#3016=VERTEX_POINT('',#10039);
#3017=VERTEX_POINT('',#10041);
#3018=VERTEX_POINT('',#10043);
#3019=VERTEX_POINT('',#10045);
#3020=VERTEX_POINT('',#10047);
#3021=VERTEX_POINT('',#10049);
#3022=VERTEX_POINT('',#10051);
#3023=VERTEX_POINT('',#10060);
#3024=VERTEX_POINT('',#10061);
#3025=VERTEX_POINT('',#10066);
#3026=VERTEX_POINT('',#10068);
#3027=VERTEX_POINT('',#10078);
#3028=VERTEX_POINT('',#10080);
#3029=VERTEX_POINT('',#10091);
#3030=VERTEX_POINT('',#10097);
#3031=VERTEX_POINT('',#10108);
#3032=VERTEX_POINT('',#10110);
#3033=VERTEX_POINT('',#10116);
#3034=VERTEX_POINT('',#10119);
#3035=VERTEX_POINT('',#10150);
#3036=VERTEX_POINT('',#10152);
#3037=VERTEX_POINT('',#10156);
#3038=VERTEX_POINT('',#10160);
#3039=VERTEX_POINT('',#10164);
#3040=VERTEX_POINT('',#10168);
#3041=VERTEX_POINT('',#10172);
#3042=VERTEX_POINT('',#10176);
#3043=VERTEX_POINT('',#10183);
#3044=VERTEX_POINT('',#10185);
#3045=VERTEX_POINT('',#10189);
#3046=VERTEX_POINT('',#10193);
#3047=VERTEX_POINT('',#10197);
#3048=VERTEX_POINT('',#10201);
#3049=VERTEX_POINT('',#10205);
#3050=VERTEX_POINT('',#10209);
#3051=VERTEX_POINT('',#10216);
#3052=VERTEX_POINT('',#10218);
#3053=VERTEX_POINT('',#10222);
#3054=VERTEX_POINT('',#10226);
#3055=VERTEX_POINT('',#10230);
#3056=VERTEX_POINT('',#10234);
#3057=VERTEX_POINT('',#10238);
#3058=VERTEX_POINT('',#10242);
#3059=VERTEX_POINT('',#10249);
#3060=VERTEX_POINT('',#10251);
#3061=VERTEX_POINT('',#10255);
#3062=VERTEX_POINT('',#10259);
#3063=VERTEX_POINT('',#10263);
#3064=VERTEX_POINT('',#10267);
#3065=VERTEX_POINT('',#10271);
#3066=VERTEX_POINT('',#10275);
#3067=VERTEX_POINT('',#10282);
#3068=VERTEX_POINT('',#10285);
#3069=VERTEX_POINT('',#10289);
#3070=VERTEX_POINT('',#10292);
#3071=VERTEX_POINT('',#10296);
#3072=VERTEX_POINT('',#10300);
#3073=VERTEX_POINT('',#10305);
#3074=VERTEX_POINT('',#10308);
#3075=VERTEX_POINT('',#10310);
#3076=VERTEX_POINT('',#10313);
#3077=VERTEX_POINT('',#10335);
#3078=VERTEX_POINT('',#10337);
#3079=VERTEX_POINT('',#10352);
#3080=VERTEX_POINT('',#10363);
#3081=VERTEX_POINT('',#10390);
#3082=VERTEX_POINT('',#10392);
#3083=VERTEX_POINT('',#10453);
#3084=VERTEX_POINT('',#10455);
#3085=VERTEX_POINT('',#10465);
#3086=VERTEX_POINT('',#10469);
#3087=VERTEX_POINT('',#10473);
#3088=VERTEX_POINT('',#10475);
#3089=VERTEX_POINT('',#10479);
#3090=VERTEX_POINT('',#10480);
#3091=VERTEX_POINT('',#10482);
#3092=VERTEX_POINT('',#10484);
#3093=VERTEX_POINT('',#10486);
#3094=VERTEX_POINT('',#10488);
#3095=VERTEX_POINT('',#10490);
#3096=VERTEX_POINT('',#10492);
#3097=VERTEX_POINT('',#10494);
#3098=VERTEX_POINT('',#10496);
#3099=VERTEX_POINT('',#10498);
#3100=VERTEX_POINT('',#10500);
#3101=VERTEX_POINT('',#10504);
#3102=VERTEX_POINT('',#10505);
#3103=VERTEX_POINT('',#10507);
#3104=VERTEX_POINT('',#10509);
#3105=VERTEX_POINT('',#10511);
#3106=VERTEX_POINT('',#10513);
#3107=VERTEX_POINT('',#10515);
#3108=VERTEX_POINT('',#10517);
#3109=VERTEX_POINT('',#10519);
#3110=VERTEX_POINT('',#10521);
#3111=VERTEX_POINT('',#10523);
#3112=VERTEX_POINT('',#10525);
#3113=VERTEX_POINT('',#10529);
#3114=VERTEX_POINT('',#10531);
#3115=VERTEX_POINT('',#10562);
#3116=VERTEX_POINT('',#10564);
#3117=VERTEX_POINT('',#10568);
#3118=VERTEX_POINT('',#10570);
#3119=VERTEX_POINT('',#10574);
#3120=VERTEX_POINT('',#10576);
#3121=VERTEX_POINT('',#10580);
#3122=VERTEX_POINT('',#10582);
#3123=VERTEX_POINT('',#10586);
#3124=VERTEX_POINT('',#10588);
#3125=VERTEX_POINT('',#10592);
#3126=VERTEX_POINT('',#10594);
#3127=VERTEX_POINT('',#10598);
#3128=VERTEX_POINT('',#10600);
#3129=VERTEX_POINT('',#10604);
#3130=VERTEX_POINT('',#10606);
#3131=VERTEX_POINT('',#10615);
#3132=VERTEX_POINT('',#10617);
#3133=VERTEX_POINT('',#10621);
#3134=VERTEX_POINT('',#10623);
#3135=VERTEX_POINT('',#10627);
#3136=VERTEX_POINT('',#10629);
#3137=VERTEX_POINT('',#10633);
#3138=VERTEX_POINT('',#10635);
#3139=VERTEX_POINT('',#10639);
#3140=VERTEX_POINT('',#10641);
#3141=VERTEX_POINT('',#10645);
#3142=VERTEX_POINT('',#10647);
#3143=VERTEX_POINT('',#10651);
#3144=VERTEX_POINT('',#10653);
#3145=VERTEX_POINT('',#10657);
#3146=VERTEX_POINT('',#10659);
#3147=VERTEX_POINT('',#10668);
#3148=VERTEX_POINT('',#10670);
#3149=VERTEX_POINT('',#10672);
#3150=VERTEX_POINT('',#10674);
#3151=VERTEX_POINT('',#10676);
#3152=VERTEX_POINT('',#10678);
#3153=VERTEX_POINT('',#10680);
#3154=VERTEX_POINT('',#10682);
#3155=VERTEX_POINT('',#10686);
#3156=VERTEX_POINT('',#10688);
#3157=VERTEX_POINT('',#10690);
#3158=VERTEX_POINT('',#10692);
#3159=VERTEX_POINT('',#10694);
#3160=VERTEX_POINT('',#10696);
#3161=VERTEX_POINT('',#10698);
#3162=VERTEX_POINT('',#10700);
#3163=VERTEX_POINT('',#10722);
#3164=VERTEX_POINT('',#10723);
#3165=VERTEX_POINT('',#10725);
#3166=VERTEX_POINT('',#10727);
#3167=VERTEX_POINT('',#10730);
#3168=VERTEX_POINT('',#10731);
#3169=VERTEX_POINT('',#10733);
#3170=VERTEX_POINT('',#10735);
#3171=VERTEX_POINT('',#10737);
#3172=VERTEX_POINT('',#10739);
#3173=VERTEX_POINT('',#10741);
#3174=VERTEX_POINT('',#10743);
#3175=VERTEX_POINT('',#10745);
#3176=VERTEX_POINT('',#10747);
#3177=VERTEX_POINT('',#10749);
#3178=VERTEX_POINT('',#10751);
#3179=VERTEX_POINT('',#10753);
#3180=VERTEX_POINT('',#10755);
#3181=VERTEX_POINT('',#10757);
#3182=VERTEX_POINT('',#10759);
#3183=VERTEX_POINT('',#10761);
#3184=VERTEX_POINT('',#10763);
#3185=VERTEX_POINT('',#10765);
#3186=VERTEX_POINT('',#10767);
#3187=VERTEX_POINT('',#10770);
#3188=VERTEX_POINT('',#10771);
#3189=VERTEX_POINT('',#10773);
#3190=VERTEX_POINT('',#10775);
#3191=VERTEX_POINT('',#10779);
#3192=VERTEX_POINT('',#10781);
#3193=VERTEX_POINT('',#10785);
#3194=VERTEX_POINT('',#10789);
#3195=VERTEX_POINT('',#10793);
#3196=VERTEX_POINT('',#10795);
#3197=VERTEX_POINT('',#10799);
#3198=VERTEX_POINT('',#10801);
#3199=VERTEX_POINT('',#10806);
#3200=VERTEX_POINT('',#10810);
#3201=VERTEX_POINT('',#10814);
#3202=VERTEX_POINT('',#10818);
#3203=VERTEX_POINT('',#10822);
#3204=VERTEX_POINT('',#10824);
#3205=VERTEX_POINT('',#10828);
#3206=VERTEX_POINT('',#10830);
#3207=VERTEX_POINT('',#10835);
#3208=VERTEX_POINT('',#10839);
#3209=VERTEX_POINT('',#10843);
#3210=VERTEX_POINT('',#10845);
#3211=VERTEX_POINT('',#10849);
#3212=VERTEX_POINT('',#10851);
#3213=VERTEX_POINT('',#10856);
#3214=VERTEX_POINT('',#10860);
#3215=VERTEX_POINT('',#10864);
#3216=VERTEX_POINT('',#10866);
#3217=VERTEX_POINT('',#10870);
#3218=VERTEX_POINT('',#10872);
#3219=VERTEX_POINT('',#10884);
#3220=VERTEX_POINT('',#10886);
#3221=VERTEX_POINT('',#10890);
#3222=VERTEX_POINT('',#10894);
#3223=VERTEX_POINT('',#10901);
#3224=VERTEX_POINT('',#10903);
#3225=VERTEX_POINT('',#10907);
#3226=VERTEX_POINT('',#10911);
#3227=LINE('',#9286,#3856);
#3228=LINE('',#9291,#3857);
#3229=LINE('',#9293,#3858);
#3230=LINE('',#9295,#3859);
#3231=LINE('',#9300,#3860);
#3232=LINE('',#9302,#3861);
#3233=LINE('',#9304,#3862);
#3234=LINE('',#9305,#3863);
#3235=LINE('',#9307,#3864);
#3236=LINE('',#9312,#3865);
#3237=LINE('',#9314,#3866);
#3238=LINE('',#9316,#3867);
#3239=LINE('',#9321,#3868);
#3240=LINE('',#9323,#3869);
#3241=LINE('',#9325,#3870);
#3242=LINE('',#9328,#3871);
#3243=LINE('',#9330,#3872);
#3244=LINE('',#9332,#3873);
#3245=LINE('',#9337,#3874);
#3246=LINE('',#9341,#3875);
#3247=LINE('',#9345,#3876);
#3248=LINE('',#9349,#3877);
#3249=LINE('',#9353,#3878);
#3250=LINE('',#9357,#3879);
#3251=LINE('',#9359,#3880);
#3252=LINE('',#9361,#3881);
#3253=LINE('',#9365,#3882);
#3254=LINE('',#9369,#3883);
#3255=LINE('',#9373,#3884);
#3256=LINE('',#9377,#3885);
#3257=LINE('',#9379,#3886);
#3258=LINE('',#9381,#3887);
#3259=LINE('',#9385,#3888);
#3260=LINE('',#9389,#3889);
#3261=LINE('',#9391,#3890);
#3262=LINE('',#9393,#3891);
#3263=LINE('',#9397,#3892);
#3264=LINE('',#9401,#3893);
#3265=LINE('',#9405,#3894);
#3266=LINE('',#9407,#3895);
#3267=LINE('',#9409,#3896);
#3268=LINE('',#9413,#3897);
#3269=LINE('',#9415,#3898);
#3270=LINE('',#9417,#3899);
#3271=LINE('',#9419,#3900);
#3272=LINE('',#9421,#3901);
#3273=LINE('',#9425,#3902);
#3274=LINE('',#9427,#3903);
#3275=LINE('',#9429,#3904);
#3276=LINE('',#9431,#3905);
#3277=LINE('',#9433,#3906);
#3278=LINE('',#9438,#3907);
#3279=LINE('',#9442,#3908);
#3280=LINE('',#9446,#3909);
#3281=LINE('',#9450,#3910);
#3282=LINE('',#9451,#3911);
#3283=LINE('',#9454,#3912);
#3284=LINE('',#9456,#3913);
#3285=LINE('',#9458,#3914);
#3286=LINE('',#9460,#3915);
#3287=LINE('',#9466,#3916);
#3288=LINE('',#9468,#3917);
#3289=LINE('',#9470,#3918);
#3290=LINE('',#9476,#3919);
#3291=LINE('',#9478,#3920);
#3292=LINE('',#9480,#3921);
#3293=LINE('',#9482,#3922);
#3294=LINE('',#9484,#3923);
#3295=LINE('',#9486,#3924);
#3296=LINE('',#9488,#3925);
#3297=LINE('',#9490,#3926);
#3298=LINE('',#9494,#3927);
#3299=LINE('',#9498,#3928);
#3300=LINE('',#9500,#3929);
#3301=LINE('',#9502,#3930);
#3302=LINE('',#9504,#3931);
#3303=LINE('',#9506,#3932);
#3304=LINE('',#9512,#3933);
#3305=LINE('',#9514,#3934);
#3306=LINE('',#9516,#3935);
#3307=LINE('',#9522,#3936);
#3308=LINE('',#9524,#3937);
#3309=LINE('',#9526,#3938);
#3310=LINE('',#9528,#3939);
#3311=LINE('',#9532,#3940);
#3312=LINE('',#9535,#3941);
#3313=LINE('',#9537,#3942);
#3314=LINE('',#9539,#3943);
#3315=LINE('',#9541,#3944);
#3316=LINE('',#9543,#3945);
#3317=LINE('',#9545,#3946);
#3318=LINE('',#9549,#3947);
#3319=LINE('',#9551,#3948);
#3320=LINE('',#9555,#3949);
#3321=LINE('',#9559,#3950);
#3322=LINE('',#9561,#3951);
#3323=LINE('',#9565,#3952);
#3324=LINE('',#9567,#3953);
#3325=LINE('',#9569,#3954);
#3326=LINE('',#9571,#3955);
#3327=LINE('',#9576,#3956);
#3328=LINE('',#9578,#3957);
#3329=LINE('',#9580,#3958);
#3330=LINE('',#9581,#3959);
#3331=LINE('',#9586,#3960);
#3332=LINE('',#9587,#3961);
#3333=LINE('',#9589,#3962);
#3334=LINE('',#9591,#3963);
#3335=LINE('',#9593,#3964);
#3336=LINE('',#9598,#3965);
#3337=LINE('',#9602,#3966);
#3338=LINE('',#9604,#3967);
#3339=LINE('',#9606,#3968);
#3340=LINE('',#9608,#3969);
#3341=LINE('',#9610,#3970);
#3342=LINE('',#9612,#3971);
#3343=LINE('',#9614,#3972);
#3344=LINE('',#9616,#3973);
#3345=LINE('',#9618,#3974);
#3346=LINE('',#9621,#3975);
#3347=LINE('',#9625,#3976);
#3348=LINE('',#9627,#3977);
#3349=LINE('',#9629,#3978);
#3350=LINE('',#9631,#3979);
#3351=LINE('',#9634,#3980);
#3352=LINE('',#9636,#3981);
#3353=LINE('',#9638,#3982);
#3354=LINE('',#9640,#3983);
#3355=LINE('',#9642,#3984);
#3356=LINE('',#9644,#3985);
#3357=LINE('',#9646,#3986);
#3358=LINE('',#9648,#3987);
#3359=LINE('',#9650,#3988);
#3360=LINE('',#9651,#3989);
#3361=LINE('',#9653,#3990);
#3362=LINE('',#9655,#3991);
#3363=LINE('',#9657,#3992);
#3364=LINE('',#9659,#3993);
#3365=LINE('',#9661,#3994);
#3366=LINE('',#9663,#3995);
#3367=LINE('',#9665,#3996);
#3368=LINE('',#9667,#3997);
#3369=LINE('',#9668,#3998);
#3370=LINE('',#9670,#3999);
#3371=LINE('',#9675,#4000);
#3372=LINE('',#9677,#4001);
#3373=LINE('',#9679,#4002);
#3374=LINE('',#9681,#4003);
#3375=LINE('',#9683,#4004);
#3376=LINE('',#9685,#4005);
#3377=LINE('',#9687,#4006);
#3378=LINE('',#9689,#4007);
#3379=LINE('',#9691,#4008);
#3380=LINE('',#9695,#4009);
#3381=LINE('',#9697,#4010);
#3382=LINE('',#9702,#4011);
#3383=LINE('',#9703,#4012);
#3384=LINE('',#9705,#4013);
#3385=LINE('',#9707,#4014);
#3386=LINE('',#9709,#4015);
#3387=LINE('',#9711,#4016);
#3388=LINE('',#9713,#4017);
#3389=LINE('',#9715,#4018);
#3390=LINE('',#9717,#4019);
#3391=LINE('',#9719,#4020);
#3392=LINE('',#9721,#4021);
#3393=LINE('',#9723,#4022);
#3394=LINE('',#9725,#4023);
#3395=LINE('',#9727,#4024);
#3396=LINE('',#9728,#4025);
#3397=LINE('',#9730,#4026);
#3398=LINE('',#9731,#4027);
#3399=LINE('',#9733,#4028);
#3400=LINE('',#9735,#4029);
#3401=LINE('',#9737,#4030);
#3402=LINE('',#9739,#4031);
#3403=LINE('',#9741,#4032);
#3404=LINE('',#9743,#4033);
#3405=LINE('',#9745,#4034);
#3406=LINE('',#9747,#4035);
#3407=LINE('',#9751,#4036);
#3408=LINE('',#9753,#4037);
#3409=LINE('',#9755,#4038);
#3410=LINE('',#9757,#4039);
#3411=LINE('',#9759,#4040);
#3412=LINE('',#9763,#4041);
#3413=LINE('',#9767,#4042);
#3414=LINE('',#9769,#4043);
#3415=LINE('',#9771,#4044);
#3416=LINE('',#9773,#4045);
#3417=LINE('',#9775,#4046);
#3418=LINE('',#9781,#4047);
#3419=LINE('',#9783,#4048);
#3420=LINE('',#9785,#4049);
#3421=LINE('',#9787,#4050);
#3422=LINE('',#9789,#4051);
#3423=LINE('',#9791,#4052);
#3424=LINE('',#9792,#4053);
#3425=LINE('',#9794,#4054);
#3426=LINE('',#9795,#4055);
#3427=LINE('',#9796,#4056);
#3428=LINE('',#9797,#4057);
#3429=LINE('',#9799,#4058);
#3430=LINE('',#9801,#4059);
#3431=LINE('',#9803,#4060);
#3432=LINE('',#9805,#4061);
#3433=LINE('',#9806,#4062);
#3434=LINE('',#9809,#4063);
#3435=LINE('',#9814,#4064);
#3436=LINE('',#9818,#4065);
#3437=LINE('',#9820,#4066);
#3438=LINE('',#9821,#4067);
#3439=LINE('',#9822,#4068);
#3440=LINE('',#9824,#4069);
#3441=LINE('',#9826,#4070);
#3442=LINE('',#9828,#4071);
#3443=LINE('',#9829,#4072);
#3444=LINE('',#9831,#4073);
#3445=LINE('',#9833,#4074);
#3446=LINE('',#9835,#4075);
#3447=LINE('',#9836,#4076);
#3448=LINE('',#9838,#4077);
#3449=LINE('',#9840,#4078);
#3450=LINE('',#9842,#4079);
#3451=LINE('',#9844,#4080);
#3452=LINE('',#9846,#4081);
#3453=LINE('',#9847,#4082);
#3454=LINE('',#9849,#4083);
#3455=LINE('',#9850,#4084);
#3456=LINE('',#9852,#4085);
#3457=LINE('',#9854,#4086);
#3458=LINE('',#9855,#4087);
#3459=LINE('',#9857,#4088);
#3460=LINE('',#9859,#4089);
#3461=LINE('',#9861,#4090);
#3462=LINE('',#9866,#4091);
#3463=LINE('',#9870,#4092);
#3464=LINE('',#9872,#4093);
#3465=LINE('',#9873,#4094);
#3466=LINE('',#9874,#4095);
#3467=LINE('',#9876,#4096);
#3468=LINE('',#9878,#4097);
#3469=LINE('',#9879,#4098);
#3470=LINE('',#9881,#4099);
#3471=LINE('',#9883,#4100);
#3472=LINE('',#9884,#4101);
#3473=LINE('',#9885,#4102);
#3474=LINE('',#9887,#4103);
#3475=LINE('',#9890,#4104);
#3476=LINE('',#9892,#4105);
#3477=LINE('',#9893,#4106);
#3478=LINE('',#9895,#4107);
#3479=LINE('',#9897,#4108);
#3480=LINE('',#9899,#4109);
#3481=LINE('',#9901,#4110);
#3482=LINE('',#9903,#4111);
#3483=LINE('',#9905,#4112);
#3484=LINE('',#9907,#4113);
#3485=LINE('',#9909,#4114);
#3486=LINE('',#9910,#4115);
#3487=LINE('',#9914,#4116);
#3488=LINE('',#9915,#4117);
#3489=LINE('',#9917,#4118);
#3490=LINE('',#9919,#4119);
#3491=LINE('',#9921,#4120);
#3492=LINE('',#9923,#4121);
#3493=LINE('',#9928,#4122);
#3494=LINE('',#9929,#4123);
#3495=LINE('',#9931,#4124);
#3496=LINE('',#9935,#4125);
#3497=LINE('',#9938,#4126);
#3498=LINE('',#9942,#4127);
#3499=LINE('',#9943,#4128);
#3500=LINE('',#9945,#4129);
#3501=LINE('',#9947,#4130);
#3502=LINE('',#9949,#4131);
#3503=LINE('',#9950,#4132);
#3504=LINE('',#9951,#4133);
#3505=LINE('',#9953,#4134);
#3506=LINE('',#9955,#4135);
#3507=LINE('',#9957,#4136);
#3508=LINE('',#9958,#4137);
#3509=LINE('',#9959,#4138);
#3510=LINE('',#9960,#4139);
#3511=LINE('',#9965,#4140);
#3512=LINE('',#9966,#4141);
#3513=LINE('',#9968,#4142);
#3514=LINE('',#9970,#4143);
#3515=LINE('',#9973,#4144);
#3516=LINE('',#9975,#4145);
#3517=LINE('',#9976,#4146);
#3518=LINE('',#9977,#4147);
#3519=LINE('',#9979,#4148);
#3520=LINE('',#9989,#4149);
#3521=LINE('',#9994,#4150);
#3522=LINE('',#9998,#4151);
#3523=LINE('',#10002,#4152);
#3524=LINE('',#10005,#4153);
#3525=LINE('',#10010,#4154);
#3526=LINE('',#10014,#4155);
#3527=LINE('',#10018,#4156);
#3528=LINE('',#10021,#4157);
#3529=LINE('',#10026,#4158);
#3530=LINE('',#10030,#4159);
#3531=LINE('',#10034,#4160);
#3532=LINE('',#10037,#4161);
#3533=LINE('',#10042,#4162);
#3534=LINE('',#10046,#4163);
#3535=LINE('',#10050,#4164);
#3536=LINE('',#10053,#4165);
#3537=LINE('',#10055,#4166);
#3538=LINE('',#10057,#4167);
#3539=LINE('',#10059,#4168);
#3540=LINE('',#10062,#4169);
#3541=LINE('',#10063,#4170);
#3542=LINE('',#10065,#4171);
#3543=LINE('',#10067,#4172);
#3544=LINE('',#10069,#4173);
#3545=LINE('',#10071,#4174);
#3546=LINE('',#10072,#4175);
#3547=LINE('',#10074,#4176);
#3548=LINE('',#10075,#4177);
#3549=LINE('',#10077,#4178);
#3550=LINE('',#10079,#4179);
#3551=LINE('',#10081,#4180);
#3552=LINE('',#10083,#4181);
#3553=LINE('',#10084,#4182);
#3554=LINE('',#10086,#4183);
#3555=LINE('',#10088,#4184);
#3556=LINE('',#10092,#4185);
#3557=LINE('',#10094,#4186);
#3558=LINE('',#10096,#4187);
#3559=LINE('',#10100,#4188);
#3560=LINE('',#10102,#4189);
#3561=LINE('',#10109,#4190);
#3562=LINE('',#10112,#4191);
#3563=LINE('',#10117,#4192);
#3564=LINE('',#10120,#4193);
#3565=LINE('',#10124,#4194);
#3566=LINE('',#10126,#4195);
#3567=LINE('',#10129,#4196);
#3568=LINE('',#10131,#4197);
#3569=LINE('',#10134,#4198);
#3570=LINE('',#10137,#4199);
#3571=LINE('',#10139,#4200);
#3572=LINE('',#10143,#4201);
#3573=LINE('',#10149,#4202);
#3574=LINE('',#10153,#4203);
#3575=LINE('',#10155,#4204);
#3576=LINE('',#10157,#4205);
#3577=LINE('',#10161,#4206);
#3578=LINE('',#10163,#4207);
#3579=LINE('',#10165,#4208);
#3580=LINE('',#10169,#4209);
#3581=LINE('',#10171,#4210);
#3582=LINE('',#10173,#4211);
#3583=LINE('',#10177,#4212);
#3584=LINE('',#10179,#4213);
#3585=LINE('',#10182,#4214);
#3586=LINE('',#10186,#4215);
#3587=LINE('',#10188,#4216);
#3588=LINE('',#10190,#4217);
#3589=LINE('',#10194,#4218);
#3590=LINE('',#10196,#4219);
#3591=LINE('',#10198,#4220);
#3592=LINE('',#10202,#4221);
#3593=LINE('',#10204,#4222);
#3594=LINE('',#10206,#4223);
#3595=LINE('',#10210,#4224);
#3596=LINE('',#10212,#4225);
#3597=LINE('',#10215,#4226);
#3598=LINE('',#10219,#4227);
#3599=LINE('',#10221,#4228);
#3600=LINE('',#10223,#4229);
#3601=LINE('',#10227,#4230);
#3602=LINE('',#10229,#4231);
#3603=LINE('',#10231,#4232);
#3604=LINE('',#10235,#4233);
#3605=LINE('',#10237,#4234);
#3606=LINE('',#10239,#4235);
#3607=LINE('',#10243,#4236);
#3608=LINE('',#10245,#4237);
#3609=LINE('',#10248,#4238);
#3610=LINE('',#10252,#4239);
#3611=LINE('',#10254,#4240);
#3612=LINE('',#10256,#4241);
#3613=LINE('',#10260,#4242);
#3614=LINE('',#10262,#4243);
#3615=LINE('',#10264,#4244);
#3616=LINE('',#10268,#4245);
#3617=LINE('',#10270,#4246);
#3618=LINE('',#10272,#4247);
#3619=LINE('',#10276,#4248);
#3620=LINE('',#10278,#4249);
#3621=LINE('',#10303,#4250);
#3622=LINE('',#10306,#4251);
#3623=LINE('',#10309,#4252);
#3624=LINE('',#10312,#4253);
#3625=LINE('',#10316,#4254);
#3626=LINE('',#10323,#4255);
#3627=LINE('',#10325,#4256);
#3628=LINE('',#10327,#4257);
#3629=LINE('',#10330,#4258);
#3630=LINE('',#10333,#4259);
#3631=LINE('',#10336,#4260);
#3632=LINE('',#10340,#4261);
#3633=LINE('',#10343,#4262);
#3634=LINE('',#10345,#4263);
#3635=LINE('',#10347,#4264);
#3636=LINE('',#10349,#4265);
#3637=LINE('',#10351,#4266);
#3638=LINE('',#10360,#4267);
#3639=LINE('',#10364,#4268);
#3640=LINE('',#10365,#4269);
#3641=LINE('',#10367,#4270);
#3642=LINE('',#10374,#4271);
#3643=LINE('',#10376,#4272);
#3644=LINE('',#10378,#4273);
#3645=LINE('',#10381,#4274);
#3646=LINE('',#10383,#4275);
#3647=LINE('',#10385,#4276);
#3648=LINE('',#10387,#4277);
#3649=LINE('',#10391,#4278);
#3650=LINE('',#10394,#4279);
#3651=LINE('',#10396,#4280);
#3652=LINE('',#10398,#4281);
#3653=LINE('',#10406,#4282);
#3654=LINE('',#10407,#4283);
#3655=LINE('',#10409,#4284);
#3656=LINE('',#10411,#4285);
#3657=LINE('',#10413,#4286);
#3658=LINE('',#10415,#4287);
#3659=LINE('',#10417,#4288);
#3660=LINE('',#10419,#4289);
#3661=LINE('',#10425,#4290);
#3662=LINE('',#10427,#4291);
#3663=LINE('',#10430,#4292);
#3664=LINE('',#10433,#4293);
#3665=LINE('',#10439,#4294);
#3666=LINE('',#10441,#4295);
#3667=LINE('',#10444,#4296);
#3668=LINE('',#10447,#4297);
#3669=LINE('',#10454,#4298);
#3670=LINE('',#10458,#4299);
#3671=LINE('',#10460,#4300);
#3672=LINE('',#10466,#4301);
#3673=LINE('',#10470,#4302);
#3674=LINE('',#10472,#4303);
#3675=LINE('',#10474,#4304);
#3676=LINE('',#10476,#4305);
#3677=LINE('',#10478,#4306);
#3678=LINE('',#10481,#4307);
#3679=LINE('',#10483,#4308);
#3680=LINE('',#10487,#4309);
#3681=LINE('',#10491,#4310);
#3682=LINE('',#10493,#4311);
#3683=LINE('',#10495,#4312);
#3684=LINE('',#10499,#4313);
#3685=LINE('',#10503,#4314);
#3686=LINE('',#10508,#4315);
#3687=LINE('',#10512,#4316);
#3688=LINE('',#10514,#4317);
#3689=LINE('',#10516,#4318);
#3690=LINE('',#10520,#4319);
#3691=LINE('',#10524,#4320);
#3692=LINE('',#10526,#4321);
#3693=LINE('',#10532,#4322);
#3694=LINE('',#10534,#4323);
#3695=LINE('',#10535,#4324);
#3696=LINE('',#10540,#4325);
#3697=LINE('',#10542,#4326);
#3698=LINE('',#10544,#4327);
#3699=LINE('',#10546,#4328);
#3700=LINE('',#10548,#4329);
#3701=LINE('',#10550,#4330);
#3702=LINE('',#10552,#4331);
#3703=LINE('',#10554,#4332);
#3704=LINE('',#10556,#4333);
#3705=LINE('',#10558,#4334);
#3706=LINE('',#10563,#4335);
#3707=LINE('',#10567,#4336);
#3708=LINE('',#10569,#4337);
#3709=LINE('',#10571,#4338);
#3710=LINE('',#10575,#4339);
#3711=LINE('',#10579,#4340);
#3712=LINE('',#10581,#4341);
#3713=LINE('',#10583,#4342);
#3714=LINE('',#10585,#4343);
#3715=LINE('',#10587,#4344);
#3716=LINE('',#10589,#4345);
#3717=LINE('',#10591,#4346);
#3718=LINE('',#10593,#4347);
#3719=LINE('',#10595,#4348);
#3720=LINE('',#10599,#4349);
#3721=LINE('',#10603,#4350);
#3722=LINE('',#10605,#4351);
#3723=LINE('',#10607,#4352);
#3724=LINE('',#10618,#4353);
#3725=LINE('',#10620,#4354);
#3726=LINE('',#10622,#4355);
#3727=LINE('',#10624,#4356);
#3728=LINE('',#10630,#4357);
#3729=LINE('',#10632,#4358);
#3730=LINE('',#10634,#4359);
#3731=LINE('',#10636,#4360);
#3732=LINE('',#10638,#4361);
#3733=LINE('',#10640,#4362);
#3734=LINE('',#10642,#4363);
#3735=LINE('',#10644,#4364);
#3736=LINE('',#10646,#4365);
#3737=LINE('',#10648,#4366);
#3738=LINE('',#10654,#4367);
#3739=LINE('',#10656,#4368);
#3740=LINE('',#10658,#4369);
#3741=LINE('',#10660,#4370);
#3742=LINE('',#10669,#4371);
#3743=LINE('',#10673,#4372);
#3744=LINE('',#10675,#4373);
#3745=LINE('',#10677,#4374);
#3746=LINE('',#10681,#4375);
#3747=LINE('',#10689,#4376);
#3748=LINE('',#10693,#4377);
#3749=LINE('',#10695,#4378);
#3750=LINE('',#10697,#4379);
#3751=LINE('',#10701,#4380);
#3752=LINE('',#10703,#4381);
#3753=LINE('',#10705,#4382);
#3754=LINE('',#10707,#4383);
#3755=LINE('',#10709,#4384);
#3756=LINE('',#10711,#4385);
#3757=LINE('',#10713,#4386);
#3758=LINE('',#10715,#4387);
#3759=LINE('',#10717,#4388);
#3760=LINE('',#10721,#4389);
#3761=LINE('',#10724,#4390);
#3762=LINE('',#10726,#4391);
#3763=LINE('',#10728,#4392);
#3764=LINE('',#10729,#4393);
#3765=LINE('',#10732,#4394);
#3766=LINE('',#10734,#4395);
#3767=LINE('',#10736,#4396);
#3768=LINE('',#10738,#4397);
#3769=LINE('',#10740,#4398);
#3770=LINE('',#10742,#4399);
#3771=LINE('',#10744,#4400);
#3772=LINE('',#10746,#4401);
#3773=LINE('',#10748,#4402);
#3774=LINE('',#10750,#4403);
#3775=LINE('',#10752,#4404);
#3776=LINE('',#10754,#4405);
#3777=LINE('',#10756,#4406);
#3778=LINE('',#10758,#4407);
#3779=LINE('',#10760,#4408);
#3780=LINE('',#10762,#4409);
#3781=LINE('',#10764,#4410);
#3782=LINE('',#10766,#4411);
#3783=LINE('',#10768,#4412);
#3784=LINE('',#10769,#4413);
#3785=LINE('',#10772,#4414);
#3786=LINE('',#10774,#4415);
#3787=LINE('',#10776,#4416);
#3788=LINE('',#10778,#4417);
#3789=LINE('',#10780,#4418);
#3790=LINE('',#10782,#4419);
#3791=LINE('',#10784,#4420);
#3792=LINE('',#10786,#4421);
#3793=LINE('',#10788,#4422);
#3794=LINE('',#10790,#4423);
#3795=LINE('',#10792,#4424);
#3796=LINE('',#10794,#4425);
#3797=LINE('',#10796,#4426);
#3798=LINE('',#10798,#4427);
#3799=LINE('',#10800,#4428);
#3800=LINE('',#10802,#4429);
#3801=LINE('',#10804,#4430);
#3802=LINE('',#10805,#4431);
#3803=LINE('',#10807,#4432);
#3804=LINE('',#10809,#4433);
#3805=LINE('',#10811,#4434);
#3806=LINE('',#10813,#4435);
#3807=LINE('',#10815,#4436);
#3808=LINE('',#10817,#4437);
#3809=LINE('',#10819,#4438);
#3810=LINE('',#10821,#4439);
#3811=LINE('',#10823,#4440);
#3812=LINE('',#10825,#4441);
#3813=LINE('',#10827,#4442);
#3814=LINE('',#10829,#4443);
#3815=LINE('',#10831,#4444);
#3816=LINE('',#10833,#4445);
#3817=LINE('',#10834,#4446);
#3818=LINE('',#10836,#4447);
#3819=LINE('',#10838,#4448);
#3820=LINE('',#10840,#4449);
#3821=LINE('',#10842,#4450);
#3822=LINE('',#10844,#4451);
#3823=LINE('',#10846,#4452);
#3824=LINE('',#10848,#4453);
#3825=LINE('',#10850,#4454);
#3826=LINE('',#10852,#4455);
#3827=LINE('',#10854,#4456);
#3828=LINE('',#10855,#4457);
#3829=LINE('',#10857,#4458);
#3830=LINE('',#10859,#4459);
#3831=LINE('',#10861,#4460);
#3832=LINE('',#10863,#4461);
#3833=LINE('',#10865,#4462);
#3834=LINE('',#10867,#4463);
#3835=LINE('',#10869,#4464);
#3836=LINE('',#10871,#4465);
#3837=LINE('',#10873,#4466);
#3838=LINE('',#10875,#4467);
#3839=LINE('',#10876,#4468);
#3840=LINE('',#10883,#4469);
#3841=LINE('',#10885,#4470);
#3842=LINE('',#10887,#4471);
#3843=LINE('',#10889,#4472);
#3844=LINE('',#10891,#4473);
#3845=LINE('',#10893,#4474);
#3846=LINE('',#10895,#4475);
#3847=LINE('',#10897,#4476);
#3848=LINE('',#10900,#4477);
#3849=LINE('',#10902,#4478);
#3850=LINE('',#10904,#4479);
#3851=LINE('',#10906,#4480);
#3852=LINE('',#10908,#4481);
#3853=LINE('',#10910,#4482);
#3854=LINE('',#10912,#4483);
#3855=LINE('',#10914,#4484);
#3856=VECTOR('',#7747,1000.);
#3857=VECTOR('',#7750,1000.);
#3858=VECTOR('',#7751,1000.);
#3859=VECTOR('',#7754,1000.);
#3860=VECTOR('',#7757,1000.);
#3861=VECTOR('',#7758,1000.);
#3862=VECTOR('',#7761,1000.);
#3863=VECTOR('',#7762,1000.);
#3864=VECTOR('',#7765,1000.);
#3865=VECTOR('',#7768,1000.);
#3866=VECTOR('',#7769,1000.);
#3867=VECTOR('',#7772,1000.);
#3868=VECTOR('',#7775,1000.);
#3869=VECTOR('',#7776,1000.);
#3870=VECTOR('',#7779,1000.);
#3871=VECTOR('',#7780,1000.);
#3872=VECTOR('',#7781,1000.);
#3873=VECTOR('',#7782,1000.);
#3874=VECTOR('',#7787,1000.);
#3875=VECTOR('',#7790,1000.);
#3876=VECTOR('',#7793,1000.);
#3877=VECTOR('',#7796,1000.);
#3878=VECTOR('',#7799,1000.);
#3879=VECTOR('',#7802,1000.);
#3880=VECTOR('',#7803,1000.);
#3881=VECTOR('',#7804,1000.);
#3882=VECTOR('',#7807,1000.);
#3883=VECTOR('',#7810,1000.);
#3884=VECTOR('',#7813,1000.);
#3885=VECTOR('',#7816,1000.);
#3886=VECTOR('',#7817,1000.);
#3887=VECTOR('',#7818,1000.);
#3888=VECTOR('',#7821,1000.);
#3889=VECTOR('',#7824,1000.);
#3890=VECTOR('',#7825,1000.);
#3891=VECTOR('',#7826,1000.);
#3892=VECTOR('',#7829,1000.);
#3893=VECTOR('',#7832,1000.);
#3894=VECTOR('',#7835,1000.);
#3895=VECTOR('',#7836,1000.);
#3896=VECTOR('',#7837,1000.);
#3897=VECTOR('',#7842,1000.);
#3898=VECTOR('',#7843,1000.);
#3899=VECTOR('',#7844,1000.);
#3900=VECTOR('',#7845,1000.);
#3901=VECTOR('',#7846,1000.);
#3902=VECTOR('',#7851,1000.);
#3903=VECTOR('',#7852,1000.);
#3904=VECTOR('',#7853,1000.);
#3905=VECTOR('',#7854,1000.);
#3906=VECTOR('',#7855,1000.);
#3907=VECTOR('',#7860,1000.);
#3908=VECTOR('',#7863,1000.);
#3909=VECTOR('',#7866,1000.);
#3910=VECTOR('',#7869,1000.);
#3911=VECTOR('',#7870,1000.);
#3912=VECTOR('',#7873,1000.);
#3913=VECTOR('',#7874,1000.);
#3914=VECTOR('',#7875,1000.);
#3915=VECTOR('',#7876,1000.);
#3916=VECTOR('',#7881,1000.);
#3917=VECTOR('',#7882,1000.);
#3918=VECTOR('',#7883,1000.);
#3919=VECTOR('',#7888,1000.);
#3920=VECTOR('',#7889,1000.);
#3921=VECTOR('',#7890,1000.);
#3922=VECTOR('',#7891,1000.);
#3923=VECTOR('',#7892,1000.);
#3924=VECTOR('',#7893,1000.);
#3925=VECTOR('',#7894,1000.);
#3926=VECTOR('',#7895,1000.);
#3927=VECTOR('',#7898,1000.);
#3928=VECTOR('',#7901,1000.);
#3929=VECTOR('',#7902,1000.);
#3930=VECTOR('',#7903,1000.);
#3931=VECTOR('',#7904,1000.);
#3932=VECTOR('',#7905,1000.);
#3933=VECTOR('',#7910,1000.);
#3934=VECTOR('',#7911,1000.);
#3935=VECTOR('',#7912,1000.);
#3936=VECTOR('',#7917,1000.);
#3937=VECTOR('',#7918,1000.);
#3938=VECTOR('',#7919,1000.);
#3939=VECTOR('',#7920,1000.);
#3940=VECTOR('',#7925,1000.);
#3941=VECTOR('',#7926,1000.);
#3942=VECTOR('',#7927,1000.);
#3943=VECTOR('',#7928,1000.);
#3944=VECTOR('',#7929,1000.);
#3945=VECTOR('',#7930,1000.);
#3946=VECTOR('',#7931,1000.);
#3947=VECTOR('',#7934,1000.);
#3948=VECTOR('',#7935,1000.);
#3949=VECTOR('',#7938,1000.);
#3950=VECTOR('',#7941,1000.);
#3951=VECTOR('',#7942,1000.);
#3952=VECTOR('',#7945,1000.);
#3953=VECTOR('',#7946,1000.);
#3954=VECTOR('',#7947,1000.);
#3955=VECTOR('',#7948,1000.);
#3956=VECTOR('',#7953,1000.);
#3957=VECTOR('',#7954,1000.);
#3958=VECTOR('',#7955,1000.);
#3959=VECTOR('',#7956,1000.);
#3960=VECTOR('',#7961,1000.);
#3961=VECTOR('',#7962,1000.);
#3962=VECTOR('',#7963,1000.);
#3963=VECTOR('',#7964,1000.);
#3964=VECTOR('',#7967,1000.);
#3965=VECTOR('',#7970,1000.);
#3966=VECTOR('',#7973,1000.);
#3967=VECTOR('',#7974,1000.);
#3968=VECTOR('',#7975,1000.);
#3969=VECTOR('',#7976,1000.);
#3970=VECTOR('',#7977,1000.);
#3971=VECTOR('',#7978,1000.);
#3972=VECTOR('',#7979,1000.);
#3973=VECTOR('',#7980,1000.);
#3974=VECTOR('',#7983,1000.);
#3975=VECTOR('',#7984,1000.);
#3976=VECTOR('',#7987,1000.);
#3977=VECTOR('',#7988,1000.);
#3978=VECTOR('',#7989,1000.);
#3979=VECTOR('',#7992,1000.);
#3980=VECTOR('',#7993,1000.);
#3981=VECTOR('',#7994,1000.);
#3982=VECTOR('',#7995,1000.);
#3983=VECTOR('',#7998,1000.);
#3984=VECTOR('',#7999,1000.);
#3985=VECTOR('',#8000,1000.);
#3986=VECTOR('',#8003,1000.);
#3987=VECTOR('',#8004,1000.);
#3988=VECTOR('',#8005,1000.);
#3989=VECTOR('',#8006,1000.);
#3990=VECTOR('',#8007,1000.);
#3991=VECTOR('',#8008,1000.);
#3992=VECTOR('',#8009,1000.);
#3993=VECTOR('',#8012,1000.);
#3994=VECTOR('',#8013,1000.);
#3995=VECTOR('',#8014,1000.);
#3996=VECTOR('',#8015,1000.);
#3997=VECTOR('',#8016,1000.);
#3998=VECTOR('',#8017,1000.);
#3999=VECTOR('',#8018,1000.);
#4000=VECTOR('',#8023,1000.);
#4001=VECTOR('',#8024,1000.);
#4002=VECTOR('',#8025,1000.);
#4003=VECTOR('',#8026,1000.);
#4004=VECTOR('',#8027,1000.);
#4005=VECTOR('',#8028,1000.);
#4006=VECTOR('',#8029,1000.);
#4007=VECTOR('',#8030,1000.);
#4008=VECTOR('',#8031,1000.);
#4009=VECTOR('',#8034,1000.);
#4010=VECTOR('',#8037,1000.);
#4011=VECTOR('',#8040,1000.);
#4012=VECTOR('',#8041,1000.);
#4013=VECTOR('',#8042,1000.);
#4014=VECTOR('',#8045,1000.);
#4015=VECTOR('',#8046,1000.);
#4016=VECTOR('',#8047,1000.);
#4017=VECTOR('',#8048,1000.);
#4018=VECTOR('',#8049,1000.);
#4019=VECTOR('',#8050,1000.);
#4020=VECTOR('',#8051,1000.);
#4021=VECTOR('',#8052,1000.);
#4022=VECTOR('',#8053,1000.);
#4023=VECTOR('',#8054,1000.);
#4024=VECTOR('',#8055,1000.);
#4025=VECTOR('',#8056,1000.);
#4026=VECTOR('',#8057,1000.);
#4027=VECTOR('',#8058,1000.);
#4028=VECTOR('',#8059,1000.);
#4029=VECTOR('',#8060,1000.);
#4030=VECTOR('',#8061,1000.);
#4031=VECTOR('',#8062,1000.);
#4032=VECTOR('',#8063,1000.);
#4033=VECTOR('',#8064,1000.);
#4034=VECTOR('',#8067,1000.);
#4035=VECTOR('',#8070,1000.);
#4036=VECTOR('',#8073,1000.);
#4037=VECTOR('',#8074,1000.);
#4038=VECTOR('',#8075,1000.);
#4039=VECTOR('',#8076,1000.);
#4040=VECTOR('',#8077,1000.);
#4041=VECTOR('',#8082,1000.);
#4042=VECTOR('',#8085,1000.);
#4043=VECTOR('',#8086,1000.);
#4044=VECTOR('',#8087,1000.);
#4045=VECTOR('',#8088,1000.);
#4046=VECTOR('',#8089,1000.);
#4047=VECTOR('',#8096,1000.);
#4048=VECTOR('',#8097,1000.);
#4049=VECTOR('',#8098,1000.);
#4050=VECTOR('',#8099,1000.);
#4051=VECTOR('',#8102,1000.);
#4052=VECTOR('',#8103,1000.);
#4053=VECTOR('',#8104,1000.);
#4054=VECTOR('',#8105,1000.);
#4055=VECTOR('',#8106,1000.);
#4056=VECTOR('',#8107,1000.);
#4057=VECTOR('',#8108,1000.);
#4058=VECTOR('',#8109,1000.);
#4059=VECTOR('',#8110,1000.);
#4060=VECTOR('',#8111,1000.);
#4061=VECTOR('',#8112,1000.);
#4062=VECTOR('',#8113,1000.);
#4063=VECTOR('',#8116,1000.);
#4064=VECTOR('',#8121,1000.);
#4065=VECTOR('',#8124,1000.);
#4066=VECTOR('',#8125,1000.);
#4067=VECTOR('',#8126,1000.);
#4068=VECTOR('',#8127,1000.);
#4069=VECTOR('',#8128,1000.);
#4070=VECTOR('',#8129,1000.);
#4071=VECTOR('',#8130,1000.);
#4072=VECTOR('',#8131,1000.);
#4073=VECTOR('',#8132,1000.);
#4074=VECTOR('',#8133,1000.);
#4075=VECTOR('',#8134,1000.);
#4076=VECTOR('',#8135,1000.);
#4077=VECTOR('',#8138,1000.);
#4078=VECTOR('',#8139,1000.);
#4079=VECTOR('',#8140,1000.);
#4080=VECTOR('',#8143,1000.);
#4081=VECTOR('',#8144,1000.);
#4082=VECTOR('',#8145,1000.);
#4083=VECTOR('',#8148,1000.);
#4084=VECTOR('',#8149,1000.);
#4085=VECTOR('',#8150,1000.);
#4086=VECTOR('',#8151,1000.);
#4087=VECTOR('',#8152,1000.);
#4088=VECTOR('',#8153,1000.);
#4089=VECTOR('',#8154,1000.);
#4090=VECTOR('',#8155,1000.);
#4091=VECTOR('',#8160,1000.);
#4092=VECTOR('',#8163,1000.);
#4093=VECTOR('',#8164,1000.);
#4094=VECTOR('',#8165,1000.);
#4095=VECTOR('',#8166,1000.);
#4096=VECTOR('',#8167,1000.);
#4097=VECTOR('',#8168,1000.);
#4098=VECTOR('',#8169,1000.);
#4099=VECTOR('',#8170,1000.);
#4100=VECTOR('',#8171,1000.);
#4101=VECTOR('',#8172,1000.);
#4102=VECTOR('',#8173,1000.);
#4103=VECTOR('',#8176,1000.);
#4104=VECTOR('',#8177,1000.);
#4105=VECTOR('',#8178,1000.);
#4106=VECTOR('',#8179,1000.);
#4107=VECTOR('',#8182,1000.);
#4108=VECTOR('',#8183,1000.);
#4109=VECTOR('',#8186,1000.);
#4110=VECTOR('',#8187,1000.);
#4111=VECTOR('',#8190,1000.);
#4112=VECTOR('',#8191,1000.);
#4113=VECTOR('',#8192,1000.);
#4114=VECTOR('',#8195,1000.);
#4115=VECTOR('',#8196,1000.);
#4116=VECTOR('',#8201,1000.);
#4117=VECTOR('',#8202,1000.);
#4118=VECTOR('',#8203,1000.);
#4119=VECTOR('',#8204,1000.);
#4120=VECTOR('',#8207,1000.);
#4121=VECTOR('',#8208,1000.);
#4122=VECTOR('',#8215,1000.);
#4123=VECTOR('',#8216,1000.);
#4124=VECTOR('',#8217,1000.);
#4125=VECTOR('',#8222,1000.);
#4126=VECTOR('',#8225,1000.);
#4127=VECTOR('',#8230,1000.);
#4128=VECTOR('',#8231,1000.);
#4129=VECTOR('',#8234,1000.);
#4130=VECTOR('',#8235,1000.);
#4131=VECTOR('',#8236,1000.);
#4132=VECTOR('',#8237,1000.);
#4133=VECTOR('',#8238,1000.);
#4134=VECTOR('',#8241,1000.);
#4135=VECTOR('',#8242,1000.);
#4136=VECTOR('',#8243,1000.);
#4137=VECTOR('',#8244,1000.);
#4138=VECTOR('',#8245,1000.);
#4139=VECTOR('',#8246,1000.);
#4140=VECTOR('',#8251,1000.);
#4141=VECTOR('',#8252,1000.);
#4142=VECTOR('',#8253,1000.);
#4143=VECTOR('',#8254,1000.);
#4144=VECTOR('',#8257,1000.);
#4145=VECTOR('',#8260,1000.);
#4146=VECTOR('',#8261,1000.);
#4147=VECTOR('',#8262,1000.);
#4148=VECTOR('',#8265,1000.);
#4149=VECTOR('',#8276,1000.);
#4150=VECTOR('',#8279,1000.);
#4151=VECTOR('',#8282,1000.);
#4152=VECTOR('',#8285,1000.);
#4153=VECTOR('',#8288,1000.);
#4154=VECTOR('',#8291,1000.);
#4155=VECTOR('',#8294,1000.);
#4156=VECTOR('',#8297,1000.);
#4157=VECTOR('',#8300,1000.);
#4158=VECTOR('',#8303,1000.);
#4159=VECTOR('',#8306,1000.);
#4160=VECTOR('',#8309,1000.);
#4161=VECTOR('',#8312,1000.);
#4162=VECTOR('',#8315,1000.);
#4163=VECTOR('',#8318,1000.);
#4164=VECTOR('',#8321,1000.);
#4165=VECTOR('',#8324,1000.);
#4166=VECTOR('',#8327,1000.);
#4167=VECTOR('',#8330,1000.);
#4168=VECTOR('',#8333,1000.);
#4169=VECTOR('',#8334,1000.);
#4170=VECTOR('',#8335,1000.);
#4171=VECTOR('',#8338,1000.);
#4172=VECTOR('',#8339,1000.);
#4173=VECTOR('',#8340,1000.);
#4174=VECTOR('',#8343,1000.);
#4175=VECTOR('',#8344,1000.);
#4176=VECTOR('',#8347,1000.);
#4177=VECTOR('',#8348,1000.);
#4178=VECTOR('',#8351,1000.);
#4179=VECTOR('',#8352,1000.);
#4180=VECTOR('',#8353,1000.);
#4181=VECTOR('',#8356,1000.);
#4182=VECTOR('',#8357,1000.);
#4183=VECTOR('',#8360,1000.);
#4184=VECTOR('',#8363,1000.);
#4185=VECTOR('',#8368,1000.);
#4186=VECTOR('',#8371,1000.);
#4187=VECTOR('',#8374,1000.);
#4188=VECTOR('',#8379,1000.);
#4189=VECTOR('',#8382,1000.);
#4190=VECTOR('',#8393,1000.);
#4191=VECTOR('',#8396,1000.);
#4192=VECTOR('',#8403,1000.);
#4193=VECTOR('',#8406,1000.);
#4194=VECTOR('',#8413,1000.);
#4195=VECTOR('',#8416,1000.);
#4196=VECTOR('',#8421,1000.);
#4197=VECTOR('',#8424,1000.);
#4198=VECTOR('',#8429,1000.);
#4199=VECTOR('',#8434,1000.);
#4200=VECTOR('',#8437,1000.);
#4201=VECTOR('',#8444,1000.);
#4202=VECTOR('',#8455,1000.);
#4203=VECTOR('',#8458,1000.);
#4204=VECTOR('',#8461,1000.);
#4205=VECTOR('',#8462,1000.);
#4206=VECTOR('',#8467,1000.);
#4207=VECTOR('',#8470,1000.);
#4208=VECTOR('',#8471,1000.);
#4209=VECTOR('',#8476,1000.);
#4210=VECTOR('',#8479,1000.);
#4211=VECTOR('',#8480,1000.);
#4212=VECTOR('',#8485,1000.);
#4213=VECTOR('',#8488,1000.);
#4214=VECTOR('',#8493,1000.);
#4215=VECTOR('',#8496,1000.);
#4216=VECTOR('',#8499,1000.);
#4217=VECTOR('',#8500,1000.);
#4218=VECTOR('',#8505,1000.);
#4219=VECTOR('',#8508,1000.);
#4220=VECTOR('',#8509,1000.);
#4221=VECTOR('',#8514,1000.);
#4222=VECTOR('',#8517,1000.);
#4223=VECTOR('',#8518,1000.);
#4224=VECTOR('',#8523,1000.);
#4225=VECTOR('',#8526,1000.);
#4226=VECTOR('',#8531,1000.);
#4227=VECTOR('',#8534,1000.);
#4228=VECTOR('',#8537,1000.);
#4229=VECTOR('',#8538,1000.);
#4230=VECTOR('',#8543,1000.);
#4231=VECTOR('',#8546,1000.);
#4232=VECTOR('',#8547,1000.);
#4233=VECTOR('',#8552,1000.);
#4234=VECTOR('',#8555,1000.);
#4235=VECTOR('',#8556,1000.);
#4236=VECTOR('',#8561,1000.);
#4237=VECTOR('',#8564,1000.);
#4238=VECTOR('',#8569,1000.);
#4239=VECTOR('',#8572,1000.);
#4240=VECTOR('',#8575,1000.);
#4241=VECTOR('',#8576,1000.);
#4242=VECTOR('',#8581,1000.);
#4243=VECTOR('',#8584,1000.);
#4244=VECTOR('',#8585,1000.);
#4245=VECTOR('',#8590,1000.);
#4246=VECTOR('',#8593,1000.);
#4247=VECTOR('',#8594,1000.);
#4248=VECTOR('',#8599,1000.);
#4249=VECTOR('',#8602,1000.);
#4250=VECTOR('',#8639,1000.);
#4251=VECTOR('',#8642,1000.);
#4252=VECTOR('',#8645,1000.);
#4253=VECTOR('',#8648,1000.);
#4254=VECTOR('',#8653,1000.);
#4255=VECTOR('',#8656,1000.);
#4256=VECTOR('',#8659,1000.);
#4257=VECTOR('',#8662,1000.);
#4258=VECTOR('',#8667,1000.);
#4259=VECTOR('',#8672,1000.);
#4260=VECTOR('',#8675,1000.);
#4261=VECTOR('',#8680,1000.);
#4262=VECTOR('',#8685,1000.);
#4263=VECTOR('',#8688,1000.);
#4264=VECTOR('',#8691,1000.);
#4265=VECTOR('',#8694,1000.);
#4266=VECTOR('',#8697,1000.);
#4267=VECTOR('',#8702,1000.);
#4268=VECTOR('',#8707,1000.);
#4269=VECTOR('',#8708,1000.);
#4270=VECTOR('',#8711,1000.);
#4271=VECTOR('',#8714,1000.);
#4272=VECTOR('',#8717,1000.);
#4273=VECTOR('',#8720,1000.);
#4274=VECTOR('',#8725,1000.);
#4275=VECTOR('',#8728,1000.);
#4276=VECTOR('',#8731,1000.);
#4277=VECTOR('',#8734,1000.);
#4278=VECTOR('',#8739,1000.);
#4279=VECTOR('',#8742,1000.);
#4280=VECTOR('',#8745,1000.);
#4281=VECTOR('',#8748,1000.);
#4282=VECTOR('',#8753,1000.);
#4283=VECTOR('',#8754,1000.);
#4284=VECTOR('',#8757,1000.);
#4285=VECTOR('',#8760,1000.);
#4286=VECTOR('',#8763,1000.);
#4287=VECTOR('',#8766,1000.);
#4288=VECTOR('',#8769,1000.);
#4289=VECTOR('',#8772,1000.);
#4290=VECTOR('',#8783,1000.);
#4291=VECTOR('',#8786,1000.);
#4292=VECTOR('',#8791,1000.);
#4293=VECTOR('',#8796,1000.);
#4294=VECTOR('',#8807,1000.);
#4295=VECTOR('',#8810,1000.);
#4296=VECTOR('',#8815,1000.);
#4297=VECTOR('',#8820,1000.);
#4298=VECTOR('',#8831,1000.);
#4299=VECTOR('',#8836,1000.);
#4300=VECTOR('',#8839,1000.);
#4301=VECTOR('',#8848,1000.);
#4302=VECTOR('',#8853,1000.);
#4303=VECTOR('',#8856,1000.);
#4304=VECTOR('',#8857,1000.);
#4305=VECTOR('',#8858,1000.);
#4306=VECTOR('',#8861,1000.);
#4307=VECTOR('',#8862,1000.);
#4308=VECTOR('',#8863,1000.);
#4309=VECTOR('',#8866,1000.);
#4310=VECTOR('',#8869,1000.);
#4311=VECTOR('',#8870,1000.);
#4312=VECTOR('',#8871,1000.);
#4313=VECTOR('',#8874,1000.);
#4314=VECTOR('',#8879,1000.);
#4315=VECTOR('',#8882,1000.);
#4316=VECTOR('',#8885,1000.);
#4317=VECTOR('',#8886,1000.);
#4318=VECTOR('',#8887,1000.);
#4319=VECTOR('',#8890,1000.);
#4320=VECTOR('',#8893,1000.);
#4321=VECTOR('',#8894,1000.);
#4322=VECTOR('',#8901,1000.);
#4323=VECTOR('',#8904,1000.);
#4324=VECTOR('',#8905,1000.);
#4325=VECTOR('',#8914,1000.);
#4326=VECTOR('',#8917,1000.);
#4327=VECTOR('',#8920,1000.);
#4328=VECTOR('',#8923,1000.);
#4329=VECTOR('',#8926,1000.);
#4330=VECTOR('',#8929,1000.);
#4331=VECTOR('',#8932,1000.);
#4332=VECTOR('',#8935,1000.);
#4333=VECTOR('',#8938,1000.);
#4334=VECTOR('',#8941,1000.);
#4335=VECTOR('',#8948,1000.);
#4336=VECTOR('',#8953,1000.);
#4337=VECTOR('',#8954,1000.);
#4338=VECTOR('',#8955,1000.);
#4339=VECTOR('',#8960,1000.);
#4340=VECTOR('',#8965,1000.);
#4341=VECTOR('',#8966,1000.);
#4342=VECTOR('',#8967,1000.);
#4343=VECTOR('',#8970,1000.);
#4344=VECTOR('',#8971,1000.);
#4345=VECTOR('',#8972,1000.);
#4346=VECTOR('',#8975,1000.);
#4347=VECTOR('',#8976,1000.);
#4348=VECTOR('',#8977,1000.);
#4349=VECTOR('',#8982,1000.);
#4350=VECTOR('',#8987,1000.);
#4351=VECTOR('',#8988,1000.);
#4352=VECTOR('',#8989,1000.);
#4353=VECTOR('',#9006,1000.);
#4354=VECTOR('',#9009,1000.);
#4355=VECTOR('',#9010,1000.);
#4356=VECTOR('',#9011,1000.);
#4357=VECTOR('',#9018,1000.);
#4358=VECTOR('',#9021,1000.);
#4359=VECTOR('',#9022,1000.);
#4360=VECTOR('',#9023,1000.);
#4361=VECTOR('',#9026,1000.);
#4362=VECTOR('',#9027,1000.);
#4363=VECTOR('',#9028,1000.);
#4364=VECTOR('',#9031,1000.);
#4365=VECTOR('',#9032,1000.);
#4366=VECTOR('',#9033,1000.);
#4367=VECTOR('',#9040,1000.);
#4368=VECTOR('',#9043,1000.);
#4369=VECTOR('',#9044,1000.);
#4370=VECTOR('',#9045,1000.);
#4371=VECTOR('',#9060,1000.);
#4372=VECTOR('',#9063,1000.);
#4373=VECTOR('',#9064,1000.);
#4374=VECTOR('',#9065,1000.);
#4375=VECTOR('',#9068,1000.);
#4376=VECTOR('',#9077,1000.);
#4377=VECTOR('',#9080,1000.);
#4378=VECTOR('',#9081,1000.);
#4379=VECTOR('',#9082,1000.);
#4380=VECTOR('',#9085,1000.);
#4381=VECTOR('',#9088,1000.);
#4382=VECTOR('',#9091,1000.);
#4383=VECTOR('',#9094,1000.);
#4384=VECTOR('',#9097,1000.);
#4385=VECTOR('',#9100,1000.);
#4386=VECTOR('',#9103,1000.);
#4387=VECTOR('',#9106,1000.);
#4388=VECTOR('',#9109,1000.);
#4389=VECTOR('',#9116,1000.);
#4390=VECTOR('',#9117,1000.);
#4391=VECTOR('',#9118,1000.);
#4392=VECTOR('',#9119,1000.);
#4393=VECTOR('',#9120,1000.);
#4394=VECTOR('',#9121,1000.);
#4395=VECTOR('',#9122,1000.);
#4396=VECTOR('',#9123,1000.);
#4397=VECTOR('',#9124,1000.);
#4398=VECTOR('',#9125,1000.);
#4399=VECTOR('',#9126,1000.);
#4400=VECTOR('',#9127,1000.);
#4401=VECTOR('',#9128,1000.);
#4402=VECTOR('',#9129,1000.);
#4403=VECTOR('',#9130,1000.);
#4404=VECTOR('',#9131,1000.);
#4405=VECTOR('',#9132,1000.);
#4406=VECTOR('',#9133,1000.);
#4407=VECTOR('',#9134,1000.);
#4408=VECTOR('',#9135,1000.);
#4409=VECTOR('',#9136,1000.);
#4410=VECTOR('',#9137,1000.);
#4411=VECTOR('',#9138,1000.);
#4412=VECTOR('',#9139,1000.);
#4413=VECTOR('',#9140,1000.);
#4414=VECTOR('',#9141,1000.);
#4415=VECTOR('',#9142,1000.);
#4416=VECTOR('',#9143,1000.);
#4417=VECTOR('',#9146,1000.);
#4418=VECTOR('',#9147,1000.);
#4419=VECTOR('',#9148,1000.);
#4420=VECTOR('',#9151,1000.);
#4421=VECTOR('',#9152,1000.);
#4422=VECTOR('',#9155,1000.);
#4423=VECTOR('',#9156,1000.);
#4424=VECTOR('',#9159,1000.);
#4425=VECTOR('',#9160,1000.);
#4426=VECTOR('',#9161,1000.);
#4427=VECTOR('',#9164,1000.);
#4428=VECTOR('',#9165,1000.);
#4429=VECTOR('',#9166,1000.);
#4430=VECTOR('',#9169,1000.);
#4431=VECTOR('',#9170,1000.);
#4432=VECTOR('',#9171,1000.);
#4433=VECTOR('',#9174,1000.);
#4434=VECTOR('',#9175,1000.);
#4435=VECTOR('',#9178,1000.);
#4436=VECTOR('',#9179,1000.);
#4437=VECTOR('',#9182,1000.);
#4438=VECTOR('',#9183,1000.);
#4439=VECTOR('',#9186,1000.);
#4440=VECTOR('',#9187,1000.);
#4441=VECTOR('',#9188,1000.);
#4442=VECTOR('',#9191,1000.);
#4443=VECTOR('',#9192,1000.);
#4444=VECTOR('',#9193,1000.);
#4445=VECTOR('',#9196,1000.);
#4446=VECTOR('',#9197,1000.);
#4447=VECTOR('',#9198,1000.);
#4448=VECTOR('',#9201,1000.);
#4449=VECTOR('',#9202,1000.);
#4450=VECTOR('',#9205,1000.);
#4451=VECTOR('',#9206,1000.);
#4452=VECTOR('',#9207,1000.);
#4453=VECTOR('',#9210,1000.);
#4454=VECTOR('',#9211,1000.);
#4455=VECTOR('',#9212,1000.);
#4456=VECTOR('',#9215,1000.);
#4457=VECTOR('',#9216,1000.);
#4458=VECTOR('',#9217,1000.);
#4459=VECTOR('',#9220,1000.);
#4460=VECTOR('',#9221,1000.);
#4461=VECTOR('',#9224,1000.);
#4462=VECTOR('',#9225,1000.);
#4463=VECTOR('',#9226,1000.);
#4464=VECTOR('',#9229,1000.);
#4465=VECTOR('',#9230,1000.);
#4466=VECTOR('',#9231,1000.);
#4467=VECTOR('',#9234,1000.);
#4468=VECTOR('',#9235,1000.);
#4469=VECTOR('',#9248,1000.);
#4470=VECTOR('',#9249,1000.);
#4471=VECTOR('',#9250,1000.);
#4472=VECTOR('',#9253,1000.);
#4473=VECTOR('',#9254,1000.);
#4474=VECTOR('',#9257,1000.);
#4475=VECTOR('',#9258,1000.);
#4476=VECTOR('',#9261,1000.);
#4477=VECTOR('',#9266,1000.);
#4478=VECTOR('',#9267,1000.);
#4479=VECTOR('',#9268,1000.);
#4480=VECTOR('',#9271,1000.);
#4481=VECTOR('',#9272,1000.);
#4482=VECTOR('',#9275,1000.);
#4483=VECTOR('',#9276,1000.);
#4484=VECTOR('',#9279,1000.);
#4485=EDGE_LOOP('',(#281,#282,#283,#284));
#4486=EDGE_LOOP('',(#285,#286,#287,#288));
#4487=EDGE_LOOP('',(#289,#290,#291,#292));
#4488=EDGE_LOOP('',(#293,#294,#295,#296));
#4489=EDGE_LOOP('',(#297,#298,#299,#300));
#4490=EDGE_LOOP('',(#301,#302,#303,#304));
#4491=EDGE_LOOP('',(#305,#306,#307,#308,#309,#310,#311,#312));
#4492=EDGE_LOOP('',(#313,#314,#315,#316,#317,#318,#319,#320,#321,#322,#323,
#324,#325,#326,#327,#328,#329,#330,#331,#332,#333,#334,#335,#336,#337,#338,
#339,#340,#341,#342));
#4493=EDGE_LOOP('',(#343,#344,#345,#346,#347,#348));
#4494=EDGE_LOOP('',(#349,#350,#351,#352,#353,#354));
#4495=EDGE_LOOP('',(#355,#356,#357,#358,#359,#360,#361,#362));
#4496=EDGE_LOOP('',(#363,#364,#365,#366,#367,#368,#369,#370,#371,#372,#373,
#374,#375,#376,#377,#378,#379,#380,#381,#382,#383,#384,#385,#386,#387,#388,
#389,#390,#391,#392,#393,#394,#395,#396,#397,#398,#399,#400,#401,#402,#403,
#404,#405));
#4497=EDGE_LOOP('',(#406,#407,#408,#409,#410,#411,#412,#413,#414,#415,#416,
#417,#418,#419,#420,#421,#422,#423,#424,#425));
#4498=EDGE_LOOP('',(#426,#427,#428,#429,#430,#431));
#4499=EDGE_LOOP('',(#432,#433,#434,#435,#436,#437));
#4500=EDGE_LOOP('',(#438,#439,#440,#441,#442,#443,#444,#445,#446,#447,#448,
#449));
#4501=EDGE_LOOP('',(#450,#451,#452,#453,#454,#455));
#4502=EDGE_LOOP('',(#456,#457,#458,#459));
#4503=EDGE_LOOP('',(#460,#461,#462,#463));
#4504=EDGE_LOOP('',(#464,#465,#466,#467,#468,#469,#470,#471,#472));
#4505=EDGE_LOOP('',(#473,#474,#475,#476,#477,#478,#479,#480,#481));
#4506=EDGE_LOOP('',(#482,#483,#484,#485,#486,#487,#488,#489,#490,#491,#492,
#493));
#4507=EDGE_LOOP('',(#494,#495,#496,#497,#498,#499));
#4508=EDGE_LOOP('',(#500,#501,#502,#503,#504,#505,#506,#507,#508,#509,#510,
#511,#512,#513,#514,#515,#516,#517,#518,#519,#520,#521,#522,#523));
#4509=EDGE_LOOP('',(#524,#525,#526,#527));
#4510=EDGE_LOOP('',(#528,#529,#530,#531,#532,#533,#534,#535));
#4511=EDGE_LOOP('',(#536,#537,#538,#539,#540,#541,#542,#543));
#4512=EDGE_LOOP('',(#544,#545,#546,#547,#548));
#4513=EDGE_LOOP('',(#549,#550,#551,#552,#553,#554,#555,#556,#557,#558,#559,
#560,#561,#562,#563,#564,#565,#566,#567,#568,#569,#570,#571,#572,#573,#574,
#575,#576,#577,#578,#579,#580,#581,#582,#583,#584,#585,#586,#587,#588,#589,
#590,#591,#592,#593,#594));
#4514=EDGE_LOOP('',(#595,#596,#597,#598,#599));
#4515=EDGE_LOOP('',(#600,#601,#602,#603,#604));
#4516=EDGE_LOOP('',(#605,#606,#607,#608,#609,#610,#611,#612,#613,#614,#615,
#616,#617,#618,#619,#620,#621,#622,#623,#624,#625,#626,#627,#628,#629,#630,
#631,#632,#633,#634,#635,#636,#637,#638,#639));
#4517=EDGE_LOOP('',(#640,#641,#642,#643,#644,#645));
#4518=EDGE_LOOP('',(#646,#647,#648,#649,#650));
#4519=EDGE_LOOP('',(#651,#652,#653,#654,#655));
#4520=EDGE_LOOP('',(#656,#657,#658,#659));
#4521=EDGE_LOOP('',(#660,#661,#662,#663));
#4522=EDGE_LOOP('',(#664,#665,#666,#667,#668));
#4523=EDGE_LOOP('',(#669,#670,#671,#672,#673));
#4524=EDGE_LOOP('',(#674,#675,#676,#677,#678));
#4525=EDGE_LOOP('',(#679,#680,#681,#682,#683,#684,#685));
#4526=EDGE_LOOP('',(#686,#687,#688,#689));
#4527=EDGE_LOOP('',(#690,#691,#692,#693,#694,#695,#696,#697,#698));
#4528=EDGE_LOOP('',(#699,#700,#701,#702,#703,#704,#705,#706,#707));
#4529=EDGE_LOOP('',(#708,#709,#710,#711,#712,#713,#714,#715));
#4530=EDGE_LOOP('',(#716,#717,#718,#719,#720,#721,#722,#723));
#4531=EDGE_LOOP('',(#724,#725,#726,#727));
#4532=EDGE_LOOP('',(#728));
#4533=EDGE_LOOP('',(#729));
#4534=EDGE_LOOP('',(#730));
#4535=EDGE_LOOP('',(#731));
#4536=EDGE_LOOP('',(#732,#733,#734,#735,#736,#737,#738,#739));
#4537=EDGE_LOOP('',(#740,#741,#742,#743,#744,#745,#746,#747));
#4538=EDGE_LOOP('',(#748,#749,#750,#751,#752,#753,#754,#755));
#4539=EDGE_LOOP('',(#756,#757,#758,#759,#760,#761,#762,#763));
#4540=EDGE_LOOP('',(#764,#765,#766,#767));
#4541=EDGE_LOOP('',(#768,#769,#770,#771));
#4542=EDGE_LOOP('',(#772,#773,#774,#775,#776,#777));
#4543=EDGE_LOOP('',(#778,#779,#780,#781));
#4544=EDGE_LOOP('',(#782,#783,#784,#785));
#4545=EDGE_LOOP('',(#786,#787,#788,#789));
#4546=EDGE_LOOP('',(#790,#791,#792,#793));
#4547=EDGE_LOOP('',(#794,#795,#796,#797));
#4548=EDGE_LOOP('',(#798,#799,#800,#801));
#4549=EDGE_LOOP('',(#802,#803,#804,#805,#806,#807,#808,#809));
#4550=EDGE_LOOP('',(#810,#811,#812,#813,#814,#815,#816,#817));
#4551=EDGE_LOOP('',(#818,#819,#820,#821,#822,#823));
#4552=EDGE_LOOP('',(#824,#825,#826,#827));
#4553=EDGE_LOOP('',(#828,#829,#830,#831,#832,#833));
#4554=EDGE_LOOP('',(#834,#835,#836,#837,#838,#839,#840,#841));
#4555=EDGE_LOOP('',(#842,#843,#844,#845,#846,#847,#848,#849));
#4556=EDGE_LOOP('',(#850,#851,#852,#853));
#4557=EDGE_LOOP('',(#854,#855,#856,#857));
#4558=EDGE_LOOP('',(#858,#859,#860,#861));
#4559=EDGE_LOOP('',(#862,#863,#864,#865,#866,#867,#868));
#4560=EDGE_LOOP('',(#869,#870,#871,#872));
#4561=EDGE_LOOP('',(#873,#874,#875,#876,#877,#878));
#4562=EDGE_LOOP('',(#879,#880,#881,#882));
#4563=EDGE_LOOP('',(#883,#884,#885,#886));
#4564=EDGE_LOOP('',(#887,#888,#889,#890));
#4565=EDGE_LOOP('',(#891,#892,#893,#894));
#4566=EDGE_LOOP('',(#895,#896,#897,#898));
#4567=EDGE_LOOP('',(#899,#900,#901,#902));
#4568=EDGE_LOOP('',(#903,#904,#905,#906));
#4569=EDGE_LOOP('',(#907,#908,#909,#910));
#4570=EDGE_LOOP('',(#911,#912,#913,#914,#915,#916,#917));
#4571=EDGE_LOOP('',(#918,#919,#920,#921));
#4572=EDGE_LOOP('',(#922,#923,#924,#925));
#4573=EDGE_LOOP('',(#926,#927,#928,#929));
#4574=EDGE_LOOP('',(#930,#931,#932,#933,#934));
#4575=EDGE_LOOP('',(#935,#936,#937,#938));
#4576=EDGE_LOOP('',(#939,#940,#941,#942));
#4577=EDGE_LOOP('',(#943,#944,#945,#946));
#4578=EDGE_LOOP('',(#947,#948,#949,#950));
#4579=EDGE_LOOP('',(#951,#952,#953,#954));
#4580=EDGE_LOOP('',(#955,#956,#957,#958));
#4581=EDGE_LOOP('',(#959,#960,#961,#962));
#4582=EDGE_LOOP('',(#963,#964,#965,#966));
#4583=EDGE_LOOP('',(#967,#968,#969,#970));
#4584=EDGE_LOOP('',(#971,#972,#973,#974));
#4585=EDGE_LOOP('',(#975,#976,#977,#978));
#4586=EDGE_LOOP('',(#979,#980,#981,#982));
#4587=EDGE_LOOP('',(#983,#984,#985,#986,#987,#988,#989,#990));
#4588=EDGE_LOOP('',(#991,#992,#993,#994));
#4589=EDGE_LOOP('',(#995,#996,#997,#998));
#4590=EDGE_LOOP('',(#999,#1000,#1001,#1002));
#4591=EDGE_LOOP('',(#1003,#1004,#1005,#1006));
#4592=EDGE_LOOP('',(#1007,#1008,#1009,#1010));
#4593=EDGE_LOOP('',(#1011,#1012,#1013,#1014));
#4594=EDGE_LOOP('',(#1015,#1016,#1017,#1018));
#4595=EDGE_LOOP('',(#1019,#1020,#1021,#1022));
#4596=EDGE_LOOP('',(#1023,#1024,#1025,#1026,#1027,#1028,#1029,#1030));
#4597=EDGE_LOOP('',(#1031,#1032,#1033,#1034));
#4598=EDGE_LOOP('',(#1035,#1036,#1037,#1038));
#4599=EDGE_LOOP('',(#1039,#1040,#1041,#1042));
#4600=EDGE_LOOP('',(#1043,#1044,#1045,#1046));
#4601=EDGE_LOOP('',(#1047,#1048,#1049,#1050));
#4602=EDGE_LOOP('',(#1051,#1052,#1053,#1054));
#4603=EDGE_LOOP('',(#1055,#1056,#1057,#1058));
#4604=EDGE_LOOP('',(#1059,#1060,#1061,#1062));
#4605=EDGE_LOOP('',(#1063,#1064,#1065,#1066,#1067,#1068,#1069,#1070));
#4606=EDGE_LOOP('',(#1071,#1072,#1073,#1074));
#4607=EDGE_LOOP('',(#1075,#1076,#1077,#1078));
#4608=EDGE_LOOP('',(#1079,#1080,#1081,#1082));
#4609=EDGE_LOOP('',(#1083,#1084,#1085,#1086));
#4610=EDGE_LOOP('',(#1087,#1088,#1089,#1090));
#4611=EDGE_LOOP('',(#1091,#1092,#1093,#1094));
#4612=EDGE_LOOP('',(#1095,#1096,#1097,#1098));
#4613=EDGE_LOOP('',(#1099,#1100,#1101,#1102));
#4614=EDGE_LOOP('',(#1103,#1104,#1105,#1106,#1107,#1108,#1109,#1110));
#4615=EDGE_LOOP('',(#1111));
#4616=EDGE_LOOP('',(#1112));
#4617=EDGE_LOOP('',(#1113));
#4618=EDGE_LOOP('',(#1114));
#4619=EDGE_LOOP('',(#1115));
#4620=EDGE_LOOP('',(#1116));
#4621=EDGE_LOOP('',(#1117));
#4622=EDGE_LOOP('',(#1118));
#4623=EDGE_LOOP('',(#1119));
#4624=EDGE_LOOP('',(#1120));
#4625=EDGE_LOOP('',(#1121));
#4626=EDGE_LOOP('',(#1122));
#4627=EDGE_LOOP('',(#1123));
#4628=EDGE_LOOP('',(#1124));
#4629=EDGE_LOOP('',(#1125));
#4630=EDGE_LOOP('',(#1126));
#4631=EDGE_LOOP('',(#1127,#1128,#1129,#1130,#1131,#1132,#1133,#1134,#1135,
#1136,#1137,#1138,#1139,#1140,#1141,#1142,#1143,#1144,#1145,#1146));
#4632=EDGE_LOOP('',(#1147,#1148,#1149,#1150));
#4633=EDGE_LOOP('',(#1151,#1152,#1153,#1154,#1155));
#4634=EDGE_LOOP('',(#1156,#1157,#1158,#1159));
#4635=EDGE_LOOP('',(#1160,#1161,#1162,#1163));
#4636=EDGE_LOOP('',(#1164,#1165,#1166,#1167));
#4637=EDGE_LOOP('',(#1168,#1169,#1170,#1171));
#4638=EDGE_LOOP('',(#1172,#1173,#1174,#1175,#1176));
#4639=EDGE_LOOP('',(#1177,#1178,#1179,#1180,#1181,#1182));
#4640=EDGE_LOOP('',(#1183,#1184,#1185,#1186,#1187));
#4641=EDGE_LOOP('',(#1188,#1189,#1190,#1191));
#4642=EDGE_LOOP('',(#1192,#1193,#1194,#1195));
#4643=EDGE_LOOP('',(#1196,#1197,#1198,#1199));
#4644=EDGE_LOOP('',(#1200,#1201,#1202,#1203));
#4645=EDGE_LOOP('',(#1204,#1205,#1206,#1207,#1208));
#4646=EDGE_LOOP('',(#1209,#1210,#1211,#1212));
#4647=EDGE_LOOP('',(#1213,#1214,#1215,#1216,#1217,#1218));
#4648=EDGE_LOOP('',(#1219,#1220,#1221,#1222,#1223,#1224));
#4649=EDGE_LOOP('',(#1225,#1226,#1227,#1228));
#4650=EDGE_LOOP('',(#1229,#1230,#1231,#1232,#1233));
#4651=EDGE_LOOP('',(#1234,#1235,#1236,#1237));
#4652=EDGE_LOOP('',(#1238,#1239,#1240,#1241));
#4653=EDGE_LOOP('',(#1242,#1243,#1244,#1245));
#4654=EDGE_LOOP('',(#1246,#1247,#1248,#1249));
#4655=EDGE_LOOP('',(#1250,#1251,#1252,#1253,#1254));
#4656=EDGE_LOOP('',(#1255,#1256,#1257,#1258));
#4657=EDGE_LOOP('',(#1259,#1260,#1261,#1262));
#4658=EDGE_LOOP('',(#1263,#1264,#1265,#1266,#1267,#1268));
#4659=EDGE_LOOP('',(#1269,#1270,#1271,#1272,#1273));
#4660=EDGE_LOOP('',(#1274,#1275,#1276,#1277,#1278));
#4661=EDGE_LOOP('',(#1279,#1280,#1281,#1282));
#4662=EDGE_LOOP('',(#1283,#1284,#1285,#1286));
#4663=EDGE_LOOP('',(#1287,#1288,#1289,#1290));
#4664=EDGE_LOOP('',(#1291,#1292,#1293,#1294));
#4665=EDGE_LOOP('',(#1295,#1296,#1297,#1298));
#4666=EDGE_LOOP('',(#1299,#1300,#1301,#1302));
#4667=EDGE_LOOP('',(#1303,#1304,#1305,#1306));
#4668=EDGE_LOOP('',(#1307,#1308,#1309,#1310));
#4669=EDGE_LOOP('',(#1311,#1312,#1313,#1314));
#4670=EDGE_LOOP('',(#1315,#1316,#1317,#1318,#1319,#1320,#1321,#1322));
#4671=EDGE_LOOP('',(#1323,#1324,#1325,#1326));
#4672=EDGE_LOOP('',(#1327,#1328,#1329,#1330));
#4673=EDGE_LOOP('',(#1331,#1332,#1333,#1334));
#4674=EDGE_LOOP('',(#1335,#1336,#1337,#1338));
#4675=EDGE_LOOP('',(#1339,#1340,#1341,#1342,#1343));
#4676=EDGE_LOOP('',(#1344,#1345,#1346,#1347,#1348));
#4677=EDGE_LOOP('',(#1349,#1350,#1351,#1352));
#4678=EDGE_LOOP('',(#1353,#1354,#1355,#1356,#1357,#1358,#1359,#1360));
#4679=EDGE_LOOP('',(#1361,#1362,#1363,#1364));
#4680=EDGE_LOOP('',(#1365,#1366,#1367,#1368));
#4681=EDGE_LOOP('',(#1369,#1370,#1371,#1372));
#4682=EDGE_LOOP('',(#1373,#1374,#1375,#1376));
#4683=EDGE_LOOP('',(#1377,#1378,#1379,#1380,#1381));
#4684=EDGE_LOOP('',(#1382,#1383,#1384,#1385,#1386));
#4685=EDGE_LOOP('',(#1387,#1388,#1389,#1390));
#4686=EDGE_LOOP('',(#1391,#1392,#1393,#1394,#1395,#1396));
#4687=EDGE_LOOP('',(#1397,#1398,#1399,#1400,#1401,#1402));
#4688=EDGE_LOOP('',(#1403,#1404,#1405,#1406,#1407,#1408));
#4689=EDGE_LOOP('',(#1409,#1410,#1411,#1412));
#4690=EDGE_LOOP('',(#1413,#1414,#1415,#1416));
#4691=EDGE_LOOP('',(#1417,#1418,#1419,#1420));
#4692=EDGE_LOOP('',(#1421,#1422,#1423,#1424));
#4693=EDGE_LOOP('',(#1425,#1426,#1427,#1428));
#4694=EDGE_LOOP('',(#1429,#1430,#1431,#1432));
#4695=EDGE_LOOP('',(#1433,#1434,#1435,#1436,#1437,#1438));
#4696=EDGE_LOOP('',(#1439,#1440,#1441,#1442,#1443,#1444,#1445,#1446,#1447,
#1448,#1449,#1450));
#4697=EDGE_LOOP('',(#1451,#1452,#1453,#1454,#1455,#1456,#1457,#1458,#1459,
#1460,#1461,#1462));
#4698=EDGE_LOOP('',(#1463,#1464,#1465,#1466));
#4699=EDGE_LOOP('',(#1467,#1468,#1469,#1470));
#4700=EDGE_LOOP('',(#1471,#1472,#1473,#1474));
#4701=EDGE_LOOP('',(#1475,#1476,#1477,#1478,#1479,#1480,#1481,#1482));
#4702=EDGE_LOOP('',(#1483,#1484,#1485,#1486,#1487,#1488,#1489,#1490));
#4703=EDGE_LOOP('',(#1491,#1492,#1493,#1494));
#4704=EDGE_LOOP('',(#1495,#1496,#1497,#1498));
#4705=EDGE_LOOP('',(#1499,#1500,#1501,#1502));
#4706=EDGE_LOOP('',(#1503,#1504,#1505,#1506));
#4707=EDGE_LOOP('',(#1507,#1508,#1509,#1510));
#4708=EDGE_LOOP('',(#1511,#1512,#1513,#1514));
#4709=EDGE_LOOP('',(#1515,#1516,#1517,#1518));
#4710=EDGE_LOOP('',(#1519,#1520,#1521,#1522));
#4711=EDGE_LOOP('',(#1523,#1524,#1525,#1526));
#4712=EDGE_LOOP('',(#1527,#1528,#1529,#1530));
#4713=EDGE_LOOP('',(#1531,#1532,#1533,#1534));
#4714=EDGE_LOOP('',(#1535,#1536,#1537,#1538));
#4715=EDGE_LOOP('',(#1539,#1540,#1541,#1542));
#4716=EDGE_LOOP('',(#1543,#1544,#1545,#1546));
#4717=EDGE_LOOP('',(#1547,#1548,#1549,#1550));
#4718=EDGE_LOOP('',(#1551,#1552,#1553,#1554));
#4719=EDGE_LOOP('',(#1555,#1556,#1557,#1558));
#4720=EDGE_LOOP('',(#1559,#1560,#1561,#1562,#1563,#1564));
#4721=EDGE_LOOP('',(#1565,#1566,#1567,#1568,#1569,#1570,#1571,#1572,#1573,
#1574));
#4722=EDGE_LOOP('',(#1575,#1576,#1577,#1578,#1579,#1580,#1581,#1582,#1583,
#1584));
#4723=EDGE_LOOP('',(#1585,#1586,#1587,#1588,#1589,#1590));
#4724=EDGE_LOOP('',(#1591,#1592,#1593,#1594));
#4725=EDGE_LOOP('',(#1595,#1596,#1597,#1598));
#4726=EDGE_LOOP('',(#1599,#1600,#1601,#1602));
#4727=EDGE_LOOP('',(#1603,#1604,#1605,#1606));
#4728=EDGE_LOOP('',(#1607,#1608,#1609,#1610));
#4729=EDGE_LOOP('',(#1611,#1612,#1613,#1614));
#4730=EDGE_LOOP('',(#1615,#1616,#1617,#1618));
#4731=EDGE_LOOP('',(#1619,#1620,#1621,#1622));
#4732=EDGE_LOOP('',(#1623,#1624,#1625,#1626,#1627,#1628,#1629,#1630,#1631,
#1632));
#4733=EDGE_LOOP('',(#1633,#1634,#1635,#1636,#1637,#1638,#1639,#1640,#1641,
#1642));
#4734=EDGE_LOOP('',(#1643,#1644,#1645,#1646,#1647,#1648,#1649,#1650,#1651,
#1652));
#4735=EDGE_LOOP('',(#1653,#1654,#1655,#1656,#1657,#1658,#1659,#1660,#1661,
#1662));
#4736=EDGE_LOOP('',(#1663,#1664,#1665,#1666,#1667,#1668));
#4737=EDGE_LOOP('',(#1669,#1670,#1671,#1672));
#4738=EDGE_LOOP('',(#1673,#1674,#1675,#1676));
#4739=EDGE_LOOP('',(#1677,#1678,#1679,#1680));
#4740=EDGE_LOOP('',(#1681,#1682,#1683,#1684));
#4741=EDGE_LOOP('',(#1685,#1686,#1687,#1688));
#4742=EDGE_LOOP('',(#1689,#1690,#1691,#1692));
#4743=EDGE_LOOP('',(#1693,#1694,#1695,#1696));
#4744=EDGE_LOOP('',(#1697,#1698,#1699,#1700));
#4745=EDGE_LOOP('',(#1701,#1702,#1703,#1704));
#4746=EDGE_LOOP('',(#1705,#1706,#1707,#1708,#1709,#1710,#1711,#1712,#1713,
#1714,#1715,#1716,#1717,#1718,#1719,#1720,#1721,#1722,#1723,#1724));
#4747=EDGE_LOOP('',(#1725,#1726,#1727,#1728));
#4748=EDGE_LOOP('',(#1729,#1730,#1731,#1732));
#4749=EDGE_LOOP('',(#1733,#1734,#1735,#1736));
#4750=EDGE_LOOP('',(#1737,#1738,#1739,#1740));
#4751=EDGE_LOOP('',(#1741,#1742,#1743,#1744,#1745));
#4752=EDGE_LOOP('',(#1746,#1747,#1748,#1749));
#4753=EDGE_LOOP('',(#1750,#1751,#1752,#1753,#1754));
#4754=EDGE_LOOP('',(#1755,#1756,#1757,#1758));
#4755=EDGE_LOOP('',(#1759,#1760,#1761,#1762));
#4756=EDGE_LOOP('',(#1763,#1764,#1765,#1766));
#4757=EDGE_LOOP('',(#1767,#1768,#1769,#1770,#1771));
#4758=EDGE_LOOP('',(#1772,#1773,#1774,#1775));
#4759=EDGE_LOOP('',(#1776,#1777,#1778,#1779,#1780));
#4760=EDGE_LOOP('',(#1781,#1782,#1783,#1784));
#4761=EDGE_LOOP('',(#1785,#1786,#1787,#1788,#1789));
#4762=EDGE_LOOP('',(#1790,#1791,#1792,#1793));
#4763=EDGE_LOOP('',(#1794,#1795,#1796,#1797,#1798));
#4764=EDGE_LOOP('',(#1799,#1800,#1801,#1802));
#4765=EDGE_LOOP('',(#1803,#1804,#1805,#1806,#1807));
#4766=EDGE_LOOP('',(#1808,#1809,#1810,#1811));
#4767=EDGE_LOOP('',(#1812,#1813,#1814,#1815,#1816));
#4768=EDGE_LOOP('',(#1817,#1818,#1819,#1820,#1821,#1822,#1823,#1824,#1825,
#1826,#1827,#1828,#1829,#1830,#1831,#1832,#1833,#1834,#1835,#1836));
#4769=EDGE_LOOP('',(#1837,#1838,#1839,#1840));
#4770=EDGE_LOOP('',(#1841,#1842,#1843,#1844));
#4771=EDGE_LOOP('',(#1845,#1846,#1847,#1848));
#4772=EDGE_LOOP('',(#1849,#1850,#1851,#1852));
#4773=EDGE_LOOP('',(#1853,#1854,#1855,#1856));
#4774=EDGE_LOOP('',(#1857,#1858,#1859,#1860));
#4775=EDGE_LOOP('',(#1861,#1862,#1863,#1864));
#4776=EDGE_LOOP('',(#1865,#1866,#1867,#1868));
#4777=EDGE_LOOP('',(#1869,#1870,#1871,#1872));
#4778=EDGE_LOOP('',(#1873,#1874,#1875,#1876));
#4779=EDGE_LOOP('',(#1877,#1878,#1879,#1880));
#4780=EDGE_LOOP('',(#1881,#1882,#1883,#1884));
#4781=EDGE_LOOP('',(#1885,#1886,#1887,#1888));
#4782=EDGE_LOOP('',(#1889,#1890,#1891,#1892));
#4783=FACE_BOUND('',#4485,.T.);
#4784=FACE_BOUND('',#4486,.T.);
#4785=FACE_BOUND('',#4487,.T.);
#4786=FACE_BOUND('',#4488,.T.);
#4787=FACE_BOUND('',#4489,.T.);
#4788=FACE_BOUND('',#4490,.T.);
#4789=FACE_BOUND('',#4491,.T.);
#4790=FACE_BOUND('',#4492,.T.);
#4791=FACE_BOUND('',#4493,.T.);
#4792=FACE_BOUND('',#4494,.T.);
#4793=FACE_BOUND('',#4495,.T.);
#4794=FACE_BOUND('',#4496,.T.);
#4795=FACE_BOUND('',#4497,.T.);
#4796=FACE_BOUND('',#4498,.T.);
#4797=FACE_BOUND('',#4499,.T.);
#4798=FACE_BOUND('',#4500,.T.);
#4799=FACE_BOUND('',#4501,.T.);
#4800=FACE_BOUND('',#4502,.T.);
#4801=FACE_BOUND('',#4503,.T.);
#4802=FACE_BOUND('',#4504,.T.);
#4803=FACE_BOUND('',#4505,.T.);
#4804=FACE_BOUND('',#4506,.T.);
#4805=FACE_BOUND('',#4507,.T.);
#4806=FACE_BOUND('',#4508,.T.);
#4807=FACE_BOUND('',#4509,.T.);
#4808=FACE_BOUND('',#4510,.T.);
#4809=FACE_BOUND('',#4511,.T.);
#4810=FACE_BOUND('',#4512,.T.);
#4811=FACE_BOUND('',#4513,.T.);
#4812=FACE_BOUND('',#4514,.T.);
#4813=FACE_BOUND('',#4515,.T.);
#4814=FACE_BOUND('',#4516,.T.);
#4815=FACE_BOUND('',#4517,.T.);
#4816=FACE_BOUND('',#4518,.T.);
#4817=FACE_BOUND('',#4519,.T.);
#4818=FACE_BOUND('',#4520,.T.);
#4819=FACE_BOUND('',#4521,.T.);
#4820=FACE_BOUND('',#4522,.T.);
#4821=FACE_BOUND('',#4523,.T.);
#4822=FACE_BOUND('',#4524,.T.);
#4823=FACE_BOUND('',#4525,.T.);
#4824=FACE_BOUND('',#4526,.T.);
#4825=FACE_BOUND('',#4527,.T.);
#4826=FACE_BOUND('',#4528,.T.);
#4827=FACE_BOUND('',#4529,.T.);
#4828=FACE_BOUND('',#4530,.T.);
#4829=FACE_BOUND('',#4531,.T.);
#4830=FACE_BOUND('',#4532,.T.);
#4831=FACE_BOUND('',#4533,.T.);
#4832=FACE_BOUND('',#4534,.T.);
#4833=FACE_BOUND('',#4535,.T.);
#4834=FACE_BOUND('',#4536,.T.);
#4835=FACE_BOUND('',#4537,.T.);
#4836=FACE_BOUND('',#4538,.T.);
#4837=FACE_BOUND('',#4539,.T.);
#4838=FACE_BOUND('',#4540,.T.);
#4839=FACE_BOUND('',#4541,.T.);
#4840=FACE_BOUND('',#4542,.T.);
#4841=FACE_BOUND('',#4543,.T.);
#4842=FACE_BOUND('',#4544,.T.);
#4843=FACE_BOUND('',#4545,.T.);
#4844=FACE_BOUND('',#4546,.T.);
#4845=FACE_BOUND('',#4547,.T.);
#4846=FACE_BOUND('',#4548,.T.);
#4847=FACE_BOUND('',#4549,.T.);
#4848=FACE_BOUND('',#4550,.T.);
#4849=FACE_BOUND('',#4551,.T.);
#4850=FACE_BOUND('',#4552,.T.);
#4851=FACE_BOUND('',#4553,.T.);
#4852=FACE_BOUND('',#4554,.T.);
#4853=FACE_BOUND('',#4555,.T.);
#4854=FACE_BOUND('',#4556,.T.);
#4855=FACE_BOUND('',#4557,.T.);
#4856=FACE_BOUND('',#4558,.T.);
#4857=FACE_BOUND('',#4559,.T.);
#4858=FACE_BOUND('',#4560,.T.);
#4859=FACE_BOUND('',#4561,.T.);
#4860=FACE_BOUND('',#4562,.T.);
#4861=FACE_BOUND('',#4563,.T.);
#4862=FACE_BOUND('',#4564,.T.);
#4863=FACE_BOUND('',#4565,.T.);
#4864=FACE_BOUND('',#4566,.T.);
#4865=FACE_BOUND('',#4567,.T.);
#4866=FACE_BOUND('',#4568,.T.);
#4867=FACE_BOUND('',#4569,.T.);
#4868=FACE_BOUND('',#4570,.T.);
#4869=FACE_BOUND('',#4571,.T.);
#4870=FACE_BOUND('',#4572,.T.);
#4871=FACE_BOUND('',#4573,.T.);
#4872=FACE_BOUND('',#4574,.T.);
#4873=FACE_BOUND('',#4575,.T.);
#4874=FACE_BOUND('',#4576,.T.);
#4875=FACE_BOUND('',#4577,.T.);
#4876=FACE_BOUND('',#4578,.T.);
#4877=FACE_BOUND('',#4579,.T.);
#4878=FACE_BOUND('',#4580,.T.);
#4879=FACE_BOUND('',#4581,.T.);
#4880=FACE_BOUND('',#4582,.T.);
#4881=FACE_BOUND('',#4583,.T.);
#4882=FACE_BOUND('',#4584,.T.);
#4883=FACE_BOUND('',#4585,.T.);
#4884=FACE_BOUND('',#4586,.T.);
#4885=FACE_BOUND('',#4587,.T.);
#4886=FACE_BOUND('',#4588,.T.);
#4887=FACE_BOUND('',#4589,.T.);
#4888=FACE_BOUND('',#4590,.T.);
#4889=FACE_BOUND('',#4591,.T.);
#4890=FACE_BOUND('',#4592,.T.);
#4891=FACE_BOUND('',#4593,.T.);
#4892=FACE_BOUND('',#4594,.T.);
#4893=FACE_BOUND('',#4595,.T.);
#4894=FACE_BOUND('',#4596,.T.);
#4895=FACE_BOUND('',#4597,.T.);
#4896=FACE_BOUND('',#4598,.T.);
#4897=FACE_BOUND('',#4599,.T.);
#4898=FACE_BOUND('',#4600,.T.);
#4899=FACE_BOUND('',#4601,.T.);
#4900=FACE_BOUND('',#4602,.T.);
#4901=FACE_BOUND('',#4603,.T.);
#4902=FACE_BOUND('',#4604,.T.);
#4903=FACE_BOUND('',#4605,.T.);
#4904=FACE_BOUND('',#4606,.T.);
#4905=FACE_BOUND('',#4607,.T.);
#4906=FACE_BOUND('',#4608,.T.);
#4907=FACE_BOUND('',#4609,.T.);
#4908=FACE_BOUND('',#4610,.T.);
#4909=FACE_BOUND('',#4611,.T.);
#4910=FACE_BOUND('',#4612,.T.);
#4911=FACE_BOUND('',#4613,.T.);
#4912=FACE_BOUND('',#4614,.T.);
#4913=FACE_BOUND('',#4615,.T.);
#4914=FACE_BOUND('',#4616,.T.);
#4915=FACE_BOUND('',#4617,.T.);
#4916=FACE_BOUND('',#4618,.T.);
#4917=FACE_BOUND('',#4619,.T.);
#4918=FACE_BOUND('',#4620,.T.);
#4919=FACE_BOUND('',#4621,.T.);
#4920=FACE_BOUND('',#4622,.T.);
#4921=FACE_BOUND('',#4623,.T.);
#4922=FACE_BOUND('',#4624,.T.);
#4923=FACE_BOUND('',#4625,.T.);
#4924=FACE_BOUND('',#4626,.T.);
#4925=FACE_BOUND('',#4627,.T.);
#4926=FACE_BOUND('',#4628,.T.);
#4927=FACE_BOUND('',#4629,.T.);
#4928=FACE_BOUND('',#4630,.T.);
#4929=FACE_BOUND('',#4631,.T.);
#4930=FACE_BOUND('',#4632,.T.);
#4931=FACE_BOUND('',#4633,.T.);
#4932=FACE_BOUND('',#4634,.T.);
#4933=FACE_BOUND('',#4635,.T.);
#4934=FACE_BOUND('',#4636,.T.);
#4935=FACE_BOUND('',#4637,.T.);
#4936=FACE_BOUND('',#4638,.T.);
#4937=FACE_BOUND('',#4639,.T.);
#4938=FACE_BOUND('',#4640,.T.);
#4939=FACE_BOUND('',#4641,.T.);
#4940=FACE_BOUND('',#4642,.T.);
#4941=FACE_BOUND('',#4643,.T.);
#4942=FACE_BOUND('',#4644,.T.);
#4943=FACE_BOUND('',#4645,.T.);
#4944=FACE_BOUND('',#4646,.T.);
#4945=FACE_BOUND('',#4647,.T.);
#4946=FACE_BOUND('',#4648,.T.);
#4947=FACE_BOUND('',#4649,.T.);
#4948=FACE_BOUND('',#4650,.T.);
#4949=FACE_BOUND('',#4651,.T.);
#4950=FACE_BOUND('',#4652,.T.);
#4951=FACE_BOUND('',#4653,.T.);
#4952=FACE_BOUND('',#4654,.T.);
#4953=FACE_BOUND('',#4655,.T.);
#4954=FACE_BOUND('',#4656,.T.);
#4955=FACE_BOUND('',#4657,.T.);
#4956=FACE_BOUND('',#4658,.T.);
#4957=FACE_BOUND('',#4659,.T.);
#4958=FACE_BOUND('',#4660,.T.);
#4959=FACE_BOUND('',#4661,.T.);
#4960=FACE_BOUND('',#4662,.T.);
#4961=FACE_BOUND('',#4663,.T.);
#4962=FACE_BOUND('',#4664,.T.);
#4963=FACE_BOUND('',#4665,.T.);
#4964=FACE_BOUND('',#4666,.T.);
#4965=FACE_BOUND('',#4667,.T.);
#4966=FACE_BOUND('',#4668,.T.);
#4967=FACE_BOUND('',#4669,.T.);
#4968=FACE_BOUND('',#4670,.T.);
#4969=FACE_BOUND('',#4671,.T.);
#4970=FACE_BOUND('',#4672,.T.);
#4971=FACE_BOUND('',#4673,.T.);
#4972=FACE_BOUND('',#4674,.T.);
#4973=FACE_BOUND('',#4675,.T.);
#4974=FACE_BOUND('',#4676,.T.);
#4975=FACE_BOUND('',#4677,.T.);
#4976=FACE_BOUND('',#4678,.T.);
#4977=FACE_BOUND('',#4679,.T.);
#4978=FACE_BOUND('',#4680,.T.);
#4979=FACE_BOUND('',#4681,.T.);
#4980=FACE_BOUND('',#4682,.T.);
#4981=FACE_BOUND('',#4683,.T.);
#4982=FACE_BOUND('',#4684,.T.);
#4983=FACE_BOUND('',#4685,.T.);
#4984=FACE_BOUND('',#4686,.T.);
#4985=FACE_BOUND('',#4687,.T.);
#4986=FACE_BOUND('',#4688,.T.);
#4987=FACE_BOUND('',#4689,.T.);
#4988=FACE_BOUND('',#4690,.T.);
#4989=FACE_BOUND('',#4691,.T.);
#4990=FACE_BOUND('',#4692,.T.);
#4991=FACE_BOUND('',#4693,.T.);
#4992=FACE_BOUND('',#4694,.T.);
#4993=FACE_BOUND('',#4695,.T.);
#4994=FACE_BOUND('',#4696,.T.);
#4995=FACE_BOUND('',#4697,.T.);
#4996=FACE_BOUND('',#4698,.T.);
#4997=FACE_BOUND('',#4699,.T.);
#4998=FACE_BOUND('',#4700,.T.);
#4999=FACE_BOUND('',#4701,.T.);
#5000=FACE_BOUND('',#4702,.T.);
#5001=FACE_BOUND('',#4703,.T.);
#5002=FACE_BOUND('',#4704,.T.);
#5003=FACE_BOUND('',#4705,.T.);
#5004=FACE_BOUND('',#4706,.T.);
#5005=FACE_BOUND('',#4707,.T.);
#5006=FACE_BOUND('',#4708,.T.);
#5007=FACE_BOUND('',#4709,.T.);
#5008=FACE_BOUND('',#4710,.T.);
#5009=FACE_BOUND('',#4711,.T.);
#5010=FACE_BOUND('',#4712,.T.);
#5011=FACE_BOUND('',#4713,.T.);
#5012=FACE_BOUND('',#4714,.T.);
#5013=FACE_BOUND('',#4715,.T.);
#5014=FACE_BOUND('',#4716,.T.);
#5015=FACE_BOUND('',#4717,.T.);
#5016=FACE_BOUND('',#4718,.T.);
#5017=FACE_BOUND('',#4719,.T.);
#5018=FACE_BOUND('',#4720,.T.);
#5019=FACE_BOUND('',#4721,.T.);
#5020=FACE_BOUND('',#4722,.T.);
#5021=FACE_BOUND('',#4723,.T.);
#5022=FACE_BOUND('',#4724,.T.);
#5023=FACE_BOUND('',#4725,.T.);
#5024=FACE_BOUND('',#4726,.T.);
#5025=FACE_BOUND('',#4727,.T.);
#5026=FACE_BOUND('',#4728,.T.);
#5027=FACE_BOUND('',#4729,.T.);
#5028=FACE_BOUND('',#4730,.T.);
#5029=FACE_BOUND('',#4731,.T.);
#5030=FACE_BOUND('',#4732,.T.);
#5031=FACE_BOUND('',#4733,.T.);
#5032=FACE_BOUND('',#4734,.T.);
#5033=FACE_BOUND('',#4735,.T.);
#5034=FACE_BOUND('',#4736,.T.);
#5035=FACE_BOUND('',#4737,.T.);
#5036=FACE_BOUND('',#4738,.T.);
#5037=FACE_BOUND('',#4739,.T.);
#5038=FACE_BOUND('',#4740,.T.);
#5039=FACE_BOUND('',#4741,.T.);
#5040=FACE_BOUND('',#4742,.T.);
#5041=FACE_BOUND('',#4743,.T.);
#5042=FACE_BOUND('',#4744,.T.);
#5043=FACE_BOUND('',#4745,.T.);
#5044=FACE_BOUND('',#4746,.T.);
#5045=FACE_BOUND('',#4747,.T.);
#5046=FACE_BOUND('',#4748,.T.);
#5047=FACE_BOUND('',#4749,.T.);
#5048=FACE_BOUND('',#4750,.T.);
#5049=FACE_BOUND('',#4751,.T.);
#5050=FACE_BOUND('',#4752,.T.);
#5051=FACE_BOUND('',#4753,.T.);
#5052=FACE_BOUND('',#4754,.T.);
#5053=FACE_BOUND('',#4755,.T.);
#5054=FACE_BOUND('',#4756,.T.);
#5055=FACE_BOUND('',#4757,.T.);
#5056=FACE_BOUND('',#4758,.T.);
#5057=FACE_BOUND('',#4759,.T.);
#5058=FACE_BOUND('',#4760,.T.);
#5059=FACE_BOUND('',#4761,.T.);
#5060=FACE_BOUND('',#4762,.T.);
#5061=FACE_BOUND('',#4763,.T.);
#5062=FACE_BOUND('',#4764,.T.);
#5063=FACE_BOUND('',#4765,.T.);
#5064=FACE_BOUND('',#4766,.T.);
#5065=FACE_BOUND('',#4767,.T.);
#5066=FACE_BOUND('',#4768,.T.);
#5067=FACE_BOUND('',#4769,.T.);
#5068=FACE_BOUND('',#4770,.T.);
#5069=FACE_BOUND('',#4771,.T.);
#5070=FACE_BOUND('',#4772,.T.);
#5071=FACE_BOUND('',#4773,.T.);
#5072=FACE_BOUND('',#4774,.T.);
#5073=FACE_BOUND('',#4775,.T.);
#5074=FACE_BOUND('',#4776,.T.);
#5075=FACE_BOUND('',#4777,.T.);
#5076=FACE_BOUND('',#4778,.T.);
#5077=FACE_BOUND('',#4779,.T.);
#5078=FACE_BOUND('',#4780,.T.);
#5079=FACE_BOUND('',#4781,.T.);
#5080=FACE_BOUND('',#4782,.T.);
#5081=PLANE('',#7288);
#5082=PLANE('',#7290);
#5083=PLANE('',#7292);
#5084=PLANE('',#7293);
#5085=PLANE('',#7295);
#5086=PLANE('',#7297);
#5087=PLANE('',#7298);
#5088=PLANE('',#7314);
#5089=PLANE('',#7316);
#5090=PLANE('',#7318);
#5091=PLANE('',#7335);
#5092=PLANE('',#7340);
#5093=PLANE('',#7342);
#5094=PLANE('',#7344);
#5095=PLANE('',#7347);
#5096=PLANE('',#7349);
#5097=PLANE('',#7350);
#5098=PLANE('',#7351);
#5099=PLANE('',#7352);
#5100=PLANE('',#7353);
#5101=PLANE('',#7356);
#5102=PLANE('',#7358);
#5103=PLANE('',#7359);
#5104=PLANE('',#7360);
#5105=PLANE('',#7363);
#5106=PLANE('',#7366);
#5107=PLANE('',#7368);
#5108=PLANE('',#7373);
#5109=PLANE('',#7374);
#5110=PLANE('',#7375);
#5111=PLANE('',#7379);
#5112=PLANE('',#7380);
#5113=PLANE('',#7381);
#5114=PLANE('',#7382);
#5115=PLANE('',#7383);
#5116=PLANE('',#7384);
#5117=PLANE('',#7386);
#5118=PLANE('',#7388);
#5119=PLANE('',#7390);
#5120=PLANE('',#7393);
#5121=PLANE('',#7395);
#5122=PLANE('',#7396);
#5123=PLANE('',#7397);
#5124=PLANE('',#7400);
#5125=PLANE('',#7401);
#5126=PLANE('',#7402);
#5127=PLANE('',#7423);
#5128=PLANE('',#7424);
#5129=PLANE('',#7425);
#5130=PLANE('',#7426);
#5131=PLANE('',#7427);
#5132=PLANE('',#7428);
#5133=PLANE('',#7429);
#5134=PLANE('',#7430);
#5135=PLANE('',#7431);
#5136=PLANE('',#7432);
#5137=PLANE('',#7433);
#5138=PLANE('',#7435);
#5139=PLANE('',#7436);
#5140=PLANE('',#7438);
#5141=PLANE('',#7439);
#5142=PLANE('',#7440);
#5143=PLANE('',#7441);
#5144=PLANE('',#7442);
#5145=PLANE('',#7443);
#5146=PLANE('',#7446);
#5147=PLANE('',#7447);
#5148=PLANE('',#7450);
#5149=PLANE('',#7451);
#5150=PLANE('',#7453);
#5151=PLANE('',#7456);
#5152=PLANE('',#7458);
#5153=PLANE('',#7461);
#5154=PLANE('',#7463);
#5155=PLANE('',#7464);
#5156=PLANE('',#7465);
#5157=PLANE('',#7467);
#5158=PLANE('',#7471);
#5159=PLANE('',#7474);
#5160=PLANE('',#7477);
#5161=PLANE('',#7480);
#5162=PLANE('',#7481);
#5163=PLANE('',#7484);
#5164=PLANE('',#7487);
#5165=PLANE('',#7490);
#5166=PLANE('',#7493);
#5167=PLANE('',#7494);
#5168=PLANE('',#7497);
#5169=PLANE('',#7500);
#5170=PLANE('',#7503);
#5171=PLANE('',#7506);
#5172=PLANE('',#7507);
#5173=PLANE('',#7510);
#5174=PLANE('',#7513);
#5175=PLANE('',#7516);
#5176=PLANE('',#7519);
#5177=PLANE('',#7520);
#5178=PLANE('',#7521);
#5179=PLANE('',#7526);
#5180=PLANE('',#7531);
#5181=PLANE('',#7534);
#5182=PLANE('',#7537);
#5183=PLANE('',#7544);
#5184=PLANE('',#7546);
#5185=PLANE('',#7547);
#5186=PLANE('',#7549);
#5187=PLANE('',#7553);
#5188=PLANE('',#7554);
#5189=PLANE('',#7556);
#5190=PLANE('',#7559);
#5191=PLANE('',#7561);
#5192=PLANE('',#7565);
#5193=PLANE('',#7567);
#5194=PLANE('',#7568);
#5195=PLANE('',#7570);
#5196=PLANE('',#7572);
#5197=PLANE('',#7575);
#5198=PLANE('',#7579);
#5199=PLANE('',#7581);
#5200=PLANE('',#7583);
#5201=PLANE('',#7585);
#5202=PLANE('',#7586);
#5203=PLANE('',#7590);
#5204=PLANE('',#7592);
#5205=PLANE('',#7595);
#5206=PLANE('',#7596);
#5207=PLANE('',#7600);
#5208=PLANE('',#7602);
#5209=PLANE('',#7605);
#5210=PLANE('',#7608);
#5211=PLANE('',#7612);
#5212=PLANE('',#7619);
#5213=PLANE('',#7620);
#5214=PLANE('',#7625);
#5215=PLANE('',#7633);
#5216=PLANE('',#7637);
#5217=PLANE('',#7638);
#5218=PLANE('',#7640);
#5219=PLANE('',#7642);
#5220=PLANE('',#7643);
#5221=PLANE('',#7644);
#5222=PLANE('',#7646);
#5223=PLANE('',#7651);
#5224=PLANE('',#7655);
#5225=PLANE('',#7656);
#5226=PLANE('',#7657);
#5227=PLANE('',#7661);
#5228=PLANE('',#7665);
#5229=PLANE('',#7666);
#5230=PLANE('',#7670);
#5231=PLANE('',#7674);
#5232=PLANE('',#7675);
#5233=PLANE('',#7676);
#5234=PLANE('',#7680);
#5235=PLANE('',#7684);
#5236=PLANE('',#7685);
#5237=PLANE('',#7686);
#5238=PLANE('',#7691);
#5239=PLANE('',#7697);
#5240=PLANE('',#7699);
#5241=PLANE('',#7700);
#5242=PLANE('',#7701);
#5243=PLANE('',#7703);
#5244=PLANE('',#7706);
#5245=PLANE('',#7707);
#5246=PLANE('',#7708);
#5247=PLANE('',#7709);
#5248=PLANE('',#7710);
#5249=PLANE('',#7711);
#5250=PLANE('',#7712);
#5251=PLANE('',#7713);
#5252=PLANE('',#7714);
#5253=PLANE('',#7715);
#5254=PLANE('',#7716);
#5255=PLANE('',#7717);
#5256=PLANE('',#7718);
#5257=PLANE('',#7719);
#5258=PLANE('',#7720);
#5259=PLANE('',#7721);
#5260=PLANE('',#7722);
#5261=PLANE('',#7723);
#5262=PLANE('',#7724);
#5263=PLANE('',#7725);
#5264=PLANE('',#7726);
#5265=PLANE('',#7727);
#5266=PLANE('',#7728);
#5267=PLANE('',#7729);
#5268=PLANE('',#7730);
#5269=PLANE('',#7731);
#5270=PLANE('',#7732);
#5271=PLANE('',#7733);
#5272=PLANE('',#7734);
#5273=PLANE('',#7735);
#5274=PLANE('',#7736);
#5275=PLANE('',#7737);
#5276=PLANE('',#7738);
#5277=PLANE('',#7739);
#5278=PLANE('',#7740);
#5279=PLANE('',#7741);
#5280=STYLED_ITEM('',(#5525),#6997);
#5281=STYLED_ITEM('',(#5526),#6998);
#5282=STYLED_ITEM('',(#5527),#6999);
#5283=STYLED_ITEM('',(#5528),#7000);
#5284=STYLED_ITEM('',(#5529),#7001);
#5285=STYLED_ITEM('',(#5530),#7002);
#5286=STYLED_ITEM('',(#5531),#7003);
#5287=STYLED_ITEM('',(#5532),#7004);
#5288=STYLED_ITEM('',(#5533),#7005);
#5289=STYLED_ITEM('',(#5534),#7006);
#5290=STYLED_ITEM('',(#5535),#7007);
#5291=STYLED_ITEM('',(#5536),#7008);
#5292=STYLED_ITEM('',(#5537),#7009);
#5293=STYLED_ITEM('',(#5538),#7010);
#5294=STYLED_ITEM('',(#5539),#7011);
#5295=STYLED_ITEM('',(#5540),#7012);
#5296=STYLED_ITEM('',(#5541),#7013);
#5297=STYLED_ITEM('',(#5542),#7014);
#5298=STYLED_ITEM('',(#5543),#7015);
#5299=STYLED_ITEM('',(#5544),#7016);
#5300=STYLED_ITEM('',(#5545),#7017);
#5301=STYLED_ITEM('',(#5546),#7018);
#5302=STYLED_ITEM('',(#5547),#7019);
#5303=STYLED_ITEM('',(#5548),#7020);
#5304=STYLED_ITEM('',(#5549),#7021);
#5305=STYLED_ITEM('',(#5550),#7022);
#5306=STYLED_ITEM('',(#5551),#7023);
#5307=STYLED_ITEM('',(#5552),#7024);
#5308=STYLED_ITEM('',(#5553),#7025);
#5309=STYLED_ITEM('',(#5554),#7026);
#5310=STYLED_ITEM('',(#5555),#7027);
#5311=STYLED_ITEM('',(#5556),#7028);
#5312=STYLED_ITEM('',(#5557),#7029);
#5313=STYLED_ITEM('',(#5558),#7030);
#5314=STYLED_ITEM('',(#5559),#7031);
#5315=STYLED_ITEM('',(#5560),#7032);
#5316=STYLED_ITEM('',(#5561),#7033);
#5317=STYLED_ITEM('',(#5562),#7034);
#5318=STYLED_ITEM('',(#5563),#7035);
#5319=STYLED_ITEM('',(#5564),#7036);
#5320=STYLED_ITEM('',(#5565),#7037);
#5321=STYLED_ITEM('',(#5566),#7038);
#5322=STYLED_ITEM('',(#5567),#7039);
#5323=STYLED_ITEM('',(#5568),#7040);
#5324=STYLED_ITEM('',(#5569),#7041);
#5325=STYLED_ITEM('',(#5570),#7042);
#5326=STYLED_ITEM('',(#5571),#7043);
#5327=STYLED_ITEM('',(#5572),#7044);
#5328=STYLED_ITEM('',(#5573),#7045);
#5329=STYLED_ITEM('',(#5574),#7046);
#5330=STYLED_ITEM('',(#5575),#7047);
#5331=STYLED_ITEM('',(#5576),#7048);
#5332=STYLED_ITEM('',(#5577),#7049);
#5333=STYLED_ITEM('',(#5578),#7050);
#5334=STYLED_ITEM('',(#5579),#7051);
#5335=STYLED_ITEM('',(#5580),#7052);
#5336=STYLED_ITEM('',(#5581),#7053);
#5337=STYLED_ITEM('',(#5582),#7054);
#5338=STYLED_ITEM('',(#5583),#7055);
#5339=STYLED_ITEM('',(#5584),#7056);
#5340=STYLED_ITEM('',(#5585),#7057);
#5341=STYLED_ITEM('',(#5586),#7058);
#5342=STYLED_ITEM('',(#5587),#7059);
#5343=STYLED_ITEM('',(#5588),#7060);
#5344=STYLED_ITEM('',(#5589),#7061);
#5345=STYLED_ITEM('',(#5590),#7062);
#5346=STYLED_ITEM('',(#5591),#7063);
#5347=STYLED_ITEM('',(#5592),#7064);
#5348=STYLED_ITEM('',(#5593),#7065);
#5349=STYLED_ITEM('',(#5594),#7066);
#5350=STYLED_ITEM('',(#5595),#7067);
#5351=STYLED_ITEM('',(#5596),#7068);
#5352=STYLED_ITEM('',(#5597),#7069);
#5353=STYLED_ITEM('',(#5598),#7070);
#5354=STYLED_ITEM('',(#5599),#7071);
#5355=STYLED_ITEM('',(#5600),#7072);
#5356=STYLED_ITEM('',(#5601),#7073);
#5357=STYLED_ITEM('',(#5602),#7074);
#5358=STYLED_ITEM('',(#5603),#7075);
#5359=STYLED_ITEM('',(#5604),#7076);
#5360=STYLED_ITEM('',(#5605),#7077);
#5361=STYLED_ITEM('',(#5606),#7078);
#5362=STYLED_ITEM('',(#5607),#7079);
#5363=STYLED_ITEM('',(#5608),#7080);
#5364=STYLED_ITEM('',(#5609),#7081);
#5365=STYLED_ITEM('',(#5610),#7082);
#5366=STYLED_ITEM('',(#5611),#7083);
#5367=STYLED_ITEM('',(#5612),#7084);
#5368=STYLED_ITEM('',(#5613),#7085);
#5369=STYLED_ITEM('',(#5614),#7086);
#5370=STYLED_ITEM('',(#5615),#7087);
#5371=STYLED_ITEM('',(#5616),#7088);
#5372=STYLED_ITEM('',(#5617),#7089);
#5373=STYLED_ITEM('',(#5618),#7090);
#5374=STYLED_ITEM('',(#5619),#7091);
#5375=STYLED_ITEM('',(#5620),#7092);
#5376=STYLED_ITEM('',(#5621),#7093);
#5377=STYLED_ITEM('',(#5622),#7094);
#5378=STYLED_ITEM('',(#5623),#7095);
#5379=STYLED_ITEM('',(#5624),#7096);
#5380=STYLED_ITEM('',(#5625),#7097);
#5381=STYLED_ITEM('',(#5626),#7098);
#5382=STYLED_ITEM('',(#5627),#7099);
#5383=STYLED_ITEM('',(#5628),#7100);
#5384=STYLED_ITEM('',(#5629),#7101);
#5385=STYLED_ITEM('',(#5630),#7102);
#5386=STYLED_ITEM('',(#5631),#7103);
#5387=STYLED_ITEM('',(#5632),#7104);
#5388=STYLED_ITEM('',(#5633),#7105);
#5389=STYLED_ITEM('',(#5634),#7106);
#5390=STYLED_ITEM('',(#5635),#7107);
#5391=STYLED_ITEM('',(#5636),#7108);
#5392=STYLED_ITEM('',(#5637),#7109);
#5393=STYLED_ITEM('',(#5638),#7110);
#5394=STYLED_ITEM('',(#5639),#7111);
#5395=STYLED_ITEM('',(#5640),#7112);
#5396=STYLED_ITEM('',(#5641),#7113);
#5397=STYLED_ITEM('',(#5642),#7114);
#5398=STYLED_ITEM('',(#5643),#7115);
#5399=STYLED_ITEM('',(#5644),#7116);
#5400=STYLED_ITEM('',(#5645),#7117);
#5401=STYLED_ITEM('',(#5646),#7118);
#5402=STYLED_ITEM('',(#5647),#7119);
#5403=STYLED_ITEM('',(#5648),#7120);
#5404=STYLED_ITEM('',(#5649),#7121);
#5405=STYLED_ITEM('',(#5650),#7122);
#5406=STYLED_ITEM('',(#5651),#7123);
#5407=STYLED_ITEM('',(#5652),#7124);
#5408=STYLED_ITEM('',(#5653),#7125);
#5409=STYLED_ITEM('',(#5654),#7126);
#5410=STYLED_ITEM('',(#5655),#7127);
#5411=STYLED_ITEM('',(#5656),#7128);
#5412=STYLED_ITEM('',(#5657),#7129);
#5413=STYLED_ITEM('',(#5658),#7130);
#5414=STYLED_ITEM('',(#5659),#7131);
#5415=STYLED_ITEM('',(#5660),#7132);
#5416=STYLED_ITEM('',(#5661),#7133);
#5417=STYLED_ITEM('',(#5662),#7134);
#5418=STYLED_ITEM('',(#5663),#7135);
#5419=STYLED_ITEM('',(#5664),#7136);
#5420=STYLED_ITEM('',(#5665),#7137);
#5421=STYLED_ITEM('',(#5666),#7138);
#5422=STYLED_ITEM('',(#5667),#7139);
#5423=STYLED_ITEM('',(#5668),#7140);
#5424=STYLED_ITEM('',(#5669),#7141);
#5425=STYLED_ITEM('',(#5670),#7142);
#5426=STYLED_ITEM('',(#5671),#7143);
#5427=STYLED_ITEM('',(#5672),#7144);
#5428=STYLED_ITEM('',(#5673),#7145);
#5429=STYLED_ITEM('',(#5674),#7146);
#5430=STYLED_ITEM('',(#5675),#7147);
#5431=STYLED_ITEM('',(#5676),#7148);
#5432=STYLED_ITEM('',(#5677),#7149);
#5433=STYLED_ITEM('',(#5678),#7150);
#5434=STYLED_ITEM('',(#5679),#7151);
#5435=STYLED_ITEM('',(#5680),#7152);
#5436=STYLED_ITEM('',(#5681),#7153);
#5437=STYLED_ITEM('',(#5682),#7154);
#5438=STYLED_ITEM('',(#5683),#7155);
#5439=STYLED_ITEM('',(#5684),#7156);
#5440=STYLED_ITEM('',(#5685),#7157);
#5441=STYLED_ITEM('',(#5686),#7158);
#5442=STYLED_ITEM('',(#5687),#7159);
#5443=STYLED_ITEM('',(#5688),#7160);
#5444=STYLED_ITEM('',(#5689),#7161);
#5445=STYLED_ITEM('',(#5690),#7162);
#5446=STYLED_ITEM('',(#5691),#7163);
#5447=STYLED_ITEM('',(#5692),#7164);
#5448=STYLED_ITEM('',(#5693),#7165);
#5449=STYLED_ITEM('',(#5694),#7166);
#5450=STYLED_ITEM('',(#5695),#7167);
#5451=STYLED_ITEM('',(#5696),#7168);
#5452=STYLED_ITEM('',(#5697),#7169);
#5453=STYLED_ITEM('',(#5698),#7170);
#5454=STYLED_ITEM('',(#5699),#7171);
#5455=STYLED_ITEM('',(#5700),#7172);
#5456=STYLED_ITEM('',(#5701),#7173);
#5457=STYLED_ITEM('',(#5702),#7174);
#5458=STYLED_ITEM('',(#5703),#7175);
#5459=STYLED_ITEM('',(#5704),#7176);
#5460=STYLED_ITEM('',(#5705),#7177);
#5461=STYLED_ITEM('',(#5706),#7178);
#5462=STYLED_ITEM('',(#5707),#7179);
#5463=STYLED_ITEM('',(#5708),#7180);
#5464=STYLED_ITEM('',(#5709),#7181);
#5465=STYLED_ITEM('',(#5710),#7182);
#5466=STYLED_ITEM('',(#5711),#7183);
#5467=STYLED_ITEM('',(#5712),#7184);
#5468=STYLED_ITEM('',(#5713),#7185);
#5469=STYLED_ITEM('',(#5714),#7186);
#5470=STYLED_ITEM('',(#5715),#7187);
#5471=STYLED_ITEM('',(#5716),#7188);
#5472=STYLED_ITEM('',(#5717),#7189);
#5473=STYLED_ITEM('',(#5718),#7190);
#5474=STYLED_ITEM('',(#5719),#7191);
#5475=STYLED_ITEM('',(#5720),#7192);
#5476=STYLED_ITEM('',(#5721),#7193);
#5477=STYLED_ITEM('',(#5722),#7194);
#5478=STYLED_ITEM('',(#5723),#7195);
#5479=STYLED_ITEM('',(#5724),#7196);
#5480=STYLED_ITEM('',(#5725),#7197);
#5481=STYLED_ITEM('',(#5726),#7198);
#5482=STYLED_ITEM('',(#5727),#7199);
#5483=STYLED_ITEM('',(#5728),#7200);
#5484=STYLED_ITEM('',(#5729),#7201);
#5485=STYLED_ITEM('',(#5730),#7202);
#5486=STYLED_ITEM('',(#5731),#7203);
#5487=STYLED_ITEM('',(#5732),#7204);
#5488=STYLED_ITEM('',(#5733),#7205);
#5489=STYLED_ITEM('',(#5734),#7206);
#5490=STYLED_ITEM('',(#5735),#7207);
#5491=STYLED_ITEM('',(#5736),#7208);
#5492=STYLED_ITEM('',(#5737),#7209);
#5493=STYLED_ITEM('',(#5738),#7210);
#5494=STYLED_ITEM('',(#5739),#7211);
#5495=STYLED_ITEM('',(#5740),#7212);
#5496=STYLED_ITEM('',(#5741),#7213);
#5497=STYLED_ITEM('',(#5742),#7214);
#5498=STYLED_ITEM('',(#5743),#7215);
#5499=STYLED_ITEM('',(#5744),#7216);
#5500=STYLED_ITEM('',(#5745),#7217);
#5501=STYLED_ITEM('',(#5746),#7218);
#5502=STYLED_ITEM('',(#5747),#7219);
#5503=STYLED_ITEM('',(#5748),#7220);
#5504=STYLED_ITEM('',(#5749),#7221);
#5505=STYLED_ITEM('',(#5750),#7222);
#5506=STYLED_ITEM('',(#5751),#7223);
#5507=STYLED_ITEM('',(#5752),#7224);
#5508=STYLED_ITEM('',(#5753),#7225);
#5509=STYLED_ITEM('',(#5754),#7226);
#5510=STYLED_ITEM('',(#5755),#7227);
#5511=STYLED_ITEM('',(#5756),#7228);
#5512=STYLED_ITEM('',(#5757),#7229);
#5513=STYLED_ITEM('',(#5758),#7230);
#5514=STYLED_ITEM('',(#5759),#7231);
#5515=STYLED_ITEM('',(#5760),#7232);
#5516=STYLED_ITEM('',(#5761),#7233);
#5517=STYLED_ITEM('',(#5762),#7234);
#5518=STYLED_ITEM('',(#5763),#7235);
#5519=STYLED_ITEM('',(#5764),#7236);
#5520=STYLED_ITEM('',(#5765),#7237);
#5521=STYLED_ITEM('',(#5766),#7238);
#5522=STYLED_ITEM('',(#5767),#7239);
#5523=STYLED_ITEM('',(#5768),#7240);
#5524=STYLED_ITEM('',(#5769),#7280);
#5525=PRESENTATION_STYLE_ASSIGNMENT((#5770));
#5526=PRESENTATION_STYLE_ASSIGNMENT((#5771));
#5527=PRESENTATION_STYLE_ASSIGNMENT((#5772));
#5528=PRESENTATION_STYLE_ASSIGNMENT((#5773));
#5529=PRESENTATION_STYLE_ASSIGNMENT((#5774));
#5530=PRESENTATION_STYLE_ASSIGNMENT((#5775));
#5531=PRESENTATION_STYLE_ASSIGNMENT((#5776));
#5532=PRESENTATION_STYLE_ASSIGNMENT((#5777));
#5533=PRESENTATION_STYLE_ASSIGNMENT((#5778));
#5534=PRESENTATION_STYLE_ASSIGNMENT((#5779));
#5535=PRESENTATION_STYLE_ASSIGNMENT((#5780));
#5536=PRESENTATION_STYLE_ASSIGNMENT((#5781));
#5537=PRESENTATION_STYLE_ASSIGNMENT((#5782));
#5538=PRESENTATION_STYLE_ASSIGNMENT((#5783));
#5539=PRESENTATION_STYLE_ASSIGNMENT((#5784));
#5540=PRESENTATION_STYLE_ASSIGNMENT((#5785));
#5541=PRESENTATION_STYLE_ASSIGNMENT((#5786));
#5542=PRESENTATION_STYLE_ASSIGNMENT((#5787));
#5543=PRESENTATION_STYLE_ASSIGNMENT((#5788));
#5544=PRESENTATION_STYLE_ASSIGNMENT((#5789));
#5545=PRESENTATION_STYLE_ASSIGNMENT((#5790));
#5546=PRESENTATION_STYLE_ASSIGNMENT((#5791));
#5547=PRESENTATION_STYLE_ASSIGNMENT((#5792));
#5548=PRESENTATION_STYLE_ASSIGNMENT((#5793));
#5549=PRESENTATION_STYLE_ASSIGNMENT((#5794));
#5550=PRESENTATION_STYLE_ASSIGNMENT((#5795));
#5551=PRESENTATION_STYLE_ASSIGNMENT((#5796));
#5552=PRESENTATION_STYLE_ASSIGNMENT((#5797));
#5553=PRESENTATION_STYLE_ASSIGNMENT((#5798));
#5554=PRESENTATION_STYLE_ASSIGNMENT((#5799));
#5555=PRESENTATION_STYLE_ASSIGNMENT((#5800));
#5556=PRESENTATION_STYLE_ASSIGNMENT((#5801));
#5557=PRESENTATION_STYLE_ASSIGNMENT((#5802));
#5558=PRESENTATION_STYLE_ASSIGNMENT((#5803));
#5559=PRESENTATION_STYLE_ASSIGNMENT((#5804));
#5560=PRESENTATION_STYLE_ASSIGNMENT((#5805));
#5561=PRESENTATION_STYLE_ASSIGNMENT((#5806));
#5562=PRESENTATION_STYLE_ASSIGNMENT((#5807));
#5563=PRESENTATION_STYLE_ASSIGNMENT((#5808));
#5564=PRESENTATION_STYLE_ASSIGNMENT((#5809));
#5565=PRESENTATION_STYLE_ASSIGNMENT((#5810));
#5566=PRESENTATION_STYLE_ASSIGNMENT((#5811));
#5567=PRESENTATION_STYLE_ASSIGNMENT((#5812));
#5568=PRESENTATION_STYLE_ASSIGNMENT((#5813));
#5569=PRESENTATION_STYLE_ASSIGNMENT((#5814));
#5570=PRESENTATION_STYLE_ASSIGNMENT((#5815));
#5571=PRESENTATION_STYLE_ASSIGNMENT((#5816));
#5572=PRESENTATION_STYLE_ASSIGNMENT((#5817));
#5573=PRESENTATION_STYLE_ASSIGNMENT((#5818));
#5574=PRESENTATION_STYLE_ASSIGNMENT((#5819));
#5575=PRESENTATION_STYLE_ASSIGNMENT((#5820));
#5576=PRESENTATION_STYLE_ASSIGNMENT((#5821));
#5577=PRESENTATION_STYLE_ASSIGNMENT((#5822));
#5578=PRESENTATION_STYLE_ASSIGNMENT((#5823));
#5579=PRESENTATION_STYLE_ASSIGNMENT((#5824));
#5580=PRESENTATION_STYLE_ASSIGNMENT((#5825));
#5581=PRESENTATION_STYLE_ASSIGNMENT((#5826));
#5582=PRESENTATION_STYLE_ASSIGNMENT((#5827));
#5583=PRESENTATION_STYLE_ASSIGNMENT((#5828));
#5584=PRESENTATION_STYLE_ASSIGNMENT((#5829));
#5585=PRESENTATION_STYLE_ASSIGNMENT((#5830));
#5586=PRESENTATION_STYLE_ASSIGNMENT((#5831));
#5587=PRESENTATION_STYLE_ASSIGNMENT((#5832));
#5588=PRESENTATION_STYLE_ASSIGNMENT((#5833));
#5589=PRESENTATION_STYLE_ASSIGNMENT((#5834));
#5590=PRESENTATION_STYLE_ASSIGNMENT((#5835));
#5591=PRESENTATION_STYLE_ASSIGNMENT((#5836));
#5592=PRESENTATION_STYLE_ASSIGNMENT((#5837));
#5593=PRESENTATION_STYLE_ASSIGNMENT((#5838));
#5594=PRESENTATION_STYLE_ASSIGNMENT((#5839));
#5595=PRESENTATION_STYLE_ASSIGNMENT((#5840));
#5596=PRESENTATION_STYLE_ASSIGNMENT((#5841));
#5597=PRESENTATION_STYLE_ASSIGNMENT((#5842));
#5598=PRESENTATION_STYLE_ASSIGNMENT((#5843));
#5599=PRESENTATION_STYLE_ASSIGNMENT((#5844));
#5600=PRESENTATION_STYLE_ASSIGNMENT((#5845));
#5601=PRESENTATION_STYLE_ASSIGNMENT((#5846));
#5602=PRESENTATION_STYLE_ASSIGNMENT((#5847));
#5603=PRESENTATION_STYLE_ASSIGNMENT((#5848));
#5604=PRESENTATION_STYLE_ASSIGNMENT((#5849));
#5605=PRESENTATION_STYLE_ASSIGNMENT((#5850));
#5606=PRESENTATION_STYLE_ASSIGNMENT((#5851));
#5607=PRESENTATION_STYLE_ASSIGNMENT((#5852));
#5608=PRESENTATION_STYLE_ASSIGNMENT((#5853));
#5609=PRESENTATION_STYLE_ASSIGNMENT((#5854));
#5610=PRESENTATION_STYLE_ASSIGNMENT((#5855));
#5611=PRESENTATION_STYLE_ASSIGNMENT((#5856));
#5612=PRESENTATION_STYLE_ASSIGNMENT((#5857));
#5613=PRESENTATION_STYLE_ASSIGNMENT((#5858));
#5614=PRESENTATION_STYLE_ASSIGNMENT((#5859));
#5615=PRESENTATION_STYLE_ASSIGNMENT((#5860));
#5616=PRESENTATION_STYLE_ASSIGNMENT((#5861));
#5617=PRESENTATION_STYLE_ASSIGNMENT((#5862));
#5618=PRESENTATION_STYLE_ASSIGNMENT((#5863));
#5619=PRESENTATION_STYLE_ASSIGNMENT((#5864));
#5620=PRESENTATION_STYLE_ASSIGNMENT((#5865));
#5621=PRESENTATION_STYLE_ASSIGNMENT((#5866));
#5622=PRESENTATION_STYLE_ASSIGNMENT((#5867));
#5623=PRESENTATION_STYLE_ASSIGNMENT((#5868));
#5624=PRESENTATION_STYLE_ASSIGNMENT((#5869));
#5625=PRESENTATION_STYLE_ASSIGNMENT((#5870));
#5626=PRESENTATION_STYLE_ASSIGNMENT((#5871));
#5627=PRESENTATION_STYLE_ASSIGNMENT((#5872));
#5628=PRESENTATION_STYLE_ASSIGNMENT((#5873));
#5629=PRESENTATION_STYLE_ASSIGNMENT((#5874));
#5630=PRESENTATION_STYLE_ASSIGNMENT((#5875));
#5631=PRESENTATION_STYLE_ASSIGNMENT((#5876));
#5632=PRESENTATION_STYLE_ASSIGNMENT((#5877));
#5633=PRESENTATION_STYLE_ASSIGNMENT((#5878));
#5634=PRESENTATION_STYLE_ASSIGNMENT((#5879));
#5635=PRESENTATION_STYLE_ASSIGNMENT((#5880));
#5636=PRESENTATION_STYLE_ASSIGNMENT((#5881));
#5637=PRESENTATION_STYLE_ASSIGNMENT((#5882));
#5638=PRESENTATION_STYLE_ASSIGNMENT((#5883));
#5639=PRESENTATION_STYLE_ASSIGNMENT((#5884));
#5640=PRESENTATION_STYLE_ASSIGNMENT((#5885));
#5641=PRESENTATION_STYLE_ASSIGNMENT((#5886));
#5642=PRESENTATION_STYLE_ASSIGNMENT((#5887));
#5643=PRESENTATION_STYLE_ASSIGNMENT((#5888));
#5644=PRESENTATION_STYLE_ASSIGNMENT((#5889));
#5645=PRESENTATION_STYLE_ASSIGNMENT((#5890));
#5646=PRESENTATION_STYLE_ASSIGNMENT((#5891));
#5647=PRESENTATION_STYLE_ASSIGNMENT((#5892));
#5648=PRESENTATION_STYLE_ASSIGNMENT((#5893));
#5649=PRESENTATION_STYLE_ASSIGNMENT((#5894));
#5650=PRESENTATION_STYLE_ASSIGNMENT((#5895));
#5651=PRESENTATION_STYLE_ASSIGNMENT((#5896));
#5652=PRESENTATION_STYLE_ASSIGNMENT((#5897));
#5653=PRESENTATION_STYLE_ASSIGNMENT((#5898));
#5654=PRESENTATION_STYLE_ASSIGNMENT((#5899));
#5655=PRESENTATION_STYLE_ASSIGNMENT((#5900));
#5656=PRESENTATION_STYLE_ASSIGNMENT((#5901));
#5657=PRESENTATION_STYLE_ASSIGNMENT((#5902));
#5658=PRESENTATION_STYLE_ASSIGNMENT((#5903));
#5659=PRESENTATION_STYLE_ASSIGNMENT((#5904));
#5660=PRESENTATION_STYLE_ASSIGNMENT((#5905));
#5661=PRESENTATION_STYLE_ASSIGNMENT((#5906));
#5662=PRESENTATION_STYLE_ASSIGNMENT((#5907));
#5663=PRESENTATION_STYLE_ASSIGNMENT((#5908));
#5664=PRESENTATION_STYLE_ASSIGNMENT((#5909));
#5665=PRESENTATION_STYLE_ASSIGNMENT((#5910));
#5666=PRESENTATION_STYLE_ASSIGNMENT((#5911));
#5667=PRESENTATION_STYLE_ASSIGNMENT((#5912));
#5668=PRESENTATION_STYLE_ASSIGNMENT((#5913));
#5669=PRESENTATION_STYLE_ASSIGNMENT((#5914));
#5670=PRESENTATION_STYLE_ASSIGNMENT((#5915));
#5671=PRESENTATION_STYLE_ASSIGNMENT((#5916));
#5672=PRESENTATION_STYLE_ASSIGNMENT((#5917));
#5673=PRESENTATION_STYLE_ASSIGNMENT((#5918));
#5674=PRESENTATION_STYLE_ASSIGNMENT((#5919));
#5675=PRESENTATION_STYLE_ASSIGNMENT((#5920));
#5676=PRESENTATION_STYLE_ASSIGNMENT((#5921));
#5677=PRESENTATION_STYLE_ASSIGNMENT((#5922));
#5678=PRESENTATION_STYLE_ASSIGNMENT((#5923));
#5679=PRESENTATION_STYLE_ASSIGNMENT((#5924));
#5680=PRESENTATION_STYLE_ASSIGNMENT((#5925));
#5681=PRESENTATION_STYLE_ASSIGNMENT((#5926));
#5682=PRESENTATION_STYLE_ASSIGNMENT((#5927));
#5683=PRESENTATION_STYLE_ASSIGNMENT((#5928));
#5684=PRESENTATION_STYLE_ASSIGNMENT((#5929));
#5685=PRESENTATION_STYLE_ASSIGNMENT((#5930));
#5686=PRESENTATION_STYLE_ASSIGNMENT((#5931));
#5687=PRESENTATION_STYLE_ASSIGNMENT((#5932));
#5688=PRESENTATION_STYLE_ASSIGNMENT((#5933));
#5689=PRESENTATION_STYLE_ASSIGNMENT((#5934));
#5690=PRESENTATION_STYLE_ASSIGNMENT((#5935));
#5691=PRESENTATION_STYLE_ASSIGNMENT((#5936));
#5692=PRESENTATION_STYLE_ASSIGNMENT((#5937));
#5693=PRESENTATION_STYLE_ASSIGNMENT((#5938));
#5694=PRESENTATION_STYLE_ASSIGNMENT((#5939));
#5695=PRESENTATION_STYLE_ASSIGNMENT((#5940));
#5696=PRESENTATION_STYLE_ASSIGNMENT((#5941));
#5697=PRESENTATION_STYLE_ASSIGNMENT((#5942));
#5698=PRESENTATION_STYLE_ASSIGNMENT((#5943));
#5699=PRESENTATION_STYLE_ASSIGNMENT((#5944));
#5700=PRESENTATION_STYLE_ASSIGNMENT((#5945));
#5701=PRESENTATION_STYLE_ASSIGNMENT((#5946));
#5702=PRESENTATION_STYLE_ASSIGNMENT((#5947));
#5703=PRESENTATION_STYLE_ASSIGNMENT((#5948));
#5704=PRESENTATION_STYLE_ASSIGNMENT((#5949));
#5705=PRESENTATION_STYLE_ASSIGNMENT((#5950));
#5706=PRESENTATION_STYLE_ASSIGNMENT((#5951));
#5707=PRESENTATION_STYLE_ASSIGNMENT((#5952));
#5708=PRESENTATION_STYLE_ASSIGNMENT((#5953));
#5709=PRESENTATION_STYLE_ASSIGNMENT((#5954));
#5710=PRESENTATION_STYLE_ASSIGNMENT((#5955));
#5711=PRESENTATION_STYLE_ASSIGNMENT((#5956));
#5712=PRESENTATION_STYLE_ASSIGNMENT((#5957));
#5713=PRESENTATION_STYLE_ASSIGNMENT((#5958));
#5714=PRESENTATION_STYLE_ASSIGNMENT((#5959));
#5715=PRESENTATION_STYLE_ASSIGNMENT((#5960));
#5716=PRESENTATION_STYLE_ASSIGNMENT((#5961));
#5717=PRESENTATION_STYLE_ASSIGNMENT((#5962));
#5718=PRESENTATION_STYLE_ASSIGNMENT((#5963));
#5719=PRESENTATION_STYLE_ASSIGNMENT((#5964));
#5720=PRESENTATION_STYLE_ASSIGNMENT((#5965));
#5721=PRESENTATION_STYLE_ASSIGNMENT((#5966));
#5722=PRESENTATION_STYLE_ASSIGNMENT((#5967));
#5723=PRESENTATION_STYLE_ASSIGNMENT((#5968));
#5724=PRESENTATION_STYLE_ASSIGNMENT((#5969));
#5725=PRESENTATION_STYLE_ASSIGNMENT((#5970));
#5726=PRESENTATION_STYLE_ASSIGNMENT((#5971));
#5727=PRESENTATION_STYLE_ASSIGNMENT((#5972));
#5728=PRESENTATION_STYLE_ASSIGNMENT((#5973));
#5729=PRESENTATION_STYLE_ASSIGNMENT((#5974));
#5730=PRESENTATION_STYLE_ASSIGNMENT((#5975));
#5731=PRESENTATION_STYLE_ASSIGNMENT((#5976));
#5732=PRESENTATION_STYLE_ASSIGNMENT((#5977));
#5733=PRESENTATION_STYLE_ASSIGNMENT((#5978));
#5734=PRESENTATION_STYLE_ASSIGNMENT((#5979));
#5735=PRESENTATION_STYLE_ASSIGNMENT((#5980));
#5736=PRESENTATION_STYLE_ASSIGNMENT((#5981));
#5737=PRESENTATION_STYLE_ASSIGNMENT((#5982));
#5738=PRESENTATION_STYLE_ASSIGNMENT((#5983));
#5739=PRESENTATION_STYLE_ASSIGNMENT((#5984));
#5740=PRESENTATION_STYLE_ASSIGNMENT((#5985));
#5741=PRESENTATION_STYLE_ASSIGNMENT((#5986));
#5742=PRESENTATION_STYLE_ASSIGNMENT((#5987));
#5743=PRESENTATION_STYLE_ASSIGNMENT((#5988));
#5744=PRESENTATION_STYLE_ASSIGNMENT((#5989));
#5745=PRESENTATION_STYLE_ASSIGNMENT((#5990));
#5746=PRESENTATION_STYLE_ASSIGNMENT((#5991));
#5747=PRESENTATION_STYLE_ASSIGNMENT((#5992));
#5748=PRESENTATION_STYLE_ASSIGNMENT((#5993));
#5749=PRESENTATION_STYLE_ASSIGNMENT((#5994));
#5750=PRESENTATION_STYLE_ASSIGNMENT((#5995));
#5751=PRESENTATION_STYLE_ASSIGNMENT((#5996));
#5752=PRESENTATION_STYLE_ASSIGNMENT((#5997));
#5753=PRESENTATION_STYLE_ASSIGNMENT((#5998));
#5754=PRESENTATION_STYLE_ASSIGNMENT((#5999));
#5755=PRESENTATION_STYLE_ASSIGNMENT((#6000));
#5756=PRESENTATION_STYLE_ASSIGNMENT((#6001));
#5757=PRESENTATION_STYLE_ASSIGNMENT((#6002));
#5758=PRESENTATION_STYLE_ASSIGNMENT((#6003));
#5759=PRESENTATION_STYLE_ASSIGNMENT((#6004));
#5760=PRESENTATION_STYLE_ASSIGNMENT((#6005));
#5761=PRESENTATION_STYLE_ASSIGNMENT((#6006));
#5762=PRESENTATION_STYLE_ASSIGNMENT((#6007));
#5763=PRESENTATION_STYLE_ASSIGNMENT((#6008));
#5764=PRESENTATION_STYLE_ASSIGNMENT((#6009));
#5765=PRESENTATION_STYLE_ASSIGNMENT((#6010));
#5766=PRESENTATION_STYLE_ASSIGNMENT((#6011));
#5767=PRESENTATION_STYLE_ASSIGNMENT((#6012));
#5768=PRESENTATION_STYLE_ASSIGNMENT((#6013));
#5769=PRESENTATION_STYLE_ASSIGNMENT((#6014));
#5770=SURFACE_STYLE_USAGE(.BOTH.,#6015);
#5771=SURFACE_STYLE_USAGE(.BOTH.,#6016);
#5772=SURFACE_STYLE_USAGE(.BOTH.,#6017);
#5773=SURFACE_STYLE_USAGE(.BOTH.,#6018);
#5774=SURFACE_STYLE_USAGE(.BOTH.,#6019);
#5775=SURFACE_STYLE_USAGE(.BOTH.,#6020);
#5776=SURFACE_STYLE_USAGE(.BOTH.,#6021);
#5777=SURFACE_STYLE_USAGE(.BOTH.,#6022);
#5778=SURFACE_STYLE_USAGE(.BOTH.,#6023);
#5779=SURFACE_STYLE_USAGE(.BOTH.,#6024);
#5780=SURFACE_STYLE_USAGE(.BOTH.,#6025);
#5781=SURFACE_STYLE_USAGE(.BOTH.,#6026);
#5782=SURFACE_STYLE_USAGE(.BOTH.,#6027);
#5783=SURFACE_STYLE_USAGE(.BOTH.,#6028);
#5784=SURFACE_STYLE_USAGE(.BOTH.,#6029);
#5785=SURFACE_STYLE_USAGE(.BOTH.,#6030);
#5786=SURFACE_STYLE_USAGE(.BOTH.,#6031);
#5787=SURFACE_STYLE_USAGE(.BOTH.,#6032);
#5788=SURFACE_STYLE_USAGE(.BOTH.,#6033);
#5789=SURFACE_STYLE_USAGE(.BOTH.,#6034);
#5790=SURFACE_STYLE_USAGE(.BOTH.,#6035);
#5791=SURFACE_STYLE_USAGE(.BOTH.,#6036);
#5792=SURFACE_STYLE_USAGE(.BOTH.,#6037);
#5793=SURFACE_STYLE_USAGE(.BOTH.,#6038);
#5794=SURFACE_STYLE_USAGE(.BOTH.,#6039);
#5795=SURFACE_STYLE_USAGE(.BOTH.,#6040);
#5796=SURFACE_STYLE_USAGE(.BOTH.,#6041);
#5797=SURFACE_STYLE_USAGE(.BOTH.,#6042);
#5798=SURFACE_STYLE_USAGE(.BOTH.,#6043);
#5799=SURFACE_STYLE_USAGE(.BOTH.,#6044);
#5800=SURFACE_STYLE_USAGE(.BOTH.,#6045);
#5801=SURFACE_STYLE_USAGE(.BOTH.,#6046);
#5802=SURFACE_STYLE_USAGE(.BOTH.,#6047);
#5803=SURFACE_STYLE_USAGE(.BOTH.,#6048);
#5804=SURFACE_STYLE_USAGE(.BOTH.,#6049);
#5805=SURFACE_STYLE_USAGE(.BOTH.,#6050);
#5806=SURFACE_STYLE_USAGE(.BOTH.,#6051);
#5807=SURFACE_STYLE_USAGE(.BOTH.,#6052);
#5808=SURFACE_STYLE_USAGE(.BOTH.,#6053);
#5809=SURFACE_STYLE_USAGE(.BOTH.,#6054);
#5810=SURFACE_STYLE_USAGE(.BOTH.,#6055);
#5811=SURFACE_STYLE_USAGE(.BOTH.,#6056);
#5812=SURFACE_STYLE_USAGE(.BOTH.,#6057);
#5813=SURFACE_STYLE_USAGE(.BOTH.,#6058);
#5814=SURFACE_STYLE_USAGE(.BOTH.,#6059);
#5815=SURFACE_STYLE_USAGE(.BOTH.,#6060);
#5816=SURFACE_STYLE_USAGE(.BOTH.,#6061);
#5817=SURFACE_STYLE_USAGE(.BOTH.,#6062);
#5818=SURFACE_STYLE_USAGE(.BOTH.,#6063);
#5819=SURFACE_STYLE_USAGE(.BOTH.,#6064);
#5820=SURFACE_STYLE_USAGE(.BOTH.,#6065);
#5821=SURFACE_STYLE_USAGE(.BOTH.,#6066);
#5822=SURFACE_STYLE_USAGE(.BOTH.,#6067);
#5823=SURFACE_STYLE_USAGE(.BOTH.,#6068);
#5824=SURFACE_STYLE_USAGE(.BOTH.,#6069);
#5825=SURFACE_STYLE_USAGE(.BOTH.,#6070);
#5826=SURFACE_STYLE_USAGE(.BOTH.,#6071);
#5827=SURFACE_STYLE_USAGE(.BOTH.,#6072);
#5828=SURFACE_STYLE_USAGE(.BOTH.,#6073);
#5829=SURFACE_STYLE_USAGE(.BOTH.,#6074);
#5830=SURFACE_STYLE_USAGE(.BOTH.,#6075);
#5831=SURFACE_STYLE_USAGE(.BOTH.,#6076);
#5832=SURFACE_STYLE_USAGE(.BOTH.,#6077);
#5833=SURFACE_STYLE_USAGE(.BOTH.,#6078);
#5834=SURFACE_STYLE_USAGE(.BOTH.,#6079);
#5835=SURFACE_STYLE_USAGE(.BOTH.,#6080);
#5836=SURFACE_STYLE_USAGE(.BOTH.,#6081);
#5837=SURFACE_STYLE_USAGE(.BOTH.,#6082);
#5838=SURFACE_STYLE_USAGE(.BOTH.,#6083);
#5839=SURFACE_STYLE_USAGE(.BOTH.,#6084);
#5840=SURFACE_STYLE_USAGE(.BOTH.,#6085);
#5841=SURFACE_STYLE_USAGE(.BOTH.,#6086);
#5842=SURFACE_STYLE_USAGE(.BOTH.,#6087);
#5843=SURFACE_STYLE_USAGE(.BOTH.,#6088);
#5844=SURFACE_STYLE_USAGE(.BOTH.,#6089);
#5845=SURFACE_STYLE_USAGE(.BOTH.,#6090);
#5846=SURFACE_STYLE_USAGE(.BOTH.,#6091);
#5847=SURFACE_STYLE_USAGE(.BOTH.,#6092);
#5848=SURFACE_STYLE_USAGE(.BOTH.,#6093);
#5849=SURFACE_STYLE_USAGE(.BOTH.,#6094);
#5850=SURFACE_STYLE_USAGE(.BOTH.,#6095);
#5851=SURFACE_STYLE_USAGE(.BOTH.,#6096);
#5852=SURFACE_STYLE_USAGE(.BOTH.,#6097);
#5853=SURFACE_STYLE_USAGE(.BOTH.,#6098);
#5854=SURFACE_STYLE_USAGE(.BOTH.,#6099);
#5855=SURFACE_STYLE_USAGE(.BOTH.,#6100);
#5856=SURFACE_STYLE_USAGE(.BOTH.,#6101);
#5857=SURFACE_STYLE_USAGE(.BOTH.,#6102);
#5858=SURFACE_STYLE_USAGE(.BOTH.,#6103);
#5859=SURFACE_STYLE_USAGE(.BOTH.,#6104);
#5860=SURFACE_STYLE_USAGE(.BOTH.,#6105);
#5861=SURFACE_STYLE_USAGE(.BOTH.,#6106);
#5862=SURFACE_STYLE_USAGE(.BOTH.,#6107);
#5863=SURFACE_STYLE_USAGE(.BOTH.,#6108);
#5864=SURFACE_STYLE_USAGE(.BOTH.,#6109);
#5865=SURFACE_STYLE_USAGE(.BOTH.,#6110);
#5866=SURFACE_STYLE_USAGE(.BOTH.,#6111);
#5867=SURFACE_STYLE_USAGE(.BOTH.,#6112);
#5868=SURFACE_STYLE_USAGE(.BOTH.,#6113);
#5869=SURFACE_STYLE_USAGE(.BOTH.,#6114);
#5870=SURFACE_STYLE_USAGE(.BOTH.,#6115);
#5871=SURFACE_STYLE_USAGE(.BOTH.,#6116);
#5872=SURFACE_STYLE_USAGE(.BOTH.,#6117);
#5873=SURFACE_STYLE_USAGE(.BOTH.,#6118);
#5874=SURFACE_STYLE_USAGE(.BOTH.,#6119);
#5875=SURFACE_STYLE_USAGE(.BOTH.,#6120);
#5876=SURFACE_STYLE_USAGE(.BOTH.,#6121);
#5877=SURFACE_STYLE_USAGE(.BOTH.,#6122);
#5878=SURFACE_STYLE_USAGE(.BOTH.,#6123);
#5879=SURFACE_STYLE_USAGE(.BOTH.,#6124);
#5880=SURFACE_STYLE_USAGE(.BOTH.,#6125);
#5881=SURFACE_STYLE_USAGE(.BOTH.,#6126);
#5882=SURFACE_STYLE_USAGE(.BOTH.,#6127);
#5883=SURFACE_STYLE_USAGE(.BOTH.,#6128);
#5884=SURFACE_STYLE_USAGE(.BOTH.,#6129);
#5885=SURFACE_STYLE_USAGE(.BOTH.,#6130);
#5886=SURFACE_STYLE_USAGE(.BOTH.,#6131);
#5887=SURFACE_STYLE_USAGE(.BOTH.,#6132);
#5888=SURFACE_STYLE_USAGE(.BOTH.,#6133);
#5889=SURFACE_STYLE_USAGE(.BOTH.,#6134);
#5890=SURFACE_STYLE_USAGE(.BOTH.,#6135);
#5891=SURFACE_STYLE_USAGE(.BOTH.,#6136);
#5892=SURFACE_STYLE_USAGE(.BOTH.,#6137);
#5893=SURFACE_STYLE_USAGE(.BOTH.,#6138);
#5894=SURFACE_STYLE_USAGE(.BOTH.,#6139);
#5895=SURFACE_STYLE_USAGE(.BOTH.,#6140);
#5896=SURFACE_STYLE_USAGE(.BOTH.,#6141);
#5897=SURFACE_STYLE_USAGE(.BOTH.,#6142);
#5898=SURFACE_STYLE_USAGE(.BOTH.,#6143);
#5899=SURFACE_STYLE_USAGE(.BOTH.,#6144);
#5900=SURFACE_STYLE_USAGE(.BOTH.,#6145);
#5901=SURFACE_STYLE_USAGE(.BOTH.,#6146);
#5902=SURFACE_STYLE_USAGE(.BOTH.,#6147);
#5903=SURFACE_STYLE_USAGE(.BOTH.,#6148);
#5904=SURFACE_STYLE_USAGE(.BOTH.,#6149);
#5905=SURFACE_STYLE_USAGE(.BOTH.,#6150);
#5906=SURFACE_STYLE_USAGE(.BOTH.,#6151);
#5907=SURFACE_STYLE_USAGE(.BOTH.,#6152);
#5908=SURFACE_STYLE_USAGE(.BOTH.,#6153);
#5909=SURFACE_STYLE_USAGE(.BOTH.,#6154);
#5910=SURFACE_STYLE_USAGE(.BOTH.,#6155);
#5911=SURFACE_STYLE_USAGE(.BOTH.,#6156);
#5912=SURFACE_STYLE_USAGE(.BOTH.,#6157);
#5913=SURFACE_STYLE_USAGE(.BOTH.,#6158);
#5914=SURFACE_STYLE_USAGE(.BOTH.,#6159);
#5915=SURFACE_STYLE_USAGE(.BOTH.,#6160);
#5916=SURFACE_STYLE_USAGE(.BOTH.,#6161);
#5917=SURFACE_STYLE_USAGE(.BOTH.,#6162);
#5918=SURFACE_STYLE_USAGE(.BOTH.,#6163);
#5919=SURFACE_STYLE_USAGE(.BOTH.,#6164);
#5920=SURFACE_STYLE_USAGE(.BOTH.,#6165);
#5921=SURFACE_STYLE_USAGE(.BOTH.,#6166);
#5922=SURFACE_STYLE_USAGE(.BOTH.,#6167);
#5923=SURFACE_STYLE_USAGE(.BOTH.,#6168);
#5924=SURFACE_STYLE_USAGE(.BOTH.,#6169);
#5925=SURFACE_STYLE_USAGE(.BOTH.,#6170);
#5926=SURFACE_STYLE_USAGE(.BOTH.,#6171);
#5927=SURFACE_STYLE_USAGE(.BOTH.,#6172);
#5928=SURFACE_STYLE_USAGE(.BOTH.,#6173);
#5929=SURFACE_STYLE_USAGE(.BOTH.,#6174);
#5930=SURFACE_STYLE_USAGE(.BOTH.,#6175);
#5931=SURFACE_STYLE_USAGE(.BOTH.,#6176);
#5932=SURFACE_STYLE_USAGE(.BOTH.,#6177);
#5933=SURFACE_STYLE_USAGE(.BOTH.,#6178);
#5934=SURFACE_STYLE_USAGE(.BOTH.,#6179);
#5935=SURFACE_STYLE_USAGE(.BOTH.,#6180);
#5936=SURFACE_STYLE_USAGE(.BOTH.,#6181);
#5937=SURFACE_STYLE_USAGE(.BOTH.,#6182);
#5938=SURFACE_STYLE_USAGE(.BOTH.,#6183);
#5939=SURFACE_STYLE_USAGE(.BOTH.,#6184);
#5940=SURFACE_STYLE_USAGE(.BOTH.,#6185);
#5941=SURFACE_STYLE_USAGE(.BOTH.,#6186);
#5942=SURFACE_STYLE_USAGE(.BOTH.,#6187);
#5943=SURFACE_STYLE_USAGE(.BOTH.,#6188);
#5944=SURFACE_STYLE_USAGE(.BOTH.,#6189);
#5945=SURFACE_STYLE_USAGE(.BOTH.,#6190);
#5946=SURFACE_STYLE_USAGE(.BOTH.,#6191);
#5947=SURFACE_STYLE_USAGE(.BOTH.,#6192);
#5948=SURFACE_STYLE_USAGE(.BOTH.,#6193);
#5949=SURFACE_STYLE_USAGE(.BOTH.,#6194);
#5950=SURFACE_STYLE_USAGE(.BOTH.,#6195);
#5951=SURFACE_STYLE_USAGE(.BOTH.,#6196);
#5952=SURFACE_STYLE_USAGE(.BOTH.,#6197);
#5953=SURFACE_STYLE_USAGE(.BOTH.,#6198);
#5954=SURFACE_STYLE_USAGE(.BOTH.,#6199);
#5955=SURFACE_STYLE_USAGE(.BOTH.,#6200);
#5956=SURFACE_STYLE_USAGE(.BOTH.,#6201);
#5957=SURFACE_STYLE_USAGE(.BOTH.,#6202);
#5958=SURFACE_STYLE_USAGE(.BOTH.,#6203);
#5959=SURFACE_STYLE_USAGE(.BOTH.,#6204);
#5960=SURFACE_STYLE_USAGE(.BOTH.,#6205);
#5961=SURFACE_STYLE_USAGE(.BOTH.,#6206);
#5962=SURFACE_STYLE_USAGE(.BOTH.,#6207);
#5963=SURFACE_STYLE_USAGE(.BOTH.,#6208);
#5964=SURFACE_STYLE_USAGE(.BOTH.,#6209);
#5965=SURFACE_STYLE_USAGE(.BOTH.,#6210);
#5966=SURFACE_STYLE_USAGE(.BOTH.,#6211);
#5967=SURFACE_STYLE_USAGE(.BOTH.,#6212);
#5968=SURFACE_STYLE_USAGE(.BOTH.,#6213);
#5969=SURFACE_STYLE_USAGE(.BOTH.,#6214);
#5970=SURFACE_STYLE_USAGE(.BOTH.,#6215);
#5971=SURFACE_STYLE_USAGE(.BOTH.,#6216);
#5972=SURFACE_STYLE_USAGE(.BOTH.,#6217);
#5973=SURFACE_STYLE_USAGE(.BOTH.,#6218);
#5974=SURFACE_STYLE_USAGE(.BOTH.,#6219);
#5975=SURFACE_STYLE_USAGE(.BOTH.,#6220);
#5976=SURFACE_STYLE_USAGE(.BOTH.,#6221);
#5977=SURFACE_STYLE_USAGE(.BOTH.,#6222);
#5978=SURFACE_STYLE_USAGE(.BOTH.,#6223);
#5979=SURFACE_STYLE_USAGE(.BOTH.,#6224);
#5980=SURFACE_STYLE_USAGE(.BOTH.,#6225);
#5981=SURFACE_STYLE_USAGE(.BOTH.,#6226);
#5982=SURFACE_STYLE_USAGE(.BOTH.,#6227);
#5983=SURFACE_STYLE_USAGE(.BOTH.,#6228);
#5984=SURFACE_STYLE_USAGE(.BOTH.,#6229);
#5985=SURFACE_STYLE_USAGE(.BOTH.,#6230);
#5986=SURFACE_STYLE_USAGE(.BOTH.,#6231);
#5987=SURFACE_STYLE_USAGE(.BOTH.,#6232);
#5988=SURFACE_STYLE_USAGE(.BOTH.,#6233);
#5989=SURFACE_STYLE_USAGE(.BOTH.,#6234);
#5990=SURFACE_STYLE_USAGE(.BOTH.,#6235);
#5991=SURFACE_STYLE_USAGE(.BOTH.,#6236);
#5992=SURFACE_STYLE_USAGE(.BOTH.,#6237);
#5993=SURFACE_STYLE_USAGE(.BOTH.,#6238);
#5994=SURFACE_STYLE_USAGE(.BOTH.,#6239);
#5995=SURFACE_STYLE_USAGE(.BOTH.,#6240);
#5996=SURFACE_STYLE_USAGE(.BOTH.,#6241);
#5997=SURFACE_STYLE_USAGE(.BOTH.,#6242);
#5998=SURFACE_STYLE_USAGE(.BOTH.,#6243);
#5999=SURFACE_STYLE_USAGE(.BOTH.,#6244);
#6000=SURFACE_STYLE_USAGE(.BOTH.,#6245);
#6001=SURFACE_STYLE_USAGE(.BOTH.,#6246);
#6002=SURFACE_STYLE_USAGE(.BOTH.,#6247);
#6003=SURFACE_STYLE_USAGE(.BOTH.,#6248);
#6004=SURFACE_STYLE_USAGE(.BOTH.,#6249);
#6005=SURFACE_STYLE_USAGE(.BOTH.,#6250);
#6006=SURFACE_STYLE_USAGE(.BOTH.,#6251);
#6007=SURFACE_STYLE_USAGE(.BOTH.,#6252);
#6008=SURFACE_STYLE_USAGE(.BOTH.,#6253);
#6009=SURFACE_STYLE_USAGE(.BOTH.,#6254);
#6010=SURFACE_STYLE_USAGE(.BOTH.,#6255);
#6011=SURFACE_STYLE_USAGE(.BOTH.,#6256);
#6012=SURFACE_STYLE_USAGE(.BOTH.,#6257);
#6013=SURFACE_STYLE_USAGE(.BOTH.,#6258);
#6014=SURFACE_STYLE_USAGE(.BOTH.,#6259);
#6015=SURFACE_SIDE_STYLE('',(#6260));
#6016=SURFACE_SIDE_STYLE('',(#6261));
#6017=SURFACE_SIDE_STYLE('',(#6262));
#6018=SURFACE_SIDE_STYLE('',(#6263));
#6019=SURFACE_SIDE_STYLE('',(#6264));
#6020=SURFACE_SIDE_STYLE('',(#6265));
#6021=SURFACE_SIDE_STYLE('',(#6266));
#6022=SURFACE_SIDE_STYLE('',(#6267));
#6023=SURFACE_SIDE_STYLE('',(#6268));
#6024=SURFACE_SIDE_STYLE('',(#6269));
#6025=SURFACE_SIDE_STYLE('',(#6270));
#6026=SURFACE_SIDE_STYLE('',(#6271));
#6027=SURFACE_SIDE_STYLE('',(#6272));
#6028=SURFACE_SIDE_STYLE('',(#6273));
#6029=SURFACE_SIDE_STYLE('',(#6274));
#6030=SURFACE_SIDE_STYLE('',(#6275));
#6031=SURFACE_SIDE_STYLE('',(#6276));
#6032=SURFACE_SIDE_STYLE('',(#6277));
#6033=SURFACE_SIDE_STYLE('',(#6278));
#6034=SURFACE_SIDE_STYLE('',(#6279));
#6035=SURFACE_SIDE_STYLE('',(#6280));
#6036=SURFACE_SIDE_STYLE('',(#6281));
#6037=SURFACE_SIDE_STYLE('',(#6282));
#6038=SURFACE_SIDE_STYLE('',(#6283));
#6039=SURFACE_SIDE_STYLE('',(#6284));
#6040=SURFACE_SIDE_STYLE('',(#6285));
#6041=SURFACE_SIDE_STYLE('',(#6286));
#6042=SURFACE_SIDE_STYLE('',(#6287));
#6043=SURFACE_SIDE_STYLE('',(#6288));
#6044=SURFACE_SIDE_STYLE('',(#6289));
#6045=SURFACE_SIDE_STYLE('',(#6290));
#6046=SURFACE_SIDE_STYLE('',(#6291));
#6047=SURFACE_SIDE_STYLE('',(#6292));
#6048=SURFACE_SIDE_STYLE('',(#6293));
#6049=SURFACE_SIDE_STYLE('',(#6294));
#6050=SURFACE_SIDE_STYLE('',(#6295));
#6051=SURFACE_SIDE_STYLE('',(#6296));
#6052=SURFACE_SIDE_STYLE('',(#6297));
#6053=SURFACE_SIDE_STYLE('',(#6298));
#6054=SURFACE_SIDE_STYLE('',(#6299));
#6055=SURFACE_SIDE_STYLE('',(#6300));
#6056=SURFACE_SIDE_STYLE('',(#6301));
#6057=SURFACE_SIDE_STYLE('',(#6302));
#6058=SURFACE_SIDE_STYLE('',(#6303));
#6059=SURFACE_SIDE_STYLE('',(#6304));
#6060=SURFACE_SIDE_STYLE('',(#6305));
#6061=SURFACE_SIDE_STYLE('',(#6306));
#6062=SURFACE_SIDE_STYLE('',(#6307));
#6063=SURFACE_SIDE_STYLE('',(#6308));
#6064=SURFACE_SIDE_STYLE('',(#6309));
#6065=SURFACE_SIDE_STYLE('',(#6310));
#6066=SURFACE_SIDE_STYLE('',(#6311));
#6067=SURFACE_SIDE_STYLE('',(#6312));
#6068=SURFACE_SIDE_STYLE('',(#6313));
#6069=SURFACE_SIDE_STYLE('',(#6314));
#6070=SURFACE_SIDE_STYLE('',(#6315));
#6071=SURFACE_SIDE_STYLE('',(#6316));
#6072=SURFACE_SIDE_STYLE('',(#6317));
#6073=SURFACE_SIDE_STYLE('',(#6318));
#6074=SURFACE_SIDE_STYLE('',(#6319));
#6075=SURFACE_SIDE_STYLE('',(#6320));
#6076=SURFACE_SIDE_STYLE('',(#6321));
#6077=SURFACE_SIDE_STYLE('',(#6322));
#6078=SURFACE_SIDE_STYLE('',(#6323));
#6079=SURFACE_SIDE_STYLE('',(#6324));
#6080=SURFACE_SIDE_STYLE('',(#6325));
#6081=SURFACE_SIDE_STYLE('',(#6326));
#6082=SURFACE_SIDE_STYLE('',(#6327));
#6083=SURFACE_SIDE_STYLE('',(#6328));
#6084=SURFACE_SIDE_STYLE('',(#6329));
#6085=SURFACE_SIDE_STYLE('',(#6330));
#6086=SURFACE_SIDE_STYLE('',(#6331));
#6087=SURFACE_SIDE_STYLE('',(#6332));
#6088=SURFACE_SIDE_STYLE('',(#6333));
#6089=SURFACE_SIDE_STYLE('',(#6334));
#6090=SURFACE_SIDE_STYLE('',(#6335));
#6091=SURFACE_SIDE_STYLE('',(#6336));
#6092=SURFACE_SIDE_STYLE('',(#6337));
#6093=SURFACE_SIDE_STYLE('',(#6338));
#6094=SURFACE_SIDE_STYLE('',(#6339));
#6095=SURFACE_SIDE_STYLE('',(#6340));
#6096=SURFACE_SIDE_STYLE('',(#6341));
#6097=SURFACE_SIDE_STYLE('',(#6342));
#6098=SURFACE_SIDE_STYLE('',(#6343));
#6099=SURFACE_SIDE_STYLE('',(#6344));
#6100=SURFACE_SIDE_STYLE('',(#6345));
#6101=SURFACE_SIDE_STYLE('',(#6346));
#6102=SURFACE_SIDE_STYLE('',(#6347));
#6103=SURFACE_SIDE_STYLE('',(#6348));
#6104=SURFACE_SIDE_STYLE('',(#6349));
#6105=SURFACE_SIDE_STYLE('',(#6350));
#6106=SURFACE_SIDE_STYLE('',(#6351));
#6107=SURFACE_SIDE_STYLE('',(#6352));
#6108=SURFACE_SIDE_STYLE('',(#6353));
#6109=SURFACE_SIDE_STYLE('',(#6354));
#6110=SURFACE_SIDE_STYLE('',(#6355));
#6111=SURFACE_SIDE_STYLE('',(#6356));
#6112=SURFACE_SIDE_STYLE('',(#6357));
#6113=SURFACE_SIDE_STYLE('',(#6358));
#6114=SURFACE_SIDE_STYLE('',(#6359));
#6115=SURFACE_SIDE_STYLE('',(#6360));
#6116=SURFACE_SIDE_STYLE('',(#6361));
#6117=SURFACE_SIDE_STYLE('',(#6362));
#6118=SURFACE_SIDE_STYLE('',(#6363));
#6119=SURFACE_SIDE_STYLE('',(#6364));
#6120=SURFACE_SIDE_STYLE('',(#6365));
#6121=SURFACE_SIDE_STYLE('',(#6366));
#6122=SURFACE_SIDE_STYLE('',(#6367));
#6123=SURFACE_SIDE_STYLE('',(#6368));
#6124=SURFACE_SIDE_STYLE('',(#6369));
#6125=SURFACE_SIDE_STYLE('',(#6370));
#6126=SURFACE_SIDE_STYLE('',(#6371));
#6127=SURFACE_SIDE_STYLE('',(#6372));
#6128=SURFACE_SIDE_STYLE('',(#6373));
#6129=SURFACE_SIDE_STYLE('',(#6374));
#6130=SURFACE_SIDE_STYLE('',(#6375));
#6131=SURFACE_SIDE_STYLE('',(#6376));
#6132=SURFACE_SIDE_STYLE('',(#6377));
#6133=SURFACE_SIDE_STYLE('',(#6378));
#6134=SURFACE_SIDE_STYLE('',(#6379));
#6135=SURFACE_SIDE_STYLE('',(#6380));
#6136=SURFACE_SIDE_STYLE('',(#6381));
#6137=SURFACE_SIDE_STYLE('',(#6382));
#6138=SURFACE_SIDE_STYLE('',(#6383));
#6139=SURFACE_SIDE_STYLE('',(#6384));
#6140=SURFACE_SIDE_STYLE('',(#6385));
#6141=SURFACE_SIDE_STYLE('',(#6386));
#6142=SURFACE_SIDE_STYLE('',(#6387));
#6143=SURFACE_SIDE_STYLE('',(#6388));
#6144=SURFACE_SIDE_STYLE('',(#6389));
#6145=SURFACE_SIDE_STYLE('',(#6390));
#6146=SURFACE_SIDE_STYLE('',(#6391));
#6147=SURFACE_SIDE_STYLE('',(#6392));
#6148=SURFACE_SIDE_STYLE('',(#6393));
#6149=SURFACE_SIDE_STYLE('',(#6394));
#6150=SURFACE_SIDE_STYLE('',(#6395));
#6151=SURFACE_SIDE_STYLE('',(#6396));
#6152=SURFACE_SIDE_STYLE('',(#6397));
#6153=SURFACE_SIDE_STYLE('',(#6398));
#6154=SURFACE_SIDE_STYLE('',(#6399));
#6155=SURFACE_SIDE_STYLE('',(#6400));
#6156=SURFACE_SIDE_STYLE('',(#6401));
#6157=SURFACE_SIDE_STYLE('',(#6402));
#6158=SURFACE_SIDE_STYLE('',(#6403));
#6159=SURFACE_SIDE_STYLE('',(#6404));
#6160=SURFACE_SIDE_STYLE('',(#6405));
#6161=SURFACE_SIDE_STYLE('',(#6406));
#6162=SURFACE_SIDE_STYLE('',(#6407));
#6163=SURFACE_SIDE_STYLE('',(#6408));
#6164=SURFACE_SIDE_STYLE('',(#6409));
#6165=SURFACE_SIDE_STYLE('',(#6410));
#6166=SURFACE_SIDE_STYLE('',(#6411));
#6167=SURFACE_SIDE_STYLE('',(#6412));
#6168=SURFACE_SIDE_STYLE('',(#6413));
#6169=SURFACE_SIDE_STYLE('',(#6414));
#6170=SURFACE_SIDE_STYLE('',(#6415));
#6171=SURFACE_SIDE_STYLE('',(#6416));
#6172=SURFACE_SIDE_STYLE('',(#6417));
#6173=SURFACE_SIDE_STYLE('',(#6418));
#6174=SURFACE_SIDE_STYLE('',(#6419));
#6175=SURFACE_SIDE_STYLE('',(#6420));
#6176=SURFACE_SIDE_STYLE('',(#6421));
#6177=SURFACE_SIDE_STYLE('',(#6422));
#6178=SURFACE_SIDE_STYLE('',(#6423));
#6179=SURFACE_SIDE_STYLE('',(#6424));
#6180=SURFACE_SIDE_STYLE('',(#6425));
#6181=SURFACE_SIDE_STYLE('',(#6426));
#6182=SURFACE_SIDE_STYLE('',(#6427));
#6183=SURFACE_SIDE_STYLE('',(#6428));
#6184=SURFACE_SIDE_STYLE('',(#6429));
#6185=SURFACE_SIDE_STYLE('',(#6430));
#6186=SURFACE_SIDE_STYLE('',(#6431));
#6187=SURFACE_SIDE_STYLE('',(#6432));
#6188=SURFACE_SIDE_STYLE('',(#6433));
#6189=SURFACE_SIDE_STYLE('',(#6434));
#6190=SURFACE_SIDE_STYLE('',(#6435));
#6191=SURFACE_SIDE_STYLE('',(#6436));
#6192=SURFACE_SIDE_STYLE('',(#6437));
#6193=SURFACE_SIDE_STYLE('',(#6438));
#6194=SURFACE_SIDE_STYLE('',(#6439));
#6195=SURFACE_SIDE_STYLE('',(#6440));
#6196=SURFACE_SIDE_STYLE('',(#6441));
#6197=SURFACE_SIDE_STYLE('',(#6442));
#6198=SURFACE_SIDE_STYLE('',(#6443));
#6199=SURFACE_SIDE_STYLE('',(#6444));
#6200=SURFACE_SIDE_STYLE('',(#6445));
#6201=SURFACE_SIDE_STYLE('',(#6446));
#6202=SURFACE_SIDE_STYLE('',(#6447));
#6203=SURFACE_SIDE_STYLE('',(#6448));
#6204=SURFACE_SIDE_STYLE('',(#6449));
#6205=SURFACE_SIDE_STYLE('',(#6450));
#6206=SURFACE_SIDE_STYLE('',(#6451));
#6207=SURFACE_SIDE_STYLE('',(#6452));
#6208=SURFACE_SIDE_STYLE('',(#6453));
#6209=SURFACE_SIDE_STYLE('',(#6454));
#6210=SURFACE_SIDE_STYLE('',(#6455));
#6211=SURFACE_SIDE_STYLE('',(#6456));
#6212=SURFACE_SIDE_STYLE('',(#6457));
#6213=SURFACE_SIDE_STYLE('',(#6458));
#6214=SURFACE_SIDE_STYLE('',(#6459));
#6215=SURFACE_SIDE_STYLE('',(#6460));
#6216=SURFACE_SIDE_STYLE('',(#6461));
#6217=SURFACE_SIDE_STYLE('',(#6462));
#6218=SURFACE_SIDE_STYLE('',(#6463));
#6219=SURFACE_SIDE_STYLE('',(#6464));
#6220=SURFACE_SIDE_STYLE('',(#6465));
#6221=SURFACE_SIDE_STYLE('',(#6466));
#6222=SURFACE_SIDE_STYLE('',(#6467));
#6223=SURFACE_SIDE_STYLE('',(#6468));
#6224=SURFACE_SIDE_STYLE('',(#6469));
#6225=SURFACE_SIDE_STYLE('',(#6470));
#6226=SURFACE_SIDE_STYLE('',(#6471));
#6227=SURFACE_SIDE_STYLE('',(#6472));
#6228=SURFACE_SIDE_STYLE('',(#6473));
#6229=SURFACE_SIDE_STYLE('',(#6474));
#6230=SURFACE_SIDE_STYLE('',(#6475));
#6231=SURFACE_SIDE_STYLE('',(#6476));
#6232=SURFACE_SIDE_STYLE('',(#6477));
#6233=SURFACE_SIDE_STYLE('',(#6478));
#6234=SURFACE_SIDE_STYLE('',(#6479));
#6235=SURFACE_SIDE_STYLE('',(#6480));
#6236=SURFACE_SIDE_STYLE('',(#6481));
#6237=SURFACE_SIDE_STYLE('',(#6482));
#6238=SURFACE_SIDE_STYLE('',(#6483));
#6239=SURFACE_SIDE_STYLE('',(#6484));
#6240=SURFACE_SIDE_STYLE('',(#6485));
#6241=SURFACE_SIDE_STYLE('',(#6486));
#6242=SURFACE_SIDE_STYLE('',(#6487));
#6243=SURFACE_SIDE_STYLE('',(#6488));
#6244=SURFACE_SIDE_STYLE('',(#6489));
#6245=SURFACE_SIDE_STYLE('',(#6490));
#6246=SURFACE_SIDE_STYLE('',(#6491));
#6247=SURFACE_SIDE_STYLE('',(#6492));
#6248=SURFACE_SIDE_STYLE('',(#6493));
#6249=SURFACE_SIDE_STYLE('',(#6494));
#6250=SURFACE_SIDE_STYLE('',(#6495));
#6251=SURFACE_SIDE_STYLE('',(#6496));
#6252=SURFACE_SIDE_STYLE('',(#6497));
#6253=SURFACE_SIDE_STYLE('',(#6498));
#6254=SURFACE_SIDE_STYLE('',(#6499));
#6255=SURFACE_SIDE_STYLE('',(#6500));
#6256=SURFACE_SIDE_STYLE('',(#6501));
#6257=SURFACE_SIDE_STYLE('',(#6502));
#6258=SURFACE_SIDE_STYLE('',(#6503));
#6259=SURFACE_SIDE_STYLE('',(#6504));
#6260=SURFACE_STYLE_FILL_AREA(#6505);
#6261=SURFACE_STYLE_FILL_AREA(#6506);
#6262=SURFACE_STYLE_FILL_AREA(#6507);
#6263=SURFACE_STYLE_FILL_AREA(#6508);
#6264=SURFACE_STYLE_FILL_AREA(#6509);
#6265=SURFACE_STYLE_FILL_AREA(#6510);
#6266=SURFACE_STYLE_FILL_AREA(#6511);
#6267=SURFACE_STYLE_FILL_AREA(#6512);
#6268=SURFACE_STYLE_FILL_AREA(#6513);
#6269=SURFACE_STYLE_FILL_AREA(#6514);
#6270=SURFACE_STYLE_FILL_AREA(#6515);
#6271=SURFACE_STYLE_FILL_AREA(#6516);
#6272=SURFACE_STYLE_FILL_AREA(#6517);
#6273=SURFACE_STYLE_FILL_AREA(#6518);
#6274=SURFACE_STYLE_FILL_AREA(#6519);
#6275=SURFACE_STYLE_FILL_AREA(#6520);
#6276=SURFACE_STYLE_FILL_AREA(#6521);
#6277=SURFACE_STYLE_FILL_AREA(#6522);
#6278=SURFACE_STYLE_FILL_AREA(#6523);
#6279=SURFACE_STYLE_FILL_AREA(#6524);
#6280=SURFACE_STYLE_FILL_AREA(#6525);
#6281=SURFACE_STYLE_FILL_AREA(#6526);
#6282=SURFACE_STYLE_FILL_AREA(#6527);
#6283=SURFACE_STYLE_FILL_AREA(#6528);
#6284=SURFACE_STYLE_FILL_AREA(#6529);
#6285=SURFACE_STYLE_FILL_AREA(#6530);
#6286=SURFACE_STYLE_FILL_AREA(#6531);
#6287=SURFACE_STYLE_FILL_AREA(#6532);
#6288=SURFACE_STYLE_FILL_AREA(#6533);
#6289=SURFACE_STYLE_FILL_AREA(#6534);
#6290=SURFACE_STYLE_FILL_AREA(#6535);
#6291=SURFACE_STYLE_FILL_AREA(#6536);
#6292=SURFACE_STYLE_FILL_AREA(#6537);
#6293=SURFACE_STYLE_FILL_AREA(#6538);
#6294=SURFACE_STYLE_FILL_AREA(#6539);
#6295=SURFACE_STYLE_FILL_AREA(#6540);
#6296=SURFACE_STYLE_FILL_AREA(#6541);
#6297=SURFACE_STYLE_FILL_AREA(#6542);
#6298=SURFACE_STYLE_FILL_AREA(#6543);
#6299=SURFACE_STYLE_FILL_AREA(#6544);
#6300=SURFACE_STYLE_FILL_AREA(#6545);
#6301=SURFACE_STYLE_FILL_AREA(#6546);
#6302=SURFACE_STYLE_FILL_AREA(#6547);
#6303=SURFACE_STYLE_FILL_AREA(#6548);
#6304=SURFACE_STYLE_FILL_AREA(#6549);
#6305=SURFACE_STYLE_FILL_AREA(#6550);
#6306=SURFACE_STYLE_FILL_AREA(#6551);
#6307=SURFACE_STYLE_FILL_AREA(#6552);
#6308=SURFACE_STYLE_FILL_AREA(#6553);
#6309=SURFACE_STYLE_FILL_AREA(#6554);
#6310=SURFACE_STYLE_FILL_AREA(#6555);
#6311=SURFACE_STYLE_FILL_AREA(#6556);
#6312=SURFACE_STYLE_FILL_AREA(#6557);
#6313=SURFACE_STYLE_FILL_AREA(#6558);
#6314=SURFACE_STYLE_FILL_AREA(#6559);
#6315=SURFACE_STYLE_FILL_AREA(#6560);
#6316=SURFACE_STYLE_FILL_AREA(#6561);
#6317=SURFACE_STYLE_FILL_AREA(#6562);
#6318=SURFACE_STYLE_FILL_AREA(#6563);
#6319=SURFACE_STYLE_FILL_AREA(#6564);
#6320=SURFACE_STYLE_FILL_AREA(#6565);
#6321=SURFACE_STYLE_FILL_AREA(#6566);
#6322=SURFACE_STYLE_FILL_AREA(#6567);
#6323=SURFACE_STYLE_FILL_AREA(#6568);
#6324=SURFACE_STYLE_FILL_AREA(#6569);
#6325=SURFACE_STYLE_FILL_AREA(#6570);
#6326=SURFACE_STYLE_FILL_AREA(#6571);
#6327=SURFACE_STYLE_FILL_AREA(#6572);
#6328=SURFACE_STYLE_FILL_AREA(#6573);
#6329=SURFACE_STYLE_FILL_AREA(#6574);
#6330=SURFACE_STYLE_FILL_AREA(#6575);
#6331=SURFACE_STYLE_FILL_AREA(#6576);
#6332=SURFACE_STYLE_FILL_AREA(#6577);
#6333=SURFACE_STYLE_FILL_AREA(#6578);
#6334=SURFACE_STYLE_FILL_AREA(#6579);
#6335=SURFACE_STYLE_FILL_AREA(#6580);
#6336=SURFACE_STYLE_FILL_AREA(#6581);
#6337=SURFACE_STYLE_FILL_AREA(#6582);
#6338=SURFACE_STYLE_FILL_AREA(#6583);
#6339=SURFACE_STYLE_FILL_AREA(#6584);
#6340=SURFACE_STYLE_FILL_AREA(#6585);
#6341=SURFACE_STYLE_FILL_AREA(#6586);
#6342=SURFACE_STYLE_FILL_AREA(#6587);
#6343=SURFACE_STYLE_FILL_AREA(#6588);
#6344=SURFACE_STYLE_FILL_AREA(#6589);
#6345=SURFACE_STYLE_FILL_AREA(#6590);
#6346=SURFACE_STYLE_FILL_AREA(#6591);
#6347=SURFACE_STYLE_FILL_AREA(#6592);
#6348=SURFACE_STYLE_FILL_AREA(#6593);
#6349=SURFACE_STYLE_FILL_AREA(#6594);
#6350=SURFACE_STYLE_FILL_AREA(#6595);
#6351=SURFACE_STYLE_FILL_AREA(#6596);
#6352=SURFACE_STYLE_FILL_AREA(#6597);
#6353=SURFACE_STYLE_FILL_AREA(#6598);
#6354=SURFACE_STYLE_FILL_AREA(#6599);
#6355=SURFACE_STYLE_FILL_AREA(#6600);
#6356=SURFACE_STYLE_FILL_AREA(#6601);
#6357=SURFACE_STYLE_FILL_AREA(#6602);
#6358=SURFACE_STYLE_FILL_AREA(#6603);
#6359=SURFACE_STYLE_FILL_AREA(#6604);
#6360=SURFACE_STYLE_FILL_AREA(#6605);
#6361=SURFACE_STYLE_FILL_AREA(#6606);
#6362=SURFACE_STYLE_FILL_AREA(#6607);
#6363=SURFACE_STYLE_FILL_AREA(#6608);
#6364=SURFACE_STYLE_FILL_AREA(#6609);
#6365=SURFACE_STYLE_FILL_AREA(#6610);
#6366=SURFACE_STYLE_FILL_AREA(#6611);
#6367=SURFACE_STYLE_FILL_AREA(#6612);
#6368=SURFACE_STYLE_FILL_AREA(#6613);
#6369=SURFACE_STYLE_FILL_AREA(#6614);
#6370=SURFACE_STYLE_FILL_AREA(#6615);
#6371=SURFACE_STYLE_FILL_AREA(#6616);
#6372=SURFACE_STYLE_FILL_AREA(#6617);
#6373=SURFACE_STYLE_FILL_AREA(#6618);
#6374=SURFACE_STYLE_FILL_AREA(#6619);
#6375=SURFACE_STYLE_FILL_AREA(#6620);
#6376=SURFACE_STYLE_FILL_AREA(#6621);
#6377=SURFACE_STYLE_FILL_AREA(#6622);
#6378=SURFACE_STYLE_FILL_AREA(#6623);
#6379=SURFACE_STYLE_FILL_AREA(#6624);
#6380=SURFACE_STYLE_FILL_AREA(#6625);
#6381=SURFACE_STYLE_FILL_AREA(#6626);
#6382=SURFACE_STYLE_FILL_AREA(#6627);
#6383=SURFACE_STYLE_FILL_AREA(#6628);
#6384=SURFACE_STYLE_FILL_AREA(#6629);
#6385=SURFACE_STYLE_FILL_AREA(#6630);
#6386=SURFACE_STYLE_FILL_AREA(#6631);
#6387=SURFACE_STYLE_FILL_AREA(#6632);
#6388=SURFACE_STYLE_FILL_AREA(#6633);
#6389=SURFACE_STYLE_FILL_AREA(#6634);
#6390=SURFACE_STYLE_FILL_AREA(#6635);
#6391=SURFACE_STYLE_FILL_AREA(#6636);
#6392=SURFACE_STYLE_FILL_AREA(#6637);
#6393=SURFACE_STYLE_FILL_AREA(#6638);
#6394=SURFACE_STYLE_FILL_AREA(#6639);
#6395=SURFACE_STYLE_FILL_AREA(#6640);
#6396=SURFACE_STYLE_FILL_AREA(#6641);
#6397=SURFACE_STYLE_FILL_AREA(#6642);
#6398=SURFACE_STYLE_FILL_AREA(#6643);
#6399=SURFACE_STYLE_FILL_AREA(#6644);
#6400=SURFACE_STYLE_FILL_AREA(#6645);
#6401=SURFACE_STYLE_FILL_AREA(#6646);
#6402=SURFACE_STYLE_FILL_AREA(#6647);
#6403=SURFACE_STYLE_FILL_AREA(#6648);
#6404=SURFACE_STYLE_FILL_AREA(#6649);
#6405=SURFACE_STYLE_FILL_AREA(#6650);
#6406=SURFACE_STYLE_FILL_AREA(#6651);
#6407=SURFACE_STYLE_FILL_AREA(#6652);
#6408=SURFACE_STYLE_FILL_AREA(#6653);
#6409=SURFACE_STYLE_FILL_AREA(#6654);
#6410=SURFACE_STYLE_FILL_AREA(#6655);
#6411=SURFACE_STYLE_FILL_AREA(#6656);
#6412=SURFACE_STYLE_FILL_AREA(#6657);
#6413=SURFACE_STYLE_FILL_AREA(#6658);
#6414=SURFACE_STYLE_FILL_AREA(#6659);
#6415=SURFACE_STYLE_FILL_AREA(#6660);
#6416=SURFACE_STYLE_FILL_AREA(#6661);
#6417=SURFACE_STYLE_FILL_AREA(#6662);
#6418=SURFACE_STYLE_FILL_AREA(#6663);
#6419=SURFACE_STYLE_FILL_AREA(#6664);
#6420=SURFACE_STYLE_FILL_AREA(#6665);
#6421=SURFACE_STYLE_FILL_AREA(#6666);
#6422=SURFACE_STYLE_FILL_AREA(#6667);
#6423=SURFACE_STYLE_FILL_AREA(#6668);
#6424=SURFACE_STYLE_FILL_AREA(#6669);
#6425=SURFACE_STYLE_FILL_AREA(#6670);
#6426=SURFACE_STYLE_FILL_AREA(#6671);
#6427=SURFACE_STYLE_FILL_AREA(#6672);
#6428=SURFACE_STYLE_FILL_AREA(#6673);
#6429=SURFACE_STYLE_FILL_AREA(#6674);
#6430=SURFACE_STYLE_FILL_AREA(#6675);
#6431=SURFACE_STYLE_FILL_AREA(#6676);
#6432=SURFACE_STYLE_FILL_AREA(#6677);
#6433=SURFACE_STYLE_FILL_AREA(#6678);
#6434=SURFACE_STYLE_FILL_AREA(#6679);
#6435=SURFACE_STYLE_FILL_AREA(#6680);
#6436=SURFACE_STYLE_FILL_AREA(#6681);
#6437=SURFACE_STYLE_FILL_AREA(#6682);
#6438=SURFACE_STYLE_FILL_AREA(#6683);
#6439=SURFACE_STYLE_FILL_AREA(#6684);
#6440=SURFACE_STYLE_FILL_AREA(#6685);
#6441=SURFACE_STYLE_FILL_AREA(#6686);
#6442=SURFACE_STYLE_FILL_AREA(#6687);
#6443=SURFACE_STYLE_FILL_AREA(#6688);
#6444=SURFACE_STYLE_FILL_AREA(#6689);
#6445=SURFACE_STYLE_FILL_AREA(#6690);
#6446=SURFACE_STYLE_FILL_AREA(#6691);
#6447=SURFACE_STYLE_FILL_AREA(#6692);
#6448=SURFACE_STYLE_FILL_AREA(#6693);
#6449=SURFACE_STYLE_FILL_AREA(#6694);
#6450=SURFACE_STYLE_FILL_AREA(#6695);
#6451=SURFACE_STYLE_FILL_AREA(#6696);
#6452=SURFACE_STYLE_FILL_AREA(#6697);
#6453=SURFACE_STYLE_FILL_AREA(#6698);
#6454=SURFACE_STYLE_FILL_AREA(#6699);
#6455=SURFACE_STYLE_FILL_AREA(#6700);
#6456=SURFACE_STYLE_FILL_AREA(#6701);
#6457=SURFACE_STYLE_FILL_AREA(#6702);
#6458=SURFACE_STYLE_FILL_AREA(#6703);
#6459=SURFACE_STYLE_FILL_AREA(#6704);
#6460=SURFACE_STYLE_FILL_AREA(#6705);
#6461=SURFACE_STYLE_FILL_AREA(#6706);
#6462=SURFACE_STYLE_FILL_AREA(#6707);
#6463=SURFACE_STYLE_FILL_AREA(#6708);
#6464=SURFACE_STYLE_FILL_AREA(#6709);
#6465=SURFACE_STYLE_FILL_AREA(#6710);
#6466=SURFACE_STYLE_FILL_AREA(#6711);
#6467=SURFACE_STYLE_FILL_AREA(#6712);
#6468=SURFACE_STYLE_FILL_AREA(#6713);
#6469=SURFACE_STYLE_FILL_AREA(#6714);
#6470=SURFACE_STYLE_FILL_AREA(#6715);
#6471=SURFACE_STYLE_FILL_AREA(#6716);
#6472=SURFACE_STYLE_FILL_AREA(#6717);
#6473=SURFACE_STYLE_FILL_AREA(#6718);
#6474=SURFACE_STYLE_FILL_AREA(#6719);
#6475=SURFACE_STYLE_FILL_AREA(#6720);
#6476=SURFACE_STYLE_FILL_AREA(#6721);
#6477=SURFACE_STYLE_FILL_AREA(#6722);
#6478=SURFACE_STYLE_FILL_AREA(#6723);
#6479=SURFACE_STYLE_FILL_AREA(#6724);
#6480=SURFACE_STYLE_FILL_AREA(#6725);
#6481=SURFACE_STYLE_FILL_AREA(#6726);
#6482=SURFACE_STYLE_FILL_AREA(#6727);
#6483=SURFACE_STYLE_FILL_AREA(#6728);
#6484=SURFACE_STYLE_FILL_AREA(#6729);
#6485=SURFACE_STYLE_FILL_AREA(#6730);
#6486=SURFACE_STYLE_FILL_AREA(#6731);
#6487=SURFACE_STYLE_FILL_AREA(#6732);
#6488=SURFACE_STYLE_FILL_AREA(#6733);
#6489=SURFACE_STYLE_FILL_AREA(#6734);
#6490=SURFACE_STYLE_FILL_AREA(#6735);
#6491=SURFACE_STYLE_FILL_AREA(#6736);
#6492=SURFACE_STYLE_FILL_AREA(#6737);
#6493=SURFACE_STYLE_FILL_AREA(#6738);
#6494=SURFACE_STYLE_FILL_AREA(#6739);
#6495=SURFACE_STYLE_FILL_AREA(#6740);
#6496=SURFACE_STYLE_FILL_AREA(#6741);
#6497=SURFACE_STYLE_FILL_AREA(#6742);
#6498=SURFACE_STYLE_FILL_AREA(#6743);
#6499=SURFACE_STYLE_FILL_AREA(#6744);
#6500=SURFACE_STYLE_FILL_AREA(#6745);
#6501=SURFACE_STYLE_FILL_AREA(#6746);
#6502=SURFACE_STYLE_FILL_AREA(#6747);
#6503=SURFACE_STYLE_FILL_AREA(#6748);
#6504=SURFACE_STYLE_FILL_AREA(#6749);
#6505=FILL_AREA_STYLE('',(#6750));
#6506=FILL_AREA_STYLE('',(#6751));
#6507=FILL_AREA_STYLE('',(#6752));
#6508=FILL_AREA_STYLE('',(#6753));
#6509=FILL_AREA_STYLE('',(#6754));
#6510=FILL_AREA_STYLE('',(#6755));
#6511=FILL_AREA_STYLE('',(#6756));
#6512=FILL_AREA_STYLE('',(#6757));
#6513=FILL_AREA_STYLE('',(#6758));
#6514=FILL_AREA_STYLE('',(#6759));
#6515=FILL_AREA_STYLE('',(#6760));
#6516=FILL_AREA_STYLE('',(#6761));
#6517=FILL_AREA_STYLE('',(#6762));
#6518=FILL_AREA_STYLE('',(#6763));
#6519=FILL_AREA_STYLE('',(#6764));
#6520=FILL_AREA_STYLE('',(#6765));
#6521=FILL_AREA_STYLE('',(#6766));
#6522=FILL_AREA_STYLE('',(#6767));
#6523=FILL_AREA_STYLE('',(#6768));
#6524=FILL_AREA_STYLE('',(#6769));
#6525=FILL_AREA_STYLE('',(#6770));
#6526=FILL_AREA_STYLE('',(#6771));
#6527=FILL_AREA_STYLE('',(#6772));
#6528=FILL_AREA_STYLE('',(#6773));
#6529=FILL_AREA_STYLE('',(#6774));
#6530=FILL_AREA_STYLE('',(#6775));
#6531=FILL_AREA_STYLE('',(#6776));
#6532=FILL_AREA_STYLE('',(#6777));
#6533=FILL_AREA_STYLE('',(#6778));
#6534=FILL_AREA_STYLE('',(#6779));
#6535=FILL_AREA_STYLE('',(#6780));
#6536=FILL_AREA_STYLE('',(#6781));
#6537=FILL_AREA_STYLE('',(#6782));
#6538=FILL_AREA_STYLE('',(#6783));
#6539=FILL_AREA_STYLE('',(#6784));
#6540=FILL_AREA_STYLE('',(#6785));
#6541=FILL_AREA_STYLE('',(#6786));
#6542=FILL_AREA_STYLE('',(#6787));
#6543=FILL_AREA_STYLE('',(#6788));
#6544=FILL_AREA_STYLE('',(#6789));
#6545=FILL_AREA_STYLE('',(#6790));
#6546=FILL_AREA_STYLE('',(#6791));
#6547=FILL_AREA_STYLE('',(#6792));
#6548=FILL_AREA_STYLE('',(#6793));
#6549=FILL_AREA_STYLE('',(#6794));
#6550=FILL_AREA_STYLE('',(#6795));
#6551=FILL_AREA_STYLE('',(#6796));
#6552=FILL_AREA_STYLE('',(#6797));
#6553=FILL_AREA_STYLE('',(#6798));
#6554=FILL_AREA_STYLE('',(#6799));
#6555=FILL_AREA_STYLE('',(#6800));
#6556=FILL_AREA_STYLE('',(#6801));
#6557=FILL_AREA_STYLE('',(#6802));
#6558=FILL_AREA_STYLE('',(#6803));
#6559=FILL_AREA_STYLE('',(#6804));
#6560=FILL_AREA_STYLE('',(#6805));
#6561=FILL_AREA_STYLE('',(#6806));
#6562=FILL_AREA_STYLE('',(#6807));
#6563=FILL_AREA_STYLE('',(#6808));
#6564=FILL_AREA_STYLE('',(#6809));
#6565=FILL_AREA_STYLE('',(#6810));
#6566=FILL_AREA_STYLE('',(#6811));
#6567=FILL_AREA_STYLE('',(#6812));
#6568=FILL_AREA_STYLE('',(#6813));
#6569=FILL_AREA_STYLE('',(#6814));
#6570=FILL_AREA_STYLE('',(#6815));
#6571=FILL_AREA_STYLE('',(#6816));
#6572=FILL_AREA_STYLE('',(#6817));
#6573=FILL_AREA_STYLE('',(#6818));
#6574=FILL_AREA_STYLE('',(#6819));
#6575=FILL_AREA_STYLE('',(#6820));
#6576=FILL_AREA_STYLE('',(#6821));
#6577=FILL_AREA_STYLE('',(#6822));
#6578=FILL_AREA_STYLE('',(#6823));
#6579=FILL_AREA_STYLE('',(#6824));
#6580=FILL_AREA_STYLE('',(#6825));
#6581=FILL_AREA_STYLE('',(#6826));
#6582=FILL_AREA_STYLE('',(#6827));
#6583=FILL_AREA_STYLE('',(#6828));
#6584=FILL_AREA_STYLE('',(#6829));
#6585=FILL_AREA_STYLE('',(#6830));
#6586=FILL_AREA_STYLE('',(#6831));
#6587=FILL_AREA_STYLE('',(#6832));
#6588=FILL_AREA_STYLE('',(#6833));
#6589=FILL_AREA_STYLE('',(#6834));
#6590=FILL_AREA_STYLE('',(#6835));
#6591=FILL_AREA_STYLE('',(#6836));
#6592=FILL_AREA_STYLE('',(#6837));
#6593=FILL_AREA_STYLE('',(#6838));
#6594=FILL_AREA_STYLE('',(#6839));
#6595=FILL_AREA_STYLE('',(#6840));
#6596=FILL_AREA_STYLE('',(#6841));
#6597=FILL_AREA_STYLE('',(#6842));
#6598=FILL_AREA_STYLE('',(#6843));
#6599=FILL_AREA_STYLE('',(#6844));
#6600=FILL_AREA_STYLE('',(#6845));
#6601=FILL_AREA_STYLE('',(#6846));
#6602=FILL_AREA_STYLE('',(#6847));
#6603=FILL_AREA_STYLE('',(#6848));
#6604=FILL_AREA_STYLE('',(#6849));
#6605=FILL_AREA_STYLE('',(#6850));
#6606=FILL_AREA_STYLE('',(#6851));
#6607=FILL_AREA_STYLE('',(#6852));
#6608=FILL_AREA_STYLE('',(#6853));
#6609=FILL_AREA_STYLE('',(#6854));
#6610=FILL_AREA_STYLE('',(#6855));
#6611=FILL_AREA_STYLE('',(#6856));
#6612=FILL_AREA_STYLE('',(#6857));
#6613=FILL_AREA_STYLE('',(#6858));
#6614=FILL_AREA_STYLE('',(#6859));
#6615=FILL_AREA_STYLE('',(#6860));
#6616=FILL_AREA_STYLE('',(#6861));
#6617=FILL_AREA_STYLE('',(#6862));
#6618=FILL_AREA_STYLE('',(#6863));
#6619=FILL_AREA_STYLE('',(#6864));
#6620=FILL_AREA_STYLE('',(#6865));
#6621=FILL_AREA_STYLE('',(#6866));
#6622=FILL_AREA_STYLE('',(#6867));
#6623=FILL_AREA_STYLE('',(#6868));
#6624=FILL_AREA_STYLE('',(#6869));
#6625=FILL_AREA_STYLE('',(#6870));
#6626=FILL_AREA_STYLE('',(#6871));
#6627=FILL_AREA_STYLE('',(#6872));
#6628=FILL_AREA_STYLE('',(#6873));
#6629=FILL_AREA_STYLE('',(#6874));
#6630=FILL_AREA_STYLE('',(#6875));
#6631=FILL_AREA_STYLE('',(#6876));
#6632=FILL_AREA_STYLE('',(#6877));
#6633=FILL_AREA_STYLE('',(#6878));
#6634=FILL_AREA_STYLE('',(#6879));
#6635=FILL_AREA_STYLE('',(#6880));
#6636=FILL_AREA_STYLE('',(#6881));
#6637=FILL_AREA_STYLE('',(#6882));
#6638=FILL_AREA_STYLE('',(#6883));
#6639=FILL_AREA_STYLE('',(#6884));
#6640=FILL_AREA_STYLE('',(#6885));
#6641=FILL_AREA_STYLE('',(#6886));
#6642=FILL_AREA_STYLE('',(#6887));
#6643=FILL_AREA_STYLE('',(#6888));
#6644=FILL_AREA_STYLE('',(#6889));
#6645=FILL_AREA_STYLE('',(#6890));
#6646=FILL_AREA_STYLE('',(#6891));
#6647=FILL_AREA_STYLE('',(#6892));
#6648=FILL_AREA_STYLE('',(#6893));
#6649=FILL_AREA_STYLE('',(#6894));
#6650=FILL_AREA_STYLE('',(#6895));
#6651=FILL_AREA_STYLE('',(#6896));
#6652=FILL_AREA_STYLE('',(#6897));
#6653=FILL_AREA_STYLE('',(#6898));
#6654=FILL_AREA_STYLE('',(#6899));
#6655=FILL_AREA_STYLE('',(#6900));
#6656=FILL_AREA_STYLE('',(#6901));
#6657=FILL_AREA_STYLE('',(#6902));
#6658=FILL_AREA_STYLE('',(#6903));
#6659=FILL_AREA_STYLE('',(#6904));
#6660=FILL_AREA_STYLE('',(#6905));
#6661=FILL_AREA_STYLE('',(#6906));
#6662=FILL_AREA_STYLE('',(#6907));
#6663=FILL_AREA_STYLE('',(#6908));
#6664=FILL_AREA_STYLE('',(#6909));
#6665=FILL_AREA_STYLE('',(#6910));
#6666=FILL_AREA_STYLE('',(#6911));
#6667=FILL_AREA_STYLE('',(#6912));
#6668=FILL_AREA_STYLE('',(#6913));
#6669=FILL_AREA_STYLE('',(#6914));
#6670=FILL_AREA_STYLE('',(#6915));
#6671=FILL_AREA_STYLE('',(#6916));
#6672=FILL_AREA_STYLE('',(#6917));
#6673=FILL_AREA_STYLE('',(#6918));
#6674=FILL_AREA_STYLE('',(#6919));
#6675=FILL_AREA_STYLE('',(#6920));
#6676=FILL_AREA_STYLE('',(#6921));
#6677=FILL_AREA_STYLE('',(#6922));
#6678=FILL_AREA_STYLE('',(#6923));
#6679=FILL_AREA_STYLE('',(#6924));
#6680=FILL_AREA_STYLE('',(#6925));
#6681=FILL_AREA_STYLE('',(#6926));
#6682=FILL_AREA_STYLE('',(#6927));
#6683=FILL_AREA_STYLE('',(#6928));
#6684=FILL_AREA_STYLE('',(#6929));
#6685=FILL_AREA_STYLE('',(#6930));
#6686=FILL_AREA_STYLE('',(#6931));
#6687=FILL_AREA_STYLE('',(#6932));
#6688=FILL_AREA_STYLE('',(#6933));
#6689=FILL_AREA_STYLE('',(#6934));
#6690=FILL_AREA_STYLE('',(#6935));
#6691=FILL_AREA_STYLE('',(#6936));
#6692=FILL_AREA_STYLE('',(#6937));
#6693=FILL_AREA_STYLE('',(#6938));
#6694=FILL_AREA_STYLE('',(#6939));
#6695=FILL_AREA_STYLE('',(#6940));
#6696=FILL_AREA_STYLE('',(#6941));
#6697=FILL_AREA_STYLE('',(#6942));
#6698=FILL_AREA_STYLE('',(#6943));
#6699=FILL_AREA_STYLE('',(#6944));
#6700=FILL_AREA_STYLE('',(#6945));
#6701=FILL_AREA_STYLE('',(#6946));
#6702=FILL_AREA_STYLE('',(#6947));
#6703=FILL_AREA_STYLE('',(#6948));
#6704=FILL_AREA_STYLE('',(#6949));
#6705=FILL_AREA_STYLE('',(#6950));
#6706=FILL_AREA_STYLE('',(#6951));
#6707=FILL_AREA_STYLE('',(#6952));
#6708=FILL_AREA_STYLE('',(#6953));
#6709=FILL_AREA_STYLE('',(#6954));
#6710=FILL_AREA_STYLE('',(#6955));
#6711=FILL_AREA_STYLE('',(#6956));
#6712=FILL_AREA_STYLE('',(#6957));
#6713=FILL_AREA_STYLE('',(#6958));
#6714=FILL_AREA_STYLE('',(#6959));
#6715=FILL_AREA_STYLE('',(#6960));
#6716=FILL_AREA_STYLE('',(#6961));
#6717=FILL_AREA_STYLE('',(#6962));
#6718=FILL_AREA_STYLE('',(#6963));
#6719=FILL_AREA_STYLE('',(#6964));
#6720=FILL_AREA_STYLE('',(#6965));
#6721=FILL_AREA_STYLE('',(#6966));
#6722=FILL_AREA_STYLE('',(#6967));
#6723=FILL_AREA_STYLE('',(#6968));
#6724=FILL_AREA_STYLE('',(#6969));
#6725=FILL_AREA_STYLE('',(#6970));
#6726=FILL_AREA_STYLE('',(#6971));
#6727=FILL_AREA_STYLE('',(#6972));
#6728=FILL_AREA_STYLE('',(#6973));
#6729=FILL_AREA_STYLE('',(#6974));
#6730=FILL_AREA_STYLE('',(#6975));
#6731=FILL_AREA_STYLE('',(#6976));
#6732=FILL_AREA_STYLE('',(#6977));
#6733=FILL_AREA_STYLE('',(#6978));
#6734=FILL_AREA_STYLE('',(#6979));
#6735=FILL_AREA_STYLE('',(#6980));
#6736=FILL_AREA_STYLE('',(#6981));
#6737=FILL_AREA_STYLE('',(#6982));
#6738=FILL_AREA_STYLE('',(#6983));
#6739=FILL_AREA_STYLE('',(#6984));
#6740=FILL_AREA_STYLE('',(#6985));
#6741=FILL_AREA_STYLE('',(#6986));
#6742=FILL_AREA_STYLE('',(#6987));
#6743=FILL_AREA_STYLE('',(#6988));
#6744=FILL_AREA_STYLE('',(#6989));
#6745=FILL_AREA_STYLE('',(#6990));
#6746=FILL_AREA_STYLE('',(#6991));
#6747=FILL_AREA_STYLE('',(#6992));
#6748=FILL_AREA_STYLE('',(#6993));
#6749=FILL_AREA_STYLE('',(#6994));
#6750=FILL_AREA_STYLE_COLOUR('',#6995);
#6751=FILL_AREA_STYLE_COLOUR('',#6995);
#6752=FILL_AREA_STYLE_COLOUR('',#6995);
#6753=FILL_AREA_STYLE_COLOUR('',#6995);
#6754=FILL_AREA_STYLE_COLOUR('',#6995);
#6755=FILL_AREA_STYLE_COLOUR('',#6995);
#6756=FILL_AREA_STYLE_COLOUR('',#6996);
#6757=FILL_AREA_STYLE_COLOUR('',#6996);
#6758=FILL_AREA_STYLE_COLOUR('',#6996);
#6759=FILL_AREA_STYLE_COLOUR('',#6996);
#6760=FILL_AREA_STYLE_COLOUR('',#6996);
#6761=FILL_AREA_STYLE_COLOUR('',#6996);
#6762=FILL_AREA_STYLE_COLOUR('',#6996);
#6763=FILL_AREA_STYLE_COLOUR('',#6995);
#6764=FILL_AREA_STYLE_COLOUR('',#6995);
#6765=FILL_AREA_STYLE_COLOUR('',#6995);
#6766=FILL_AREA_STYLE_COLOUR('',#6995);
#6767=FILL_AREA_STYLE_COLOUR('',#6995);
#6768=FILL_AREA_STYLE_COLOUR('',#6995);
#6769=FILL_AREA_STYLE_COLOUR('',#6995);
#6770=FILL_AREA_STYLE_COLOUR('',#6995);
#6771=FILL_AREA_STYLE_COLOUR('',#6995);
#6772=FILL_AREA_STYLE_COLOUR('',#6995);
#6773=FILL_AREA_STYLE_COLOUR('',#6995);
#6774=FILL_AREA_STYLE_COLOUR('',#6995);
#6775=FILL_AREA_STYLE_COLOUR('',#6995);
#6776=FILL_AREA_STYLE_COLOUR('',#6996);
#6777=FILL_AREA_STYLE_COLOUR('',#6995);
#6778=FILL_AREA_STYLE_COLOUR('',#6996);
#6779=FILL_AREA_STYLE_COLOUR('',#6996);
#6780=FILL_AREA_STYLE_COLOUR('',#6996);
#6781=FILL_AREA_STYLE_COLOUR('',#6995);
#6782=FILL_AREA_STYLE_COLOUR('',#6996);
#6783=FILL_AREA_STYLE_COLOUR('',#6995);
#6784=FILL_AREA_STYLE_COLOUR('',#6995);
#6785=FILL_AREA_STYLE_COLOUR('',#6995);
#6786=FILL_AREA_STYLE_COLOUR('',#6995);
#6787=FILL_AREA_STYLE_COLOUR('',#6995);
#6788=FILL_AREA_STYLE_COLOUR('',#6995);
#6789=FILL_AREA_STYLE_COLOUR('',#6995);
#6790=FILL_AREA_STYLE_COLOUR('',#6995);
#6791=FILL_AREA_STYLE_COLOUR('',#6995);
#6792=FILL_AREA_STYLE_COLOUR('',#6995);
#6793=FILL_AREA_STYLE_COLOUR('',#6995);
#6794=FILL_AREA_STYLE_COLOUR('',#6995);
#6795=FILL_AREA_STYLE_COLOUR('',#6995);
#6796=FILL_AREA_STYLE_COLOUR('',#6995);
#6797=FILL_AREA_STYLE_COLOUR('',#6995);
#6798=FILL_AREA_STYLE_COLOUR('',#6995);
#6799=FILL_AREA_STYLE_COLOUR('',#6995);
#6800=FILL_AREA_STYLE_COLOUR('',#6995);
#6801=FILL_AREA_STYLE_COLOUR('',#6995);
#6802=FILL_AREA_STYLE_COLOUR('',#6995);
#6803=FILL_AREA_STYLE_COLOUR('',#6995);
#6804=FILL_AREA_STYLE_COLOUR('',#6995);
#6805=FILL_AREA_STYLE_COLOUR('',#6995);
#6806=FILL_AREA_STYLE_COLOUR('',#6995);
#6807=FILL_AREA_STYLE_COLOUR('',#6995);
#6808=FILL_AREA_STYLE_COLOUR('',#6995);
#6809=FILL_AREA_STYLE_COLOUR('',#6995);
#6810=FILL_AREA_STYLE_COLOUR('',#6995);
#6811=FILL_AREA_STYLE_COLOUR('',#6995);
#6812=FILL_AREA_STYLE_COLOUR('',#6995);
#6813=FILL_AREA_STYLE_COLOUR('',#6995);
#6814=FILL_AREA_STYLE_COLOUR('',#6995);
#6815=FILL_AREA_STYLE_COLOUR('',#6995);
#6816=FILL_AREA_STYLE_COLOUR('',#6995);
#6817=FILL_AREA_STYLE_COLOUR('',#6995);
#6818=FILL_AREA_STYLE_COLOUR('',#6995);
#6819=FILL_AREA_STYLE_COLOUR('',#6995);
#6820=FILL_AREA_STYLE_COLOUR('',#6995);
#6821=FILL_AREA_STYLE_COLOUR('',#6995);
#6822=FILL_AREA_STYLE_COLOUR('',#6995);
#6823=FILL_AREA_STYLE_COLOUR('',#6995);
#6824=FILL_AREA_STYLE_COLOUR('',#6995);
#6825=FILL_AREA_STYLE_COLOUR('',#6995);
#6826=FILL_AREA_STYLE_COLOUR('',#6995);
#6827=FILL_AREA_STYLE_COLOUR('',#6995);
#6828=FILL_AREA_STYLE_COLOUR('',#6995);
#6829=FILL_AREA_STYLE_COLOUR('',#6995);
#6830=FILL_AREA_STYLE_COLOUR('',#6995);
#6831=FILL_AREA_STYLE_COLOUR('',#6995);
#6832=FILL_AREA_STYLE_COLOUR('',#6995);
#6833=FILL_AREA_STYLE_COLOUR('',#6995);
#6834=FILL_AREA_STYLE_COLOUR('',#6995);
#6835=FILL_AREA_STYLE_COLOUR('',#6995);
#6836=FILL_AREA_STYLE_COLOUR('',#6995);
#6837=FILL_AREA_STYLE_COLOUR('',#6995);
#6838=FILL_AREA_STYLE_COLOUR('',#6995);
#6839=FILL_AREA_STYLE_COLOUR('',#6995);
#6840=FILL_AREA_STYLE_COLOUR('',#6995);
#6841=FILL_AREA_STYLE_COLOUR('',#6995);
#6842=FILL_AREA_STYLE_COLOUR('',#6995);
#6843=FILL_AREA_STYLE_COLOUR('',#6995);
#6844=FILL_AREA_STYLE_COLOUR('',#6995);
#6845=FILL_AREA_STYLE_COLOUR('',#6995);
#6846=FILL_AREA_STYLE_COLOUR('',#6995);
#6847=FILL_AREA_STYLE_COLOUR('',#6995);
#6848=FILL_AREA_STYLE_COLOUR('',#6995);
#6849=FILL_AREA_STYLE_COLOUR('',#6995);
#6850=FILL_AREA_STYLE_COLOUR('',#6995);
#6851=FILL_AREA_STYLE_COLOUR('',#6995);
#6852=FILL_AREA_STYLE_COLOUR('',#6995);
#6853=FILL_AREA_STYLE_COLOUR('',#6995);
#6854=FILL_AREA_STYLE_COLOUR('',#6995);
#6855=FILL_AREA_STYLE_COLOUR('',#6995);
#6856=FILL_AREA_STYLE_COLOUR('',#6995);
#6857=FILL_AREA_STYLE_COLOUR('',#6995);
#6858=FILL_AREA_STYLE_COLOUR('',#6995);
#6859=FILL_AREA_STYLE_COLOUR('',#6995);
#6860=FILL_AREA_STYLE_COLOUR('',#6995);
#6861=FILL_AREA_STYLE_COLOUR('',#6995);
#6862=FILL_AREA_STYLE_COLOUR('',#6995);
#6863=FILL_AREA_STYLE_COLOUR('',#6995);
#6864=FILL_AREA_STYLE_COLOUR('',#6995);
#6865=FILL_AREA_STYLE_COLOUR('',#6995);
#6866=FILL_AREA_STYLE_COLOUR('',#6995);
#6867=FILL_AREA_STYLE_COLOUR('',#6995);
#6868=FILL_AREA_STYLE_COLOUR('',#6995);
#6869=FILL_AREA_STYLE_COLOUR('',#6995);
#6870=FILL_AREA_STYLE_COLOUR('',#6995);
#6871=FILL_AREA_STYLE_COLOUR('',#6995);
#6872=FILL_AREA_STYLE_COLOUR('',#6995);
#6873=FILL_AREA_STYLE_COLOUR('',#6995);
#6874=FILL_AREA_STYLE_COLOUR('',#6995);
#6875=FILL_AREA_STYLE_COLOUR('',#6995);
#6876=FILL_AREA_STYLE_COLOUR('',#6995);
#6877=FILL_AREA_STYLE_COLOUR('',#6995);
#6878=FILL_AREA_STYLE_COLOUR('',#6995);
#6879=FILL_AREA_STYLE_COLOUR('',#6995);
#6880=FILL_AREA_STYLE_COLOUR('',#6996);
#6881=FILL_AREA_STYLE_COLOUR('',#6996);
#6882=FILL_AREA_STYLE_COLOUR('',#6996);
#6883=FILL_AREA_STYLE_COLOUR('',#6996);
#6884=FILL_AREA_STYLE_COLOUR('',#6996);
#6885=FILL_AREA_STYLE_COLOUR('',#6996);
#6886=FILL_AREA_STYLE_COLOUR('',#6996);
#6887=FILL_AREA_STYLE_COLOUR('',#6996);
#6888=FILL_AREA_STYLE_COLOUR('',#6996);
#6889=FILL_AREA_STYLE_COLOUR('',#6996);
#6890=FILL_AREA_STYLE_COLOUR('',#6996);
#6891=FILL_AREA_STYLE_COLOUR('',#6996);
#6892=FILL_AREA_STYLE_COLOUR('',#6996);
#6893=FILL_AREA_STYLE_COLOUR('',#6996);
#6894=FILL_AREA_STYLE_COLOUR('',#6996);
#6895=FILL_AREA_STYLE_COLOUR('',#6996);
#6896=FILL_AREA_STYLE_COLOUR('',#6996);
#6897=FILL_AREA_STYLE_COLOUR('',#6996);
#6898=FILL_AREA_STYLE_COLOUR('',#6996);
#6899=FILL_AREA_STYLE_COLOUR('',#6996);
#6900=FILL_AREA_STYLE_COLOUR('',#6996);
#6901=FILL_AREA_STYLE_COLOUR('',#6996);
#6902=FILL_AREA_STYLE_COLOUR('',#6996);
#6903=FILL_AREA_STYLE_COLOUR('',#6996);
#6904=FILL_AREA_STYLE_COLOUR('',#6996);
#6905=FILL_AREA_STYLE_COLOUR('',#6996);
#6906=FILL_AREA_STYLE_COLOUR('',#6996);
#6907=FILL_AREA_STYLE_COLOUR('',#6996);
#6908=FILL_AREA_STYLE_COLOUR('',#6996);
#6909=FILL_AREA_STYLE_COLOUR('',#6996);
#6910=FILL_AREA_STYLE_COLOUR('',#6996);
#6911=FILL_AREA_STYLE_COLOUR('',#6996);
#6912=FILL_AREA_STYLE_COLOUR('',#6996);
#6913=FILL_AREA_STYLE_COLOUR('',#6996);
#6914=FILL_AREA_STYLE_COLOUR('',#6996);
#6915=FILL_AREA_STYLE_COLOUR('',#6996);
#6916=FILL_AREA_STYLE_COLOUR('',#6996);
#6917=FILL_AREA_STYLE_COLOUR('',#6996);
#6918=FILL_AREA_STYLE_COLOUR('',#6996);
#6919=FILL_AREA_STYLE_COLOUR('',#6995);
#6920=FILL_AREA_STYLE_COLOUR('',#6996);
#6921=FILL_AREA_STYLE_COLOUR('',#6996);
#6922=FILL_AREA_STYLE_COLOUR('',#6996);
#6923=FILL_AREA_STYLE_COLOUR('',#6996);
#6924=FILL_AREA_STYLE_COLOUR('',#6996);
#6925=FILL_AREA_STYLE_COLOUR('',#6996);
#6926=FILL_AREA_STYLE_COLOUR('',#6996);
#6927=FILL_AREA_STYLE_COLOUR('',#6995);
#6928=FILL_AREA_STYLE_COLOUR('',#6996);
#6929=FILL_AREA_STYLE_COLOUR('',#6996);
#6930=FILL_AREA_STYLE_COLOUR('',#6996);
#6931=FILL_AREA_STYLE_COLOUR('',#6996);
#6932=FILL_AREA_STYLE_COLOUR('',#6996);
#6933=FILL_AREA_STYLE_COLOUR('',#6996);
#6934=FILL_AREA_STYLE_COLOUR('',#6996);
#6935=FILL_AREA_STYLE_COLOUR('',#6996);
#6936=FILL_AREA_STYLE_COLOUR('',#6996);
#6937=FILL_AREA_STYLE_COLOUR('',#6996);
#6938=FILL_AREA_STYLE_COLOUR('',#6996);
#6939=FILL_AREA_STYLE_COLOUR('',#6996);
#6940=FILL_AREA_STYLE_COLOUR('',#6996);
#6941=FILL_AREA_STYLE_COLOUR('',#6996);
#6942=FILL_AREA_STYLE_COLOUR('',#6996);
#6943=FILL_AREA_STYLE_COLOUR('',#6996);
#6944=FILL_AREA_STYLE_COLOUR('',#6996);
#6945=FILL_AREA_STYLE_COLOUR('',#6996);
#6946=FILL_AREA_STYLE_COLOUR('',#6996);
#6947=FILL_AREA_STYLE_COLOUR('',#6996);
#6948=FILL_AREA_STYLE_COLOUR('',#6996);
#6949=FILL_AREA_STYLE_COLOUR('',#6996);
#6950=FILL_AREA_STYLE_COLOUR('',#6996);
#6951=FILL_AREA_STYLE_COLOUR('',#6996);
#6952=FILL_AREA_STYLE_COLOUR('',#6996);
#6953=FILL_AREA_STYLE_COLOUR('',#6996);
#6954=FILL_AREA_STYLE_COLOUR('',#6996);
#6955=FILL_AREA_STYLE_COLOUR('',#6996);
#6956=FILL_AREA_STYLE_COLOUR('',#6996);
#6957=FILL_AREA_STYLE_COLOUR('',#6996);
#6958=FILL_AREA_STYLE_COLOUR('',#6996);
#6959=FILL_AREA_STYLE_COLOUR('',#6996);
#6960=FILL_AREA_STYLE_COLOUR('',#6996);
#6961=FILL_AREA_STYLE_COLOUR('',#6996);
#6962=FILL_AREA_STYLE_COLOUR('',#6996);
#6963=FILL_AREA_STYLE_COLOUR('',#6996);
#6964=FILL_AREA_STYLE_COLOUR('',#6996);
#6965=FILL_AREA_STYLE_COLOUR('',#6996);
#6966=FILL_AREA_STYLE_COLOUR('',#6996);
#6967=FILL_AREA_STYLE_COLOUR('',#6996);
#6968=FILL_AREA_STYLE_COLOUR('',#6996);
#6969=FILL_AREA_STYLE_COLOUR('',#6996);
#6970=FILL_AREA_STYLE_COLOUR('',#6996);
#6971=FILL_AREA_STYLE_COLOUR('',#6996);
#6972=FILL_AREA_STYLE_COLOUR('',#6996);
#6973=FILL_AREA_STYLE_COLOUR('',#6996);
#6974=FILL_AREA_STYLE_COLOUR('',#6996);
#6975=FILL_AREA_STYLE_COLOUR('',#6996);
#6976=FILL_AREA_STYLE_COLOUR('',#6996);
#6977=FILL_AREA_STYLE_COLOUR('',#6996);
#6978=FILL_AREA_STYLE_COLOUR('',#6996);
#6979=FILL_AREA_STYLE_COLOUR('',#6996);
#6980=FILL_AREA_STYLE_COLOUR('',#6996);
#6981=FILL_AREA_STYLE_COLOUR('',#6996);
#6982=FILL_AREA_STYLE_COLOUR('',#6996);
#6983=FILL_AREA_STYLE_COLOUR('',#6996);
#6984=FILL_AREA_STYLE_COLOUR('',#6996);
#6985=FILL_AREA_STYLE_COLOUR('',#6996);
#6986=FILL_AREA_STYLE_COLOUR('',#6996);
#6987=FILL_AREA_STYLE_COLOUR('',#6996);
#6988=FILL_AREA_STYLE_COLOUR('',#6996);
#6989=FILL_AREA_STYLE_COLOUR('',#6996);
#6990=FILL_AREA_STYLE_COLOUR('',#6996);
#6991=FILL_AREA_STYLE_COLOUR('',#6996);
#6992=FILL_AREA_STYLE_COLOUR('',#6996);
#6993=FILL_AREA_STYLE_COLOUR('',#6996);
#6994=FILL_AREA_STYLE_COLOUR('',#10);
#6995=COLOUR_RGB('',0.200000002980232,0.200000002980232,0.200000002980232);
#6996=COLOUR_RGB('',0.75300002098083,0.75300002098083,0.75300002098083);
#6997=ADVANCED_FACE('',(#4783),#5081,.T.);
#6998=ADVANCED_FACE('',(#4784),#5082,.T.);
#6999=ADVANCED_FACE('',(#4785),#5083,.T.);
#7000=ADVANCED_FACE('',(#4786),#5084,.T.);
#7001=ADVANCED_FACE('',(#4787),#5085,.T.);
#7002=ADVANCED_FACE('',(#4788),#5086,.T.);
#7003=ADVANCED_FACE('',(#4789,#4790),#5087,.T.);
#7004=ADVANCED_FACE('',(#4791),#5088,.T.);
#7005=ADVANCED_FACE('',(#4792),#5089,.T.);
#7006=ADVANCED_FACE('',(#4793,#4794),#5090,.F.);
#7007=ADVANCED_FACE('',(#4795),#5091,.T.);
#7008=ADVANCED_FACE('',(#4796),#5092,.T.);
#7009=ADVANCED_FACE('',(#4797),#5093,.T.);
#7010=ADVANCED_FACE('',(#4798),#5094,.T.);
#7011=ADVANCED_FACE('',(#4799),#5095,.T.);
#7012=ADVANCED_FACE('',(#4800),#5096,.T.);
#7013=ADVANCED_FACE('',(#4801),#5097,.T.);
#7014=ADVANCED_FACE('',(#4802),#5098,.F.);
#7015=ADVANCED_FACE('',(#4803),#5099,.F.);
#7016=ADVANCED_FACE('',(#4804),#5100,.T.);
#7017=ADVANCED_FACE('',(#4805),#5101,.T.);
#7018=ADVANCED_FACE('',(#4806),#5102,.F.);
#7019=ADVANCED_FACE('',(#4807),#5103,.T.);
#7020=ADVANCED_FACE('',(#4808),#5104,.F.);
#7021=ADVANCED_FACE('',(#4809),#5105,.F.);
#7022=ADVANCED_FACE('',(#4810),#5106,.F.);
#7023=ADVANCED_FACE('',(#4811),#5107,.F.);
#7024=ADVANCED_FACE('',(#4812),#5108,.F.);
#7025=ADVANCED_FACE('',(#4813),#5109,.F.);
#7026=ADVANCED_FACE('',(#4814),#5110,.F.);
#7027=ADVANCED_FACE('',(#4815),#5111,.F.);
#7028=ADVANCED_FACE('',(#4816),#5112,.F.);
#7029=ADVANCED_FACE('',(#4817),#5113,.F.);
#7030=ADVANCED_FACE('',(#4818),#5114,.F.);
#7031=ADVANCED_FACE('',(#4819),#5115,.F.);
#7032=ADVANCED_FACE('',(#4820),#5116,.F.);
#7033=ADVANCED_FACE('',(#4821),#5117,.T.);
#7034=ADVANCED_FACE('',(#4822),#5118,.F.);
#7035=ADVANCED_FACE('',(#4823),#5119,.T.);
#7036=ADVANCED_FACE('',(#4824),#5120,.F.);
#7037=ADVANCED_FACE('',(#4825),#5121,.F.);
#7038=ADVANCED_FACE('',(#4826),#5122,.F.);
#7039=ADVANCED_FACE('',(#4827),#5123,.F.);
#7040=ADVANCED_FACE('',(#4828),#5124,.F.);
#7041=ADVANCED_FACE('',(#4829),#5125,.F.);
#7042=ADVANCED_FACE('',(#4830,#4831,#4832,#4833,#4834,#4835,#4836,#4837,
#4838),#5126,.F.);
#7043=ADVANCED_FACE('',(#4839),#5127,.F.);
#7044=ADVANCED_FACE('',(#4840),#5128,.F.);
#7045=ADVANCED_FACE('',(#4841),#5129,.F.);
#7046=ADVANCED_FACE('',(#4842),#5130,.F.);
#7047=ADVANCED_FACE('',(#4843),#5131,.F.);
#7048=ADVANCED_FACE('',(#4844),#5132,.F.);
#7049=ADVANCED_FACE('',(#4845),#5133,.F.);
#7050=ADVANCED_FACE('',(#4846),#5134,.F.);
#7051=ADVANCED_FACE('',(#4847),#5135,.T.);
#7052=ADVANCED_FACE('',(#4848),#5136,.T.);
#7053=ADVANCED_FACE('',(#4849),#5137,.T.);
#7054=ADVANCED_FACE('',(#4850),#5138,.T.);
#7055=ADVANCED_FACE('',(#4851),#5139,.T.);
#7056=ADVANCED_FACE('',(#4852),#5140,.T.);
#7057=ADVANCED_FACE('',(#4853),#5141,.T.);
#7058=ADVANCED_FACE('',(#4854),#5142,.T.);
#7059=ADVANCED_FACE('',(#4855),#5143,.T.);
#7060=ADVANCED_FACE('',(#4856),#5144,.T.);
#7061=ADVANCED_FACE('',(#4857),#5145,.T.);
#7062=ADVANCED_FACE('',(#4858),#5146,.T.);
#7063=ADVANCED_FACE('',(#4859),#5147,.T.);
#7064=ADVANCED_FACE('',(#4860),#5148,.T.);
#7065=ADVANCED_FACE('',(#4861),#5149,.T.);
#7066=ADVANCED_FACE('',(#4862),#29,.T.);
#7067=ADVANCED_FACE('',(#4863),#5150,.T.);
#7068=ADVANCED_FACE('',(#4864),#30,.F.);
#7069=ADVANCED_FACE('',(#4865),#31,.F.);
#7070=ADVANCED_FACE('',(#4866),#5151,.T.);
#7071=ADVANCED_FACE('',(#4867),#32,.T.);
#7072=ADVANCED_FACE('',(#4868),#5152,.F.);
#7073=ADVANCED_FACE('',(#4869),#33,.F.);
#7074=ADVANCED_FACE('',(#4870),#34,.F.);
#7075=ADVANCED_FACE('',(#4871),#5153,.F.);
#7076=ADVANCED_FACE('',(#4872),#35,.T.);
#7077=ADVANCED_FACE('',(#4873),#5154,.T.);
#7078=ADVANCED_FACE('',(#4874),#5155,.T.);
#7079=ADVANCED_FACE('',(#4875),#5156,.T.);
#7080=ADVANCED_FACE('',(#4876),#5157,.T.);
#7081=ADVANCED_FACE('',(#4877),#36,.T.);
#7082=ADVANCED_FACE('',(#4878),#5158,.T.);
#7083=ADVANCED_FACE('',(#4879),#37,.T.);
#7084=ADVANCED_FACE('',(#4880),#5159,.T.);
#7085=ADVANCED_FACE('',(#4881),#38,.T.);
#7086=ADVANCED_FACE('',(#4882),#5160,.T.);
#7087=ADVANCED_FACE('',(#4883),#39,.T.);
#7088=ADVANCED_FACE('',(#4884),#5161,.T.);
#7089=ADVANCED_FACE('',(#4885),#5162,.F.);
#7090=ADVANCED_FACE('',(#4886),#40,.T.);
#7091=ADVANCED_FACE('',(#4887),#5163,.T.);
#7092=ADVANCED_FACE('',(#4888),#41,.T.);
#7093=ADVANCED_FACE('',(#4889),#5164,.T.);
#7094=ADVANCED_FACE('',(#4890),#42,.T.);
#7095=ADVANCED_FACE('',(#4891),#5165,.T.);
#7096=ADVANCED_FACE('',(#4892),#43,.T.);
#7097=ADVANCED_FACE('',(#4893),#5166,.T.);
#7098=ADVANCED_FACE('',(#4894),#5167,.F.);
#7099=ADVANCED_FACE('',(#4895),#44,.T.);
#7100=ADVANCED_FACE('',(#4896),#5168,.T.);
#7101=ADVANCED_FACE('',(#4897),#45,.T.);
#7102=ADVANCED_FACE('',(#4898),#5169,.T.);
#7103=ADVANCED_FACE('',(#4899),#46,.T.);
#7104=ADVANCED_FACE('',(#4900),#5170,.T.);
#7105=ADVANCED_FACE('',(#4901),#47,.T.);
#7106=ADVANCED_FACE('',(#4902),#5171,.T.);
#7107=ADVANCED_FACE('',(#4903),#5172,.F.);
#7108=ADVANCED_FACE('',(#4904),#48,.T.);
#7109=ADVANCED_FACE('',(#4905),#5173,.T.);
#7110=ADVANCED_FACE('',(#4906),#49,.T.);
#7111=ADVANCED_FACE('',(#4907),#5174,.T.);
#7112=ADVANCED_FACE('',(#4908),#50,.T.);
#7113=ADVANCED_FACE('',(#4909),#5175,.T.);
#7114=ADVANCED_FACE('',(#4910),#51,.T.);
#7115=ADVANCED_FACE('',(#4911),#5176,.T.);
#7116=ADVANCED_FACE('',(#4912),#5177,.F.);
#7117=ADVANCED_FACE('',(#4913),#5178,.F.);
#7118=ADVANCED_FACE('',(#4914,#4915),#27,.T.);
#7119=ADVANCED_FACE('',(#4916,#4917),#52,.T.);
#7120=ADVANCED_FACE('',(#4918),#5179,.F.);
#7121=ADVANCED_FACE('',(#4919,#4920),#28,.T.);
#7122=ADVANCED_FACE('',(#4921,#4922),#53,.T.);
#7123=ADVANCED_FACE('',(#4923),#5180,.T.);
#7124=ADVANCED_FACE('',(#4924,#4925),#54,.F.);
#7125=ADVANCED_FACE('',(#4926),#5181,.T.);
#7126=ADVANCED_FACE('',(#4927,#4928),#55,.F.);
#7127=ADVANCED_FACE('',(#4929),#5182,.T.);
#7128=ADVANCED_FACE('',(#4930),#56,.F.);
#7129=ADVANCED_FACE('',(#4931),#57,.T.);
#7130=ADVANCED_FACE('',(#4932),#5183,.T.);
#7131=ADVANCED_FACE('',(#4933),#58,.F.);
#7132=ADVANCED_FACE('',(#4934),#5184,.T.);
#7133=ADVANCED_FACE('',(#4935),#5185,.T.);
#7134=ADVANCED_FACE('',(#4936),#59,.F.);
#7135=ADVANCED_FACE('',(#4937),#5186,.T.);
#7136=ADVANCED_FACE('',(#4938),#60,.F.);
#7137=ADVANCED_FACE('',(#4939),#5187,.T.);
#7138=ADVANCED_FACE('',(#4940),#5188,.T.);
#7139=ADVANCED_FACE('',(#4941),#61,.F.);
#7140=ADVANCED_FACE('',(#4942),#5189,.T.);
#7141=ADVANCED_FACE('',(#4943),#62,.T.);
#7142=ADVANCED_FACE('',(#4944),#63,.F.);
#7143=ADVANCED_FACE('',(#4945),#5190,.T.);
#7144=ADVANCED_FACE('',(#4946),#5191,.T.);
#7145=ADVANCED_FACE('',(#4947),#64,.F.);
#7146=ADVANCED_FACE('',(#4948),#65,.T.);
#7147=ADVANCED_FACE('',(#4949),#5192,.T.);
#7148=ADVANCED_FACE('',(#4950),#66,.F.);
#7149=ADVANCED_FACE('',(#4951),#5193,.T.);
#7150=ADVANCED_FACE('',(#4952),#5194,.T.);
#7151=ADVANCED_FACE('',(#4953),#67,.F.);
#7152=ADVANCED_FACE('',(#4954),#5195,.T.);
#7153=ADVANCED_FACE('',(#4955),#68,.F.);
#7154=ADVANCED_FACE('',(#4956),#5196,.T.);
#7155=ADVANCED_FACE('',(#4957),#5197,.T.);
#7156=ADVANCED_FACE('',(#4958),#69,.T.);
#7157=ADVANCED_FACE('',(#4959),#70,.F.);
#7158=ADVANCED_FACE('',(#4960),#71,.F.);
#7159=ADVANCED_FACE('',(#4961),#5198,.F.);
#7160=ADVANCED_FACE('',(#4962),#72,.F.);
#7161=ADVANCED_FACE('',(#4963),#5199,.F.);
#7162=ADVANCED_FACE('',(#4964),#73,.F.);
#7163=ADVANCED_FACE('',(#4965),#5200,.F.);
#7164=ADVANCED_FACE('',(#4966),#74,.F.);
#7165=ADVANCED_FACE('',(#4967),#5201,.F.);
#7166=ADVANCED_FACE('',(#4968),#5202,.F.);
#7167=ADVANCED_FACE('',(#4969),#75,.T.);
#7168=ADVANCED_FACE('',(#4970),#5203,.T.);
#7169=ADVANCED_FACE('',(#4971),#76,.T.);
#7170=ADVANCED_FACE('',(#4972),#5204,.T.);
#7171=ADVANCED_FACE('',(#4973),#77,.F.);
#7172=ADVANCED_FACE('',(#4974),#78,.F.);
#7173=ADVANCED_FACE('',(#4975),#5205,.T.);
#7174=ADVANCED_FACE('',(#4976),#5206,.T.);
#7175=ADVANCED_FACE('',(#4977),#79,.T.);
#7176=ADVANCED_FACE('',(#4978),#5207,.F.);
#7177=ADVANCED_FACE('',(#4979),#80,.T.);
#7178=ADVANCED_FACE('',(#4980),#5208,.F.);
#7179=ADVANCED_FACE('',(#4981),#81,.F.);
#7180=ADVANCED_FACE('',(#4982),#82,.F.);
#7181=ADVANCED_FACE('',(#4983),#5209,.F.);
#7182=ADVANCED_FACE('',(#4984),#83,.T.);
#7183=ADVANCED_FACE('',(#4985),#84,.T.);
#7184=ADVANCED_FACE('',(#4986),#5210,.F.);
#7185=ADVANCED_FACE('',(#4987),#85,.T.);
#7186=ADVANCED_FACE('',(#4988),#5211,.T.);
#7187=ADVANCED_FACE('',(#4989),#86,.T.);
#7188=ADVANCED_FACE('',(#4990),#87,.T.);
#7189=ADVANCED_FACE('',(#4991),#88,.F.);
#7190=ADVANCED_FACE('',(#4992),#89,.T.);
#7191=ADVANCED_FACE('',(#4993),#5212,.T.);
#7192=ADVANCED_FACE('',(#4994),#5213,.T.);
#7193=ADVANCED_FACE('',(#4995),#5214,.T.);
#7194=ADVANCED_FACE('',(#4996),#90,.T.);
#7195=ADVANCED_FACE('',(#4997),#5215,.T.);
#7196=ADVANCED_FACE('',(#4998),#91,.F.);
#7197=ADVANCED_FACE('',(#4999),#5216,.F.);
#7198=ADVANCED_FACE('',(#5000),#5217,.T.);
#7199=ADVANCED_FACE('',(#5001),#92,.F.);
#7200=ADVANCED_FACE('',(#5002),#5218,.T.);
#7201=ADVANCED_FACE('',(#5003),#93,.T.);
#7202=ADVANCED_FACE('',(#5004),#5219,.T.);
#7203=ADVANCED_FACE('',(#5005),#5220,.T.);
#7204=ADVANCED_FACE('',(#5006),#5221,.T.);
#7205=ADVANCED_FACE('',(#5007),#94,.F.);
#7206=ADVANCED_FACE('',(#5008),#5222,.T.);
#7207=ADVANCED_FACE('',(#5009),#95,.T.);
#7208=ADVANCED_FACE('',(#5010),#96,.F.);
#7209=ADVANCED_FACE('',(#5011),#5223,.T.);
#7210=ADVANCED_FACE('',(#5012),#97,.F.);
#7211=ADVANCED_FACE('',(#5013),#5224,.T.);
#7212=ADVANCED_FACE('',(#5014),#5225,.T.);
#7213=ADVANCED_FACE('',(#5015),#5226,.T.);
#7214=ADVANCED_FACE('',(#5016),#98,.T.);
#7215=ADVANCED_FACE('',(#5017),#5227,.T.);
#7216=ADVANCED_FACE('',(#5018),#99,.T.);
#7217=ADVANCED_FACE('',(#5019),#5228,.T.);
#7218=ADVANCED_FACE('',(#5020),#5229,.F.);
#7219=ADVANCED_FACE('',(#5021),#100,.T.);
#7220=ADVANCED_FACE('',(#5022),#5230,.F.);
#7221=ADVANCED_FACE('',(#5023),#101,.T.);
#7222=ADVANCED_FACE('',(#5024),#5231,.F.);
#7223=ADVANCED_FACE('',(#5025),#5232,.F.);
#7224=ADVANCED_FACE('',(#5026),#5233,.F.);
#7225=ADVANCED_FACE('',(#5027),#102,.F.);
#7226=ADVANCED_FACE('',(#5028),#5234,.F.);
#7227=ADVANCED_FACE('',(#5029),#103,.F.);
#7228=ADVANCED_FACE('',(#5030),#5235,.F.);
#7229=ADVANCED_FACE('',(#5031),#5236,.T.);
#7230=ADVANCED_FACE('',(#5032),#5237,.T.);
#7231=ADVANCED_FACE('',(#5033),#5238,.F.);
#7232=ADVANCED_FACE('',(#5034),#104,.T.);
#7233=ADVANCED_FACE('',(#5035),#5239,.F.);
#7234=ADVANCED_FACE('',(#5036),#105,.T.);
#7235=ADVANCED_FACE('',(#5037),#5240,.F.);
#7236=ADVANCED_FACE('',(#5038),#5241,.F.);
#7237=ADVANCED_FACE('',(#5039),#5242,.F.);
#7238=ADVANCED_FACE('',(#5040),#106,.F.);
#7239=ADVANCED_FACE('',(#5041),#5243,.F.);
#7240=ADVANCED_FACE('',(#5042),#107,.F.);
#7241=ADVANCED_FACE('',(#5043,#5044,#5045),#5244,.T.);
#7242=ADVANCED_FACE('',(#5046),#5245,.T.);
#7243=ADVANCED_FACE('',(#5047),#5246,.T.);
#7244=ADVANCED_FACE('',(#5048),#5247,.T.);
#7245=ADVANCED_FACE('',(#5049),#5248,.T.);
#7246=ADVANCED_FACE('',(#5050),#5249,.T.);
#7247=ADVANCED_FACE('',(#5051),#5250,.T.);
#7248=ADVANCED_FACE('',(#5052),#5251,.T.);
#7249=ADVANCED_FACE('',(#5053),#5252,.T.);
#7250=ADVANCED_FACE('',(#5054),#5253,.T.);
#7251=ADVANCED_FACE('',(#5055),#5254,.T.);
#7252=ADVANCED_FACE('',(#5056),#5255,.T.);
#7253=ADVANCED_FACE('',(#5057),#5256,.T.);
#7254=ADVANCED_FACE('',(#5058),#5257,.T.);
#7255=ADVANCED_FACE('',(#5059),#5258,.T.);
#7256=ADVANCED_FACE('',(#5060),#5259,.T.);
#7257=ADVANCED_FACE('',(#5061),#5260,.T.);
#7258=ADVANCED_FACE('',(#5062),#5261,.T.);
#7259=ADVANCED_FACE('',(#5063),#5262,.T.);
#7260=ADVANCED_FACE('',(#5064),#5263,.T.);
#7261=ADVANCED_FACE('',(#5065),#5264,.T.);
#7262=ADVANCED_FACE('',(#5066),#5265,.F.);
#7263=ADVANCED_FACE('',(#5067),#5266,.F.);
#7264=ADVANCED_FACE('',(#5068),#5267,.F.);
#7265=ADVANCED_FACE('',(#5069),#5268,.F.);
#7266=ADVANCED_FACE('',(#5070),#5269,.F.);
#7267=ADVANCED_FACE('',(#5071),#5270,.F.);
#7268=ADVANCED_FACE('',(#5072),#5271,.F.);
#7269=ADVANCED_FACE('',(#5073),#5272,.F.);
#7270=ADVANCED_FACE('',(#5074),#5273,.F.);
#7271=ADVANCED_FACE('',(#5075),#5274,.T.);
#7272=ADVANCED_FACE('',(#5076),#5275,.F.);
#7273=ADVANCED_FACE('',(#5077),#5276,.F.);
#7274=ADVANCED_FACE('',(#5078),#5277,.F.);
#7275=ADVANCED_FACE('',(#5079),#5278,.F.);
#7276=ADVANCED_FACE('',(#5080),#5279,.T.);
#7277=CLOSED_SHELL('',(#6997,#6998,#6999,#7000,#7001,#7002,#7003,#7004,
#7005,#7006,#7007,#7008,#7009,#7010,#7011,#7012,#7013,#7014,#7015,#7016,
#7017,#7018,#7019,#7020,#7021,#7022,#7023,#7024,#7025,#7026,#7027,#7028,
#7029,#7030,#7031,#7032,#7033,#7034,#7035,#7036,#7037,#7038,#7039,#7040,
#7041,#7042,#7043,#7044,#7045,#7046,#7047,#7048,#7049,#7050,#7051,#7052,
#7053,#7054,#7055,#7056,#7057,#7058,#7059,#7060,#7061,#7062,#7063,#7064,
#7065,#7066,#7067,#7068,#7069,#7070,#7071,#7072,#7073,#7074,#7075,#7076,
#7077,#7078,#7079,#7080,#7081,#7082,#7083,#7084,#7085,#7086,#7087,#7088,
#7089,#7090,#7091,#7092,#7093,#7094,#7095,#7096,#7097,#7098,#7099,#7100,
#7101,#7102,#7103,#7104,#7105,#7106,#7107,#7108,#7109,#7110,#7111,#7112,
#7113,#7114,#7115,#7116,#7117,#7118,#7119,#7120,#7121,#7122,#7123,#7124,
#7125,#7126,#7127,#7128,#7129,#7130,#7131,#7132,#7133,#7134,#7135,#7136,
#7137,#7138,#7139,#7140,#7141,#7142,#7143,#7144,#7145,#7146,#7147,#7148,
#7149,#7150,#7151,#7152,#7153,#7154,#7155,#7156,#7157,#7158,#7159,#7160,
#7161,#7162,#7163,#7164,#7165,#7166,#7167,#7168,#7169,#7170,#7171,#7172,
#7173,#7174,#7175,#7176,#7177,#7178,#7179,#7180,#7181,#7182,#7183,#7184,
#7185,#7186,#7187,#7188,#7189,#7190,#7191,#7192,#7193,#7194,#7195,#7196,
#7197,#7198,#7199,#7200,#7201,#7202,#7203,#7204,#7205,#7206,#7207,#7208,
#7209,#7210,#7211,#7212,#7213,#7214,#7215,#7216,#7217,#7218,#7219,#7220,
#7221,#7222,#7223,#7224,#7225,#7226,#7227,#7228,#7229,#7230,#7231,#7232,
#7233,#7234,#7235,#7236,#7237,#7238,#7239,#7240));
#7278=CLOSED_SHELL('',(#7241,#7242,#7243,#7244,#7245,#7246,#7247,#7248,
#7249,#7250,#7251,#7252,#7253,#7254,#7255,#7256,#7257,#7258,#7259,#7260,
#7261,#7262,#7263,#7264,#7265,#7266,#7267,#7268,#7269,#7270,#7271,#7272,
#7273,#7274,#7275,#7276));
#7279=MANIFOLD_SOLID_BREP('12A-01_c',#7277);
#7280=MANIFOLD_SOLID_BREP('2Top setting_s',#7278);
#7281=SHAPE_DEFINITION_REPRESENTATION(#10927,#7284);
#7282=SHAPE_DEFINITION_REPRESENTATION(#10928,#7285);
#7283=SHAPE_DEFINITION_REPRESENTATION(#10930,#7286);
#7284=SHAPE_REPRESENTATION('CL-SB-12A-01T',(#7287,#7705,#7742),#10918);
#7285=SHAPE_REPRESENTATION('12A-01_c',(#7287),#10919);
#7286=SHAPE_REPRESENTATION('2Top setting_s',(#7287),#10920);
#7287=AXIS2_PLACEMENT_3D('',#9284,#7743,#7744);
#7288=AXIS2_PLACEMENT_3D('',#9285,#7745,#7746);
#7289=AXIS2_PLACEMENT_3D('',#9289,#7748,#7749);
#7290=AXIS2_PLACEMENT_3D('',#9294,#7752,#7753);
#7291=AXIS2_PLACEMENT_3D('',#9298,#7755,#7756);
#7292=AXIS2_PLACEMENT_3D('',#9303,#7759,#7760);
#7293=AXIS2_PLACEMENT_3D('',#9306,#7763,#7764);
#7294=AXIS2_PLACEMENT_3D('',#9310,#7766,#7767);
#7295=AXIS2_PLACEMENT_3D('',#9315,#7770,#7771);
#7296=AXIS2_PLACEMENT_3D('',#9319,#7773,#7774);
#7297=AXIS2_PLACEMENT_3D('',#9324,#7777,#7778);
#7298=AXIS2_PLACEMENT_3D('',#9333,#7783,#7784);
#7299=AXIS2_PLACEMENT_3D('',#9334,#7785,#7786);
#7300=AXIS2_PLACEMENT_3D('',#9339,#7788,#7789);
#7301=AXIS2_PLACEMENT_3D('',#9343,#7791,#7792);
#7302=AXIS2_PLACEMENT_3D('',#9347,#7794,#7795);
#7303=AXIS2_PLACEMENT_3D('',#9350,#7797,#7798);
#7304=AXIS2_PLACEMENT_3D('',#9355,#7800,#7801);
#7305=AXIS2_PLACEMENT_3D('',#9363,#7805,#7806);
#7306=AXIS2_PLACEMENT_3D('',#9367,#7808,#7809);
#7307=AXIS2_PLACEMENT_3D('',#9371,#7811,#7812);
#7308=AXIS2_PLACEMENT_3D('',#9375,#7814,#7815);
#7309=AXIS2_PLACEMENT_3D('',#9383,#7819,#7820);
#7310=AXIS2_PLACEMENT_3D('',#9387,#7822,#7823);
#7311=AXIS2_PLACEMENT_3D('',#9395,#7827,#7828);
#7312=AXIS2_PLACEMENT_3D('',#9399,#7830,#7831);
#7313=AXIS2_PLACEMENT_3D('',#9403,#7833,#7834);
#7314=AXIS2_PLACEMENT_3D('',#9410,#7838,#7839);
#7315=AXIS2_PLACEMENT_3D('',#9411,#7840,#7841);
#7316=AXIS2_PLACEMENT_3D('',#9422,#7847,#7848);
#7317=AXIS2_PLACEMENT_3D('',#9423,#7849,#7850);
#7318=AXIS2_PLACEMENT_3D('',#9434,#7856,#7857);
#7319=AXIS2_PLACEMENT_3D('',#9435,#7858,#7859);
#7320=AXIS2_PLACEMENT_3D('',#9440,#7861,#7862);
#7321=AXIS2_PLACEMENT_3D('',#9444,#7864,#7865);
#7322=AXIS2_PLACEMENT_3D('',#9448,#7867,#7868);
#7323=AXIS2_PLACEMENT_3D('',#9452,#7871,#7872);
#7324=AXIS2_PLACEMENT_3D('',#9462,#7877,#7878);
#7325=AXIS2_PLACEMENT_3D('',#9464,#7879,#7880);
#7326=AXIS2_PLACEMENT_3D('',#9472,#7884,#7885);
#7327=AXIS2_PLACEMENT_3D('',#9474,#7886,#7887);
#7328=AXIS2_PLACEMENT_3D('',#9492,#7896,#7897);
#7329=AXIS2_PLACEMENT_3D('',#9496,#7899,#7900);
#7330=AXIS2_PLACEMENT_3D('',#9508,#7906,#7907);
#7331=AXIS2_PLACEMENT_3D('',#9510,#7908,#7909);
#7332=AXIS2_PLACEMENT_3D('',#9518,#7913,#7914);
#7333=AXIS2_PLACEMENT_3D('',#9520,#7915,#7916);
#7334=AXIS2_PLACEMENT_3D('',#9530,#7921,#7922);
#7335=AXIS2_PLACEMENT_3D('',#9531,#7923,#7924);
#7336=AXIS2_PLACEMENT_3D('',#9547,#7932,#7933);
#7337=AXIS2_PLACEMENT_3D('',#9553,#7936,#7937);
#7338=AXIS2_PLACEMENT_3D('',#9557,#7939,#7940);
#7339=AXIS2_PLACEMENT_3D('',#9563,#7943,#7944);
#7340=AXIS2_PLACEMENT_3D('',#9572,#7949,#7950);
#7341=AXIS2_PLACEMENT_3D('',#9573,#7951,#7952);
#7342=AXIS2_PLACEMENT_3D('',#9582,#7957,#7958);
#7343=AXIS2_PLACEMENT_3D('',#9583,#7959,#7960);
#7344=AXIS2_PLACEMENT_3D('',#9592,#7965,#7966);
#7345=AXIS2_PLACEMENT_3D('',#9596,#7968,#7969);
#7346=AXIS2_PLACEMENT_3D('',#9600,#7971,#7972);
#7347=AXIS2_PLACEMENT_3D('',#9617,#7981,#7982);
#7348=AXIS2_PLACEMENT_3D('',#9623,#7985,#7986);
#7349=AXIS2_PLACEMENT_3D('',#9630,#7990,#7991);
#7350=AXIS2_PLACEMENT_3D('',#9639,#7996,#7997);
#7351=AXIS2_PLACEMENT_3D('',#9645,#8001,#8002);
#7352=AXIS2_PLACEMENT_3D('',#9658,#8010,#8011);
#7353=AXIS2_PLACEMENT_3D('',#9671,#8019,#8020);
#7354=AXIS2_PLACEMENT_3D('',#9672,#8021,#8022);
#7355=AXIS2_PLACEMENT_3D('',#9693,#8032,#8033);
#7356=AXIS2_PLACEMENT_3D('',#9696,#8035,#8036);
#7357=AXIS2_PLACEMENT_3D('',#9700,#8038,#8039);
#7358=AXIS2_PLACEMENT_3D('',#9706,#8043,#8044);
#7359=AXIS2_PLACEMENT_3D('',#9744,#8065,#8066);
#7360=AXIS2_PLACEMENT_3D('',#9746,#8068,#8069);
#7361=AXIS2_PLACEMENT_3D('',#9750,#8071,#8072);
#7362=AXIS2_PLACEMENT_3D('',#9761,#8078,#8079);
#7363=AXIS2_PLACEMENT_3D('',#9762,#8080,#8081);
#7364=AXIS2_PLACEMENT_3D('',#9766,#8083,#8084);
#7365=AXIS2_PLACEMENT_3D('',#9777,#8090,#8091);
#7366=AXIS2_PLACEMENT_3D('',#9778,#8092,#8093);
#7367=AXIS2_PLACEMENT_3D('',#9779,#8094,#8095);
#7368=AXIS2_PLACEMENT_3D('',#9788,#8100,#8101);
#7369=AXIS2_PLACEMENT_3D('',#9807,#8114,#8115);
#7370=AXIS2_PLACEMENT_3D('',#9811,#8117,#8118);
#7371=AXIS2_PLACEMENT_3D('',#9812,#8119,#8120);
#7372=AXIS2_PLACEMENT_3D('',#9816,#8122,#8123);
#7373=AXIS2_PLACEMENT_3D('',#9837,#8136,#8137);
#7374=AXIS2_PLACEMENT_3D('',#9843,#8141,#8142);
#7375=AXIS2_PLACEMENT_3D('',#9848,#8146,#8147);
#7376=AXIS2_PLACEMENT_3D('',#9863,#8156,#8157);
#7377=AXIS2_PLACEMENT_3D('',#9864,#8158,#8159);
#7378=AXIS2_PLACEMENT_3D('',#9868,#8161,#8162);
#7379=AXIS2_PLACEMENT_3D('',#9886,#8174,#8175);
#7380=AXIS2_PLACEMENT_3D('',#9894,#8180,#8181);
#7381=AXIS2_PLACEMENT_3D('',#9898,#8184,#8185);
#7382=AXIS2_PLACEMENT_3D('',#9902,#8188,#8189);
#7383=AXIS2_PLACEMENT_3D('',#9908,#8193,#8194);
#7384=AXIS2_PLACEMENT_3D('',#9911,#8197,#8198);
#7385=AXIS2_PLACEMENT_3D('',#9912,#8199,#8200);
#7386=AXIS2_PLACEMENT_3D('',#9920,#8205,#8206);
#7387=AXIS2_PLACEMENT_3D('',#9924,#8209,#8210);
#7388=AXIS2_PLACEMENT_3D('',#9925,#8211,#8212);
#7389=AXIS2_PLACEMENT_3D('',#9926,#8213,#8214);
#7390=AXIS2_PLACEMENT_3D('',#9932,#8218,#8219);
#7391=AXIS2_PLACEMENT_3D('',#9933,#8220,#8221);
#7392=AXIS2_PLACEMENT_3D('',#9937,#8223,#8224);
#7393=AXIS2_PLACEMENT_3D('',#9939,#8226,#8227);
#7394=AXIS2_PLACEMENT_3D('',#9940,#8228,#8229);
#7395=AXIS2_PLACEMENT_3D('',#9944,#8232,#8233);
#7396=AXIS2_PLACEMENT_3D('',#9952,#8239,#8240);
#7397=AXIS2_PLACEMENT_3D('',#9961,#8247,#8248);
#7398=AXIS2_PLACEMENT_3D('',#9962,#8249,#8250);
#7399=AXIS2_PLACEMENT_3D('',#9971,#8255,#8256);
#7400=AXIS2_PLACEMENT_3D('',#9974,#8258,#8259);
#7401=AXIS2_PLACEMENT_3D('',#9978,#8263,#8264);
#7402=AXIS2_PLACEMENT_3D('',#9980,#8266,#8267);
#7403=AXIS2_PLACEMENT_3D('',#9981,#8268,#8269);
#7404=AXIS2_PLACEMENT_3D('',#9983,#8270,#8271);
#7405=AXIS2_PLACEMENT_3D('',#9985,#8272,#8273);
#7406=AXIS2_PLACEMENT_3D('',#9987,#8274,#8275);
#7407=AXIS2_PLACEMENT_3D('',#9992,#8277,#8278);
#7408=AXIS2_PLACEMENT_3D('',#9996,#8280,#8281);
#7409=AXIS2_PLACEMENT_3D('',#10000,#8283,#8284);
#7410=AXIS2_PLACEMENT_3D('',#10004,#8286,#8287);
#7411=AXIS2_PLACEMENT_3D('',#10008,#8289,#8290);
#7412=AXIS2_PLACEMENT_3D('',#10012,#8292,#8293);
#7413=AXIS2_PLACEMENT_3D('',#10016,#8295,#8296);
#7414=AXIS2_PLACEMENT_3D('',#10020,#8298,#8299);
#7415=AXIS2_PLACEMENT_3D('',#10024,#8301,#8302);
#7416=AXIS2_PLACEMENT_3D('',#10028,#8304,#8305);
#7417=AXIS2_PLACEMENT_3D('',#10032,#8307,#8308);
#7418=AXIS2_PLACEMENT_3D('',#10036,#8310,#8311);
#7419=AXIS2_PLACEMENT_3D('',#10040,#8313,#8314);
#7420=AXIS2_PLACEMENT_3D('',#10044,#8316,#8317);
#7421=AXIS2_PLACEMENT_3D('',#10048,#8319,#8320);
#7422=AXIS2_PLACEMENT_3D('',#10052,#8322,#8323);
#7423=AXIS2_PLACEMENT_3D('',#10054,#8325,#8326);
#7424=AXIS2_PLACEMENT_3D('',#10056,#8328,#8329);
#7425=AXIS2_PLACEMENT_3D('',#10058,#8331,#8332);
#7426=AXIS2_PLACEMENT_3D('',#10064,#8336,#8337);
#7427=AXIS2_PLACEMENT_3D('',#10070,#8341,#8342);
#7428=AXIS2_PLACEMENT_3D('',#10073,#8345,#8346);
#7429=AXIS2_PLACEMENT_3D('',#10076,#8349,#8350);
#7430=AXIS2_PLACEMENT_3D('',#10082,#8354,#8355);
#7431=AXIS2_PLACEMENT_3D('',#10085,#8358,#8359);
#7432=AXIS2_PLACEMENT_3D('',#10087,#8361,#8362);
#7433=AXIS2_PLACEMENT_3D('',#10089,#8364,#8365);
#7434=AXIS2_PLACEMENT_3D('',#10090,#8366,#8367);
#7435=AXIS2_PLACEMENT_3D('',#10093,#8369,#8370);
#7436=AXIS2_PLACEMENT_3D('',#10095,#8372,#8373);
#7437=AXIS2_PLACEMENT_3D('',#10098,#8375,#8376);
#7438=AXIS2_PLACEMENT_3D('',#10099,#8377,#8378);
#7439=AXIS2_PLACEMENT_3D('',#10101,#8380,#8381);
#7440=AXIS2_PLACEMENT_3D('',#10103,#8383,#8384);
#7441=AXIS2_PLACEMENT_3D('',#10104,#8385,#8386);
#7442=AXIS2_PLACEMENT_3D('',#10105,#8387,#8388);
#7443=AXIS2_PLACEMENT_3D('',#10106,#8389,#8390);
#7444=AXIS2_PLACEMENT_3D('',#10107,#8391,#8392);
#7445=AXIS2_PLACEMENT_3D('',#10111,#8394,#8395);
#7446=AXIS2_PLACEMENT_3D('',#10113,#8397,#8398);
#7447=AXIS2_PLACEMENT_3D('',#10114,#8399,#8400);
#7448=AXIS2_PLACEMENT_3D('',#10115,#8401,#8402);
#7449=AXIS2_PLACEMENT_3D('',#10118,#8404,#8405);
#7450=AXIS2_PLACEMENT_3D('',#10121,#8407,#8408);
#7451=AXIS2_PLACEMENT_3D('',#10122,#8409,#8410);
#7452=AXIS2_PLACEMENT_3D('',#10123,#8411,#8412);
#7453=AXIS2_PLACEMENT_3D('',#10125,#8414,#8415);
#7454=AXIS2_PLACEMENT_3D('',#10127,#8417,#8418);
#7455=AXIS2_PLACEMENT_3D('',#10128,#8419,#8420);
#7456=AXIS2_PLACEMENT_3D('',#10130,#8422,#8423);
#7457=AXIS2_PLACEMENT_3D('',#10132,#8425,#8426);
#7458=AXIS2_PLACEMENT_3D('',#10133,#8427,#8428);
#7459=AXIS2_PLACEMENT_3D('',#10135,#8430,#8431);
#7460=AXIS2_PLACEMENT_3D('',#10136,#8432,#8433);
#7461=AXIS2_PLACEMENT_3D('',#10138,#8435,#8436);
#7462=AXIS2_PLACEMENT_3D('',#10140,#8438,#8439);
#7463=AXIS2_PLACEMENT_3D('',#10141,#8440,#8441);
#7464=AXIS2_PLACEMENT_3D('',#10142,#8442,#8443);
#7465=AXIS2_PLACEMENT_3D('',#10144,#8445,#8446);
#7466=AXIS2_PLACEMENT_3D('',#10145,#8447,#8448);
#7467=AXIS2_PLACEMENT_3D('',#10146,#8449,#8450);
#7468=AXIS2_PLACEMENT_3D('',#10147,#8451,#8452);
#7469=AXIS2_PLACEMENT_3D('',#10148,#8453,#8454);
#7470=AXIS2_PLACEMENT_3D('',#10151,#8456,#8457);
#7471=AXIS2_PLACEMENT_3D('',#10154,#8459,#8460);
#7472=AXIS2_PLACEMENT_3D('',#10158,#8463,#8464);
#7473=AXIS2_PLACEMENT_3D('',#10159,#8465,#8466);
#7474=AXIS2_PLACEMENT_3D('',#10162,#8468,#8469);
#7475=AXIS2_PLACEMENT_3D('',#10166,#8472,#8473);
#7476=AXIS2_PLACEMENT_3D('',#10167,#8474,#8475);
#7477=AXIS2_PLACEMENT_3D('',#10170,#8477,#8478);
#7478=AXIS2_PLACEMENT_3D('',#10174,#8481,#8482);
#7479=AXIS2_PLACEMENT_3D('',#10175,#8483,#8484);
#7480=AXIS2_PLACEMENT_3D('',#10178,#8486,#8487);
#7481=AXIS2_PLACEMENT_3D('',#10180,#8489,#8490);
#7482=AXIS2_PLACEMENT_3D('',#10181,#8491,#8492);
#7483=AXIS2_PLACEMENT_3D('',#10184,#8494,#8495);
#7484=AXIS2_PLACEMENT_3D('',#10187,#8497,#8498);
#7485=AXIS2_PLACEMENT_3D('',#10191,#8501,#8502);
#7486=AXIS2_PLACEMENT_3D('',#10192,#8503,#8504);
#7487=AXIS2_PLACEMENT_3D('',#10195,#8506,#8507);
#7488=AXIS2_PLACEMENT_3D('',#10199,#8510,#8511);
#7489=AXIS2_PLACEMENT_3D('',#10200,#8512,#8513);
#7490=AXIS2_PLACEMENT_3D('',#10203,#8515,#8516);
#7491=AXIS2_PLACEMENT_3D('',#10207,#8519,#8520);
#7492=AXIS2_PLACEMENT_3D('',#10208,#8521,#8522);
#7493=AXIS2_PLACEMENT_3D('',#10211,#8524,#8525);
#7494=AXIS2_PLACEMENT_3D('',#10213,#8527,#8528);
#7495=AXIS2_PLACEMENT_3D('',#10214,#8529,#8530);
#7496=AXIS2_PLACEMENT_3D('',#10217,#8532,#8533);
#7497=AXIS2_PLACEMENT_3D('',#10220,#8535,#8536);
#7498=AXIS2_PLACEMENT_3D('',#10224,#8539,#8540);
#7499=AXIS2_PLACEMENT_3D('',#10225,#8541,#8542);
#7500=AXIS2_PLACEMENT_3D('',#10228,#8544,#8545);
#7501=AXIS2_PLACEMENT_3D('',#10232,#8548,#8549);
#7502=AXIS2_PLACEMENT_3D('',#10233,#8550,#8551);
#7503=AXIS2_PLACEMENT_3D('',#10236,#8553,#8554);
#7504=AXIS2_PLACEMENT_3D('',#10240,#8557,#8558);
#7505=AXIS2_PLACEMENT_3D('',#10241,#8559,#8560);
#7506=AXIS2_PLACEMENT_3D('',#10244,#8562,#8563);
#7507=AXIS2_PLACEMENT_3D('',#10246,#8565,#8566);
#7508=AXIS2_PLACEMENT_3D('',#10247,#8567,#8568);
#7509=AXIS2_PLACEMENT_3D('',#10250,#8570,#8571);
#7510=AXIS2_PLACEMENT_3D('',#10253,#8573,#8574);
#7511=AXIS2_PLACEMENT_3D('',#10257,#8577,#8578);
#7512=AXIS2_PLACEMENT_3D('',#10258,#8579,#8580);
#7513=AXIS2_PLACEMENT_3D('',#10261,#8582,#8583);
#7514=AXIS2_PLACEMENT_3D('',#10265,#8586,#8587);
#7515=AXIS2_PLACEMENT_3D('',#10266,#8588,#8589);
#7516=AXIS2_PLACEMENT_3D('',#10269,#8591,#8592);
#7517=AXIS2_PLACEMENT_3D('',#10273,#8595,#8596);
#7518=AXIS2_PLACEMENT_3D('',#10274,#8597,#8598);
#7519=AXIS2_PLACEMENT_3D('',#10277,#8600,#8601);
#7520=AXIS2_PLACEMENT_3D('',#10279,#8603,#8604);
#7521=AXIS2_PLACEMENT_3D('',#10280,#8605,#8606);
#7522=AXIS2_PLACEMENT_3D('',#10281,#8607,#8608);
#7523=AXIS2_PLACEMENT_3D('',#10283,#8609,#8610);
#7524=AXIS2_PLACEMENT_3D('',#10284,#8611,#8612);
#7525=AXIS2_PLACEMENT_3D('',#10286,#8613,#8614);
#7526=AXIS2_PLACEMENT_3D('',#10287,#8615,#8616);
#7527=AXIS2_PLACEMENT_3D('',#10288,#8617,#8618);
#7528=AXIS2_PLACEMENT_3D('',#10290,#8619,#8620);
#7529=AXIS2_PLACEMENT_3D('',#10291,#8621,#8622);
#7530=AXIS2_PLACEMENT_3D('',#10293,#8623,#8624);
#7531=AXIS2_PLACEMENT_3D('',#10294,#8625,#8626);
#7532=AXIS2_PLACEMENT_3D('',#10295,#8627,#8628);
#7533=AXIS2_PLACEMENT_3D('',#10297,#8629,#8630);
#7534=AXIS2_PLACEMENT_3D('',#10298,#8631,#8632);
#7535=AXIS2_PLACEMENT_3D('',#10299,#8633,#8634);
#7536=AXIS2_PLACEMENT_3D('',#10301,#8635,#8636);
#7537=AXIS2_PLACEMENT_3D('',#10302,#8637,#8638);
#7538=AXIS2_PLACEMENT_3D('',#10304,#8640,#8641);
#7539=AXIS2_PLACEMENT_3D('',#10307,#8643,#8644);
#7540=AXIS2_PLACEMENT_3D('',#10311,#8646,#8647);
#7541=AXIS2_PLACEMENT_3D('',#10314,#8649,#8650);
#7542=AXIS2_PLACEMENT_3D('',#10315,#8651,#8652);
#7543=AXIS2_PLACEMENT_3D('',#10322,#8654,#8655);
#7544=AXIS2_PLACEMENT_3D('',#10324,#8657,#8658);
#7545=AXIS2_PLACEMENT_3D('',#10326,#8660,#8661);
#7546=AXIS2_PLACEMENT_3D('',#10328,#8663,#8664);
#7547=AXIS2_PLACEMENT_3D('',#10329,#8665,#8666);
#7548=AXIS2_PLACEMENT_3D('',#10331,#8668,#8669);
#7549=AXIS2_PLACEMENT_3D('',#10332,#8670,#8671);
#7550=AXIS2_PLACEMENT_3D('',#10334,#8673,#8674);
#7551=AXIS2_PLACEMENT_3D('',#10338,#8676,#8677);
#7552=AXIS2_PLACEMENT_3D('',#10339,#8678,#8679);
#7553=AXIS2_PLACEMENT_3D('',#10341,#8681,#8682);
#7554=AXIS2_PLACEMENT_3D('',#10342,#8683,#8684);
#7555=AXIS2_PLACEMENT_3D('',#10344,#8686,#8687);
#7556=AXIS2_PLACEMENT_3D('',#10346,#8689,#8690);
#7557=AXIS2_PLACEMENT_3D('',#10348,#8692,#8693);
#7558=AXIS2_PLACEMENT_3D('',#10350,#8695,#8696);
#7559=AXIS2_PLACEMENT_3D('',#10358,#8698,#8699);
#7560=AXIS2_PLACEMENT_3D('',#10359,#8700,#8701);
#7561=AXIS2_PLACEMENT_3D('',#10361,#8703,#8704);
#7562=AXIS2_PLACEMENT_3D('',#10362,#8705,#8706);
#7563=AXIS2_PLACEMENT_3D('',#10366,#8709,#8710);
#7564=AXIS2_PLACEMENT_3D('',#10373,#8712,#8713);
#7565=AXIS2_PLACEMENT_3D('',#10375,#8715,#8716);
#7566=AXIS2_PLACEMENT_3D('',#10377,#8718,#8719);
#7567=AXIS2_PLACEMENT_3D('',#10379,#8721,#8722);
#7568=AXIS2_PLACEMENT_3D('',#10380,#8723,#8724);
#7569=AXIS2_PLACEMENT_3D('',#10382,#8726,#8727);
#7570=AXIS2_PLACEMENT_3D('',#10384,#8729,#8730);
#7571=AXIS2_PLACEMENT_3D('',#10386,#8732,#8733);
#7572=AXIS2_PLACEMENT_3D('',#10388,#8735,#8736);
#7573=AXIS2_PLACEMENT_3D('',#10389,#8737,#8738);
#7574=AXIS2_PLACEMENT_3D('',#10393,#8740,#8741);
#7575=AXIS2_PLACEMENT_3D('',#10395,#8743,#8744);
#7576=AXIS2_PLACEMENT_3D('',#10397,#8746,#8747);
#7577=AXIS2_PLACEMENT_3D('',#10399,#8749,#8750);
#7578=AXIS2_PLACEMENT_3D('',#10405,#8751,#8752);
#7579=AXIS2_PLACEMENT_3D('',#10408,#8755,#8756);
#7580=AXIS2_PLACEMENT_3D('',#10410,#8758,#8759);
#7581=AXIS2_PLACEMENT_3D('',#10412,#8761,#8762);
#7582=AXIS2_PLACEMENT_3D('',#10414,#8764,#8765);
#7583=AXIS2_PLACEMENT_3D('',#10416,#8767,#8768);
#7584=AXIS2_PLACEMENT_3D('',#10418,#8770,#8771);
#7585=AXIS2_PLACEMENT_3D('',#10420,#8773,#8774);
#7586=AXIS2_PLACEMENT_3D('',#10421,#8775,#8776);
#7587=AXIS2_PLACEMENT_3D('',#10422,#8777,#8778);
#7588=AXIS2_PLACEMENT_3D('',#10423,#8779,#8780);
#7589=AXIS2_PLACEMENT_3D('',#10424,#8781,#8782);
#7590=AXIS2_PLACEMENT_3D('',#10426,#8784,#8785);
#7591=AXIS2_PLACEMENT_3D('',#10428,#8787,#8788);
#7592=AXIS2_PLACEMENT_3D('',#10429,#8789,#8790);
#7593=AXIS2_PLACEMENT_3D('',#10431,#8792,#8793);
#7594=AXIS2_PLACEMENT_3D('',#10432,#8794,#8795);
#7595=AXIS2_PLACEMENT_3D('',#10434,#8797,#8798);
#7596=AXIS2_PLACEMENT_3D('',#10435,#8799,#8800);
#7597=AXIS2_PLACEMENT_3D('',#10436,#8801,#8802);
#7598=AXIS2_PLACEMENT_3D('',#10437,#8803,#8804);
#7599=AXIS2_PLACEMENT_3D('',#10438,#8805,#8806);
#7600=AXIS2_PLACEMENT_3D('',#10440,#8808,#8809);
#7601=AXIS2_PLACEMENT_3D('',#10442,#8811,#8812);
#7602=AXIS2_PLACEMENT_3D('',#10443,#8813,#8814);
#7603=AXIS2_PLACEMENT_3D('',#10445,#8816,#8817);
#7604=AXIS2_PLACEMENT_3D('',#10446,#8818,#8819);
#7605=AXIS2_PLACEMENT_3D('',#10448,#8821,#8822);
#7606=AXIS2_PLACEMENT_3D('',#10449,#8823,#8824);
#7607=AXIS2_PLACEMENT_3D('',#10450,#8825,#8826);
#7608=AXIS2_PLACEMENT_3D('',#10451,#8827,#8828);
#7609=AXIS2_PLACEMENT_3D('',#10452,#8829,#8830);
#7610=AXIS2_PLACEMENT_3D('',#10456,#8832,#8833);
#7611=AXIS2_PLACEMENT_3D('',#10457,#8834,#8835);
#7612=AXIS2_PLACEMENT_3D('',#10459,#8837,#8838);
#7613=AXIS2_PLACEMENT_3D('',#10461,#8840,#8841);
#7614=AXIS2_PLACEMENT_3D('',#10462,#8842,#8843);
#7615=AXIS2_PLACEMENT_3D('',#10463,#8844,#8845);
#7616=AXIS2_PLACEMENT_3D('',#10464,#8846,#8847);
#7617=AXIS2_PLACEMENT_3D('',#10467,#8849,#8850);
#7618=AXIS2_PLACEMENT_3D('',#10468,#8851,#8852);
#7619=AXIS2_PLACEMENT_3D('',#10471,#8854,#8855);
#7620=AXIS2_PLACEMENT_3D('',#10477,#8859,#8860);
#7621=AXIS2_PLACEMENT_3D('',#10485,#8864,#8865);
#7622=AXIS2_PLACEMENT_3D('',#10489,#8867,#8868);
#7623=AXIS2_PLACEMENT_3D('',#10497,#8872,#8873);
#7624=AXIS2_PLACEMENT_3D('',#10501,#8875,#8876);
#7625=AXIS2_PLACEMENT_3D('',#10502,#8877,#8878);
#7626=AXIS2_PLACEMENT_3D('',#10506,#8880,#8881);
#7627=AXIS2_PLACEMENT_3D('',#10510,#8883,#8884);
#7628=AXIS2_PLACEMENT_3D('',#10518,#8888,#8889);
#7629=AXIS2_PLACEMENT_3D('',#10522,#8891,#8892);
#7630=AXIS2_PLACEMENT_3D('',#10527,#8895,#8896);
#7631=AXIS2_PLACEMENT_3D('',#10528,#8897,#8898);
#7632=AXIS2_PLACEMENT_3D('',#10530,#8899,#8900);
#7633=AXIS2_PLACEMENT_3D('',#10533,#8902,#8903);
#7634=AXIS2_PLACEMENT_3D('',#10536,#8906,#8907);
#7635=AXIS2_PLACEMENT_3D('',#10537,#8908,#8909);
#7636=AXIS2_PLACEMENT_3D('',#10538,#8910,#8911);
#7637=AXIS2_PLACEMENT_3D('',#10539,#8912,#8913);
#7638=AXIS2_PLACEMENT_3D('',#10541,#8915,#8916);
#7639=AXIS2_PLACEMENT_3D('',#10543,#8918,#8919);
#7640=AXIS2_PLACEMENT_3D('',#10545,#8921,#8922);
#7641=AXIS2_PLACEMENT_3D('',#10547,#8924,#8925);
#7642=AXIS2_PLACEMENT_3D('',#10549,#8927,#8928);
#7643=AXIS2_PLACEMENT_3D('',#10551,#8930,#8931);
#7644=AXIS2_PLACEMENT_3D('',#10553,#8933,#8934);
#7645=AXIS2_PLACEMENT_3D('',#10555,#8936,#8937);
#7646=AXIS2_PLACEMENT_3D('',#10557,#8939,#8940);
#7647=AXIS2_PLACEMENT_3D('',#10559,#8942,#8943);
#7648=AXIS2_PLACEMENT_3D('',#10560,#8944,#8945);
#7649=AXIS2_PLACEMENT_3D('',#10561,#8946,#8947);
#7650=AXIS2_PLACEMENT_3D('',#10565,#8949,#8950);
#7651=AXIS2_PLACEMENT_3D('',#10566,#8951,#8952);
#7652=AXIS2_PLACEMENT_3D('',#10572,#8956,#8957);
#7653=AXIS2_PLACEMENT_3D('',#10573,#8958,#8959);
#7654=AXIS2_PLACEMENT_3D('',#10577,#8961,#8962);
#7655=AXIS2_PLACEMENT_3D('',#10578,#8963,#8964);
#7656=AXIS2_PLACEMENT_3D('',#10584,#8968,#8969);
#7657=AXIS2_PLACEMENT_3D('',#10590,#8973,#8974);
#7658=AXIS2_PLACEMENT_3D('',#10596,#8978,#8979);
#7659=AXIS2_PLACEMENT_3D('',#10597,#8980,#8981);
#7660=AXIS2_PLACEMENT_3D('',#10601,#8983,#8984);
#7661=AXIS2_PLACEMENT_3D('',#10602,#8985,#8986);
#7662=AXIS2_PLACEMENT_3D('',#10608,#8990,#8991);
#7663=AXIS2_PLACEMENT_3D('',#10609,#8992,#8993);
#7664=AXIS2_PLACEMENT_3D('',#10610,#8994,#8995);
#7665=AXIS2_PLACEMENT_3D('',#10611,#8996,#8997);
#7666=AXIS2_PLACEMENT_3D('',#10612,#8998,#8999);
#7667=AXIS2_PLACEMENT_3D('',#10613,#9000,#9001);
#7668=AXIS2_PLACEMENT_3D('',#10614,#9002,#9003);
#7669=AXIS2_PLACEMENT_3D('',#10616,#9004,#9005);
#7670=AXIS2_PLACEMENT_3D('',#10619,#9007,#9008);
#7671=AXIS2_PLACEMENT_3D('',#10625,#9012,#9013);
#7672=AXIS2_PLACEMENT_3D('',#10626,#9014,#9015);
#7673=AXIS2_PLACEMENT_3D('',#10628,#9016,#9017);
#7674=AXIS2_PLACEMENT_3D('',#10631,#9019,#9020);
#7675=AXIS2_PLACEMENT_3D('',#10637,#9024,#9025);
#7676=AXIS2_PLACEMENT_3D('',#10643,#9029,#9030);
#7677=AXIS2_PLACEMENT_3D('',#10649,#9034,#9035);
#7678=AXIS2_PLACEMENT_3D('',#10650,#9036,#9037);
#7679=AXIS2_PLACEMENT_3D('',#10652,#9038,#9039);
#7680=AXIS2_PLACEMENT_3D('',#10655,#9041,#9042);
#7681=AXIS2_PLACEMENT_3D('',#10661,#9046,#9047);
#7682=AXIS2_PLACEMENT_3D('',#10662,#9048,#9049);
#7683=AXIS2_PLACEMENT_3D('',#10663,#9050,#9051);
#7684=AXIS2_PLACEMENT_3D('',#10664,#9052,#9053);
#7685=AXIS2_PLACEMENT_3D('',#10665,#9054,#9055);
#7686=AXIS2_PLACEMENT_3D('',#10666,#9056,#9057);
#7687=AXIS2_PLACEMENT_3D('',#10667,#9058,#9059);
#7688=AXIS2_PLACEMENT_3D('',#10671,#9061,#9062);
#7689=AXIS2_PLACEMENT_3D('',#10679,#9066,#9067);
#7690=AXIS2_PLACEMENT_3D('',#10683,#9069,#9070);
#7691=AXIS2_PLACEMENT_3D('',#10684,#9071,#9072);
#7692=AXIS2_PLACEMENT_3D('',#10685,#9073,#9074);
#7693=AXIS2_PLACEMENT_3D('',#10687,#9075,#9076);
#7694=AXIS2_PLACEMENT_3D('',#10691,#9078,#9079);
#7695=AXIS2_PLACEMENT_3D('',#10699,#9083,#9084);
#7696=AXIS2_PLACEMENT_3D('',#10702,#9086,#9087);
#7697=AXIS2_PLACEMENT_3D('',#10704,#9089,#9090);
#7698=AXIS2_PLACEMENT_3D('',#10706,#9092,#9093);
#7699=AXIS2_PLACEMENT_3D('',#10708,#9095,#9096);
#7700=AXIS2_PLACEMENT_3D('',#10710,#9098,#9099);
#7701=AXIS2_PLACEMENT_3D('',#10712,#9101,#9102);
#7702=AXIS2_PLACEMENT_3D('',#10714,#9104,#9105);
#7703=AXIS2_PLACEMENT_3D('',#10716,#9107,#9108);
#7704=AXIS2_PLACEMENT_3D('',#10718,#9110,#9111);
#7705=AXIS2_PLACEMENT_3D('',#10719,#9112,#9113);
#7706=AXIS2_PLACEMENT_3D('',#10720,#9114,#9115);
#7707=AXIS2_PLACEMENT_3D('',#10777,#9144,#9145);
#7708=AXIS2_PLACEMENT_3D('',#10783,#9149,#9150);
#7709=AXIS2_PLACEMENT_3D('',#10787,#9153,#9154);
#7710=AXIS2_PLACEMENT_3D('',#10791,#9157,#9158);
#7711=AXIS2_PLACEMENT_3D('',#10797,#9162,#9163);
#7712=AXIS2_PLACEMENT_3D('',#10803,#9167,#9168);
#7713=AXIS2_PLACEMENT_3D('',#10808,#9172,#9173);
#7714=AXIS2_PLACEMENT_3D('',#10812,#9176,#9177);
#7715=AXIS2_PLACEMENT_3D('',#10816,#9180,#9181);
#7716=AXIS2_PLACEMENT_3D('',#10820,#9184,#9185);
#7717=AXIS2_PLACEMENT_3D('',#10826,#9189,#9190);
#7718=AXIS2_PLACEMENT_3D('',#10832,#9194,#9195);
#7719=AXIS2_PLACEMENT_3D('',#10837,#9199,#9200);
#7720=AXIS2_PLACEMENT_3D('',#10841,#9203,#9204);
#7721=AXIS2_PLACEMENT_3D('',#10847,#9208,#9209);
#7722=AXIS2_PLACEMENT_3D('',#10853,#9213,#9214);
#7723=AXIS2_PLACEMENT_3D('',#10858,#9218,#9219);
#7724=AXIS2_PLACEMENT_3D('',#10862,#9222,#9223);
#7725=AXIS2_PLACEMENT_3D('',#10868,#9227,#9228);
#7726=AXIS2_PLACEMENT_3D('',#10874,#9232,#9233);
#7727=AXIS2_PLACEMENT_3D('',#10877,#9236,#9237);
#7728=AXIS2_PLACEMENT_3D('',#10878,#9238,#9239);
#7729=AXIS2_PLACEMENT_3D('',#10879,#9240,#9241);
#7730=AXIS2_PLACEMENT_3D('',#10880,#9242,#9243);
#7731=AXIS2_PLACEMENT_3D('',#10881,#9244,#9245);
#7732=AXIS2_PLACEMENT_3D('',#10882,#9246,#9247);
#7733=AXIS2_PLACEMENT_3D('',#10888,#9251,#9252);
#7734=AXIS2_PLACEMENT_3D('',#10892,#9255,#9256);
#7735=AXIS2_PLACEMENT_3D('',#10896,#9259,#9260);
#7736=AXIS2_PLACEMENT_3D('',#10898,#9262,#9263);
#7737=AXIS2_PLACEMENT_3D('',#10899,#9264,#9265);
#7738=AXIS2_PLACEMENT_3D('',#10905,#9269,#9270);
#7739=AXIS2_PLACEMENT_3D('',#10909,#9273,#9274);
#7740=AXIS2_PLACEMENT_3D('',#10913,#9277,#9278);
#7741=AXIS2_PLACEMENT_3D('',#10915,#9280,#9281);
#7742=AXIS2_PLACEMENT_3D('',#10916,#9282,#9283);
#7743=DIRECTION('',(0.,0.,1.));
#7744=DIRECTION('',(1.,0.,0.));
#7745=DIRECTION('',(1.,0.,0.));
#7746=DIRECTION('',(0.,0.,-1.));
#7747=DIRECTION('',(0.,0.,-1.));
#7748=DIRECTION('',(1.,0.,0.));
#7749=DIRECTION('',(0.,0.,-1.));
#7750=DIRECTION('',(0.,0.,-1.));
#7751=DIRECTION('',(0.,-1.,0.));
#7752=DIRECTION('',(-1.,0.,0.));
#7753=DIRECTION('',(0.,0.,1.));
#7754=DIRECTION('',(0.,0.,-1.));
#7755=DIRECTION('',(1.,0.,0.));
#7756=DIRECTION('',(0.,0.,-1.));
#7757=DIRECTION('',(0.,0.,-1.));
#7758=DIRECTION('',(0.,1.,0.));
#7759=DIRECTION('',(0.,-1.,0.));
#7760=DIRECTION('',(0.,0.,-1.));
#7761=DIRECTION('',(-1.,0.,0.));
#7762=DIRECTION('',(-1.,0.,0.));
#7763=DIRECTION('',(1.,0.,0.));
#7764=DIRECTION('',(0.,0.,-1.));
#7765=DIRECTION('',(0.,0.,-1.));
#7766=DIRECTION('',(1.,0.,0.));
#7767=DIRECTION('',(0.,0.,-1.));
#7768=DIRECTION('',(0.,0.,-1.));
#7769=DIRECTION('',(0.,1.,0.));
#7770=DIRECTION('',(-1.,0.,0.));
#7771=DIRECTION('',(0.,0.,1.));
#7772=DIRECTION('',(0.,0.,-1.));
#7773=DIRECTION('',(1.,0.,0.));
#7774=DIRECTION('',(0.,0.,-1.));
#7775=DIRECTION('',(0.,0.,-1.));
#7776=DIRECTION('',(0.,-1.,0.));
#7777=DIRECTION('',(0.,-1.,0.));
#7778=DIRECTION('',(0.,0.,-1.));
#7779=DIRECTION('',(0.,0.,-1.));
#7780=DIRECTION('',(1.,0.,0.));
#7781=DIRECTION('',(0.,0.,-1.));
#7782=DIRECTION('',(-1.,0.,0.));
#7783=DIRECTION('',(0.,1.,0.));
#7784=DIRECTION('',(0.,0.,1.));
#7785=DIRECTION('',(0.,1.,0.));
#7786=DIRECTION('',(1.,0.,0.));
#7787=DIRECTION('',(-1.,0.,0.));
#7788=DIRECTION('',(0.,1.,0.));
#7789=DIRECTION('',(1.,0.,0.));
#7790=DIRECTION('',(0.,0.,-1.));
#7791=DIRECTION('',(0.,1.,0.));
#7792=DIRECTION('',(1.,0.,0.));
#7793=DIRECTION('',(1.,0.,0.));
#7794=DIRECTION('',(0.,1.,0.));
#7795=DIRECTION('',(1.,0.,0.));
#7796=DIRECTION('',(0.,0.,1.));
#7797=DIRECTION('',(0.,1.,0.));
#7798=DIRECTION('',(1.,0.,0.));
#7799=DIRECTION('',(-1.,0.,0.));
#7800=DIRECTION('',(0.,1.,0.));
#7801=DIRECTION('',(1.,0.,0.));
#7802=DIRECTION('',(0.,0.,1.));
#7803=DIRECTION('',(1.,0.,0.));
#7804=DIRECTION('',(0.,0.,-1.));
#7805=DIRECTION('',(0.,1.,0.));
#7806=DIRECTION('',(1.,0.,0.));
#7807=DIRECTION('',(1.,0.,0.));
#7808=DIRECTION('',(0.,1.,0.));
#7809=DIRECTION('',(1.,0.,0.));
#7810=DIRECTION('',(0.,0.,-1.));
#7811=DIRECTION('',(0.,1.,0.));
#7812=DIRECTION('',(1.,0.,0.));
#7813=DIRECTION('',(-1.,0.,0.));
#7814=DIRECTION('',(0.,1.,0.));
#7815=DIRECTION('',(1.,0.,0.));
#7816=DIRECTION('',(-5.78241158658921E-15,0.,-1.));
#7817=DIRECTION('',(-1.,0.,0.));
#7818=DIRECTION('',(6.50521303491311E-15,0.,1.));
#7819=DIRECTION('',(0.,1.,0.));
#7820=DIRECTION('',(1.,0.,0.));
#7821=DIRECTION('',(-1.,0.,0.));
#7822=DIRECTION('',(0.,1.,0.));
#7823=DIRECTION('',(1.,0.,0.));
#7824=DIRECTION('',(-1.,0.,0.));
#7825=DIRECTION('',(0.,0.,1.));
#7826=DIRECTION('',(-1.,0.,0.));
#7827=DIRECTION('',(0.,1.,0.));
#7828=DIRECTION('',(1.,0.,0.));
#7829=DIRECTION('',(0.,0.,-1.));
#7830=DIRECTION('',(0.,1.,0.));
#7831=DIRECTION('',(1.,0.,0.));
#7832=DIRECTION('',(1.,0.,0.));
#7833=DIRECTION('',(0.,1.,0.));
#7834=DIRECTION('',(1.,0.,0.));
#7835=DIRECTION('',(0.,0.,1.));
#7836=DIRECTION('',(1.,0.,0.));
#7837=DIRECTION('',(0.,0.,-1.));
#7838=DIRECTION('',(-1.,0.,0.));
#7839=DIRECTION('',(0.,0.,1.));
#7840=DIRECTION('',(-1.,0.,0.));
#7841=DIRECTION('',(0.,0.,1.));
#7842=DIRECTION('',(0.,1.,0.));
#7843=DIRECTION('',(0.,0.,1.));
#7844=DIRECTION('',(0.,-1.,0.));
#7845=DIRECTION('',(0.,0.,1.));
#7846=DIRECTION('',(0.,1.,0.));
#7847=DIRECTION('',(1.,0.,0.));
#7848=DIRECTION('',(0.,0.,-1.));
#7849=DIRECTION('',(1.,0.,0.));
#7850=DIRECTION('',(0.,0.,-1.));
#7851=DIRECTION('',(0.,1.,0.));
#7852=DIRECTION('',(0.,0.,1.));
#7853=DIRECTION('',(0.,1.,0.));
#7854=DIRECTION('',(0.,0.,-1.));
#7855=DIRECTION('',(0.,1.,0.));
#7856=DIRECTION('',(0.,1.,0.));
#7857=DIRECTION('',(0.,0.,1.));
#7858=DIRECTION('',(0.,1.,0.));
#7859=DIRECTION('',(1.,0.,0.));
#7860=DIRECTION('',(0.,0.,1.));
#7861=DIRECTION('',(0.,1.,0.));
#7862=DIRECTION('',(1.,0.,0.));
#7863=DIRECTION('',(1.,0.,0.));
#7864=DIRECTION('',(0.,1.,0.));
#7865=DIRECTION('',(1.,0.,0.));
#7866=DIRECTION('',(0.,0.,-1.));
#7867=DIRECTION('',(0.,1.,0.));
#7868=DIRECTION('',(1.,0.,0.));
#7869=DIRECTION('',(-1.,0.,0.));
#7870=DIRECTION('',(1.,0.,0.));
#7871=DIRECTION('',(0.,1.,0.));
#7872=DIRECTION('',(1.,0.,0.));
#7873=DIRECTION('',(1.,0.,0.));
#7874=DIRECTION('',(0.,0.,1.));
#7875=DIRECTION('',(-1.,0.,0.));
#7876=DIRECTION('',(0.,0.,-1.));
#7877=DIRECTION('',(0.,1.,0.));
#7878=DIRECTION('',(1.,0.,0.));
#7879=DIRECTION('',(0.,1.,0.));
#7880=DIRECTION('',(1.,0.,0.));
#7881=DIRECTION('',(-1.,0.,0.));
#7882=DIRECTION('',(0.,0.,-1.));
#7883=DIRECTION('',(1.,0.,0.));
#7884=DIRECTION('',(0.,1.,0.));
#7885=DIRECTION('',(1.,0.,0.));
#7886=DIRECTION('',(0.,1.,0.));
#7887=DIRECTION('',(1.,0.,0.));
#7888=DIRECTION('',(0.,0.,-1.));
#7889=DIRECTION('',(-1.,0.,0.));
#7890=DIRECTION('',(0.,0.,1.));
#7891=DIRECTION('',(-1.,0.,0.));
#7892=DIRECTION('',(0.,0.,-1.));
#7893=DIRECTION('',(-1.,0.,0.));
#7894=DIRECTION('',(0.,0.,1.));
#7895=DIRECTION('',(-1.,0.,0.));
#7896=DIRECTION('',(0.,1.,0.));
#7897=DIRECTION('',(1.,0.,0.));
#7898=DIRECTION('',(-1.,0.,0.));
#7899=DIRECTION('',(0.,1.,0.));
#7900=DIRECTION('',(1.,0.,0.));
#7901=DIRECTION('',(0.,0.,1.));
#7902=DIRECTION('',(-1.,0.,0.));
#7903=DIRECTION('',(0.,0.,-1.));
#7904=DIRECTION('',(-1.,0.,0.));
#7905=DIRECTION('',(0.,0.,1.));
#7906=DIRECTION('',(0.,1.,0.));
#7907=DIRECTION('',(1.,0.,0.));
#7908=DIRECTION('',(0.,1.,0.));
#7909=DIRECTION('',(1.,0.,0.));
#7910=DIRECTION('',(-1.,0.,0.));
#7911=DIRECTION('',(0.,0.,-1.));
#7912=DIRECTION('',(1.,0.,0.));
#7913=DIRECTION('',(0.,1.,0.));
#7914=DIRECTION('',(1.,0.,0.));
#7915=DIRECTION('',(0.,1.,0.));
#7916=DIRECTION('',(1.,0.,0.));
#7917=DIRECTION('',(0.,0.,1.));
#7918=DIRECTION('',(-1.,0.,0.));
#7919=DIRECTION('',(0.,0.,-1.));
#7920=DIRECTION('',(1.,0.,0.));
#7921=DIRECTION('',(0.,1.,0.));
#7922=DIRECTION('',(1.,0.,0.));
#7923=DIRECTION('',(1.,0.,0.));
#7924=DIRECTION('',(0.,0.,-1.));
#7925=DIRECTION('',(0.,1.,0.));
#7926=DIRECTION('',(0.,0.,-1.));
#7927=DIRECTION('',(0.,1.,0.));
#7928=DIRECTION('',(0.,0.,1.));
#7929=DIRECTION('',(0.,-1.,0.));
#7930=DIRECTION('',(0.,0.,-1.));
#7931=DIRECTION('',(0.,1.,0.));
#7932=DIRECTION('',(1.,0.,0.));
#7933=DIRECTION('',(0.,0.,-1.));
#7934=DIRECTION('',(0.,0.,1.));
#7935=DIRECTION('',(0.,-1.,0.));
#7936=DIRECTION('',(1.,0.,0.));
#7937=DIRECTION('',(0.,0.,-1.));
#7938=DIRECTION('',(0.,0.,-1.));
#7939=DIRECTION('',(1.,0.,0.));
#7940=DIRECTION('',(0.,0.,-1.));
#7941=DIRECTION('',(0.,1.,0.));
#7942=DIRECTION('',(0.,0.,1.));
#7943=DIRECTION('',(1.,0.,0.));
#7944=DIRECTION('',(0.,0.,-1.));
#7945=DIRECTION('',(0.,-1.,0.));
#7946=DIRECTION('',(0.,0.,-1.));
#7947=DIRECTION('',(0.,1.,0.));
#7948=DIRECTION('',(0.,0.,1.));
#7949=DIRECTION('',(0.,0.,1.));
#7950=DIRECTION('',(1.,0.,0.));
#7951=DIRECTION('',(0.,0.,1.));
#7952=DIRECTION('',(1.,0.,0.));
#7953=DIRECTION('',(0.,1.,0.));
#7954=DIRECTION('',(-0.345707660946943,-0.938342268664581,0.));
#7955=DIRECTION('',(0.,-1.,0.));
#7956=DIRECTION('',(0.,1.,0.));
#7957=DIRECTION('',(0.,0.,-1.));
#7958=DIRECTION('',(-1.,0.,0.));
#7959=DIRECTION('',(0.,0.,-1.));
#7960=DIRECTION('',(-1.,0.,0.));
#7961=DIRECTION('',(0.,1.,0.));
#7962=DIRECTION('',(0.,1.,0.));
#7963=DIRECTION('',(0.345707660946943,0.938342268664581,0.));
#7964=DIRECTION('',(0.,1.,0.));
#7965=DIRECTION('',(-1.,0.,0.));
#7966=DIRECTION('',(0.,0.,1.));
#7967=DIRECTION('',(0.,1.,0.));
#7968=DIRECTION('',(1.,0.,0.));
#7969=DIRECTION('',(0.,0.,-1.));
#7970=DIRECTION('',(0.,0.,-1.));
#7971=DIRECTION('',(1.,0.,0.));
#7972=DIRECTION('',(0.,0.,-1.));
#7973=DIRECTION('',(0.,1.,0.));
#7974=DIRECTION('',(0.,0.,1.));
#7975=DIRECTION('',(0.,-1.,0.));
#7976=DIRECTION('',(0.,-0.976220395964215,0.216780392340893));
#7977=DIRECTION('',(0.,0.,1.));
#7978=DIRECTION('',(0.,0.976220395964215,0.216780392340893));
#7979=DIRECTION('',(0.,1.,0.));
#7980=DIRECTION('',(0.,0.,1.));
#7981=DIRECTION('',(-1.,0.,0.));
#7982=DIRECTION('',(0.,0.,1.));
#7983=DIRECTION('',(0.,1.,0.));
#7984=DIRECTION('',(0.,0.,1.));
#7985=DIRECTION('',(1.,0.,0.));
#7986=DIRECTION('',(0.,0.,-1.));
#7987=DIRECTION('',(0.,0.,1.));
#7988=DIRECTION('',(0.,1.,0.));
#7989=DIRECTION('',(0.,0.,-1.));
#7990=DIRECTION('',(-8.67361737988403E-16,-1.,0.));
#7991=DIRECTION('',(1.,-8.67361737988403E-16,0.));
#7992=DIRECTION('',(0.,0.,-1.));
#7993=DIRECTION('',(1.,-8.67361737988403E-16,0.));
#7994=DIRECTION('',(0.,0.,-1.));
#7995=DIRECTION('',(-1.,8.67361737988403E-16,0.));
#7996=DIRECTION('',(-8.67361737988403E-16,-1.,0.));
#7997=DIRECTION('',(1.,-8.67361737988403E-16,0.));
#7998=DIRECTION('',(-1.,8.67361737988403E-16,0.));
#7999=DIRECTION('',(0.,0.,-1.));
#8000=DIRECTION('',(-1.,8.67361737988403E-16,0.));
#8001=DIRECTION('',(0.,0.,-1.));
#8002=DIRECTION('',(-1.,0.,0.));
#8003=DIRECTION('',(1.,0.,0.));
#8004=DIRECTION('',(0.,1.,0.));
#8005=DIRECTION('',(0.345707660946943,-0.938342268664581,0.));
#8006=DIRECTION('',(0.,1.,0.));
#8007=DIRECTION('',(-1.,0.,0.));
#8008=DIRECTION('',(0.,1.,0.));
#8009=DIRECTION('',(1.,0.,0.));
#8010=DIRECTION('',(0.,0.,1.));
#8011=DIRECTION('',(1.,0.,0.));
#8012=DIRECTION('',(1.,0.,0.));
#8013=DIRECTION('',(-1.,0.,0.));
#8014=DIRECTION('',(0.,-1.,0.));
#8015=DIRECTION('',(-1.,0.,0.));
#8016=DIRECTION('',(0.,-1.,0.));
#8017=DIRECTION('',(-0.345707660946943,0.938342268664581,0.));
#8018=DIRECTION('',(0.,-1.,0.));
#8019=DIRECTION('',(1.,0.,0.));
#8020=DIRECTION('',(0.,0.,-1.));
#8021=DIRECTION('',(1.,0.,0.));
#8022=DIRECTION('',(0.,0.,-1.));
#8023=DIRECTION('',(0.,-1.,0.));
#8024=DIRECTION('',(0.,0.,-1.));
#8025=DIRECTION('',(0.,-1.,0.));
#8026=DIRECTION('',(0.,-0.976220395964215,-0.216780392340893));
#8027=DIRECTION('',(0.,0.,-1.));
#8028=DIRECTION('',(0.,0.976220395964215,-0.216780392340893));
#8029=DIRECTION('',(0.,1.,0.));
#8030=DIRECTION('',(0.,0.,-1.));
#8031=DIRECTION('',(0.,-1.,0.));
#8032=DIRECTION('',(1.,0.,0.));
#8033=DIRECTION('',(0.,0.,-1.));
#8034=DIRECTION('',(0.,0.,-1.));
#8035=DIRECTION('',(1.,0.,0.));
#8036=DIRECTION('',(0.,0.,-1.));
#8037=DIRECTION('',(0.,0.,1.));
#8038=DIRECTION('',(1.,0.,0.));
#8039=DIRECTION('',(0.,0.,-1.));
#8040=DIRECTION('',(0.,0.,1.));
#8041=DIRECTION('',(0.,0.,-1.));
#8042=DIRECTION('',(0.,-1.,0.));
#8043=DIRECTION('',(0.,-1.,0.));
#8044=DIRECTION('',(0.,0.,-1.));
#8045=DIRECTION('',(-1.,0.,0.));
#8046=DIRECTION('',(0.,0.,1.));
#8047=DIRECTION('',(0.,0.,1.));
#8048=DIRECTION('',(-1.,0.,0.));
#8049=DIRECTION('',(0.,0.,1.));
#8050=DIRECTION('',(1.,0.,0.));
#8051=DIRECTION('',(0.,0.,-1.));
#8052=DIRECTION('',(1.,0.,0.));
#8053=DIRECTION('',(0.,0.,-1.));
#8054=DIRECTION('',(1.,0.,0.));
#8055=DIRECTION('',(0.,0.,-1.));
#8056=DIRECTION('',(0.,0.,1.));
#8057=DIRECTION('',(0.,0.,1.));
#8058=DIRECTION('',(0.,0.,-1.));
#8059=DIRECTION('',(-1.,0.,0.));
#8060=DIRECTION('',(0.,0.,1.));
#8061=DIRECTION('',(1.,0.,0.));
#8062=DIRECTION('',(0.,0.,1.));
#8063=DIRECTION('',(-1.,0.,0.));
#8064=DIRECTION('',(0.,0.,1.));
#8065=DIRECTION('',(0.,-1.,0.));
#8066=DIRECTION('',(0.,0.,-1.));
#8067=DIRECTION('',(-1.,0.,0.));
#8068=DIRECTION('',(0.,-1.,0.));
#8069=DIRECTION('',(0.,0.,-1.));
#8070=DIRECTION('',(1.,0.,0.));
#8071=DIRECTION('',(0.,1.,0.));
#8072=DIRECTION('',(1.,0.,0.));
#8073=DIRECTION('',(0.,0.,-1.));
#8074=DIRECTION('',(-1.,0.,0.));
#8075=DIRECTION('',(0.,0.,-1.));
#8076=DIRECTION('',(1.,-1.86931409049225E-17,0.));
#8077=DIRECTION('',(0.,0.,1.));
#8078=DIRECTION('',(0.,1.,0.));
#8079=DIRECTION('',(1.,0.,0.));
#8080=DIRECTION('',(0.,-1.,0.));
#8081=DIRECTION('',(0.,0.,-1.));
#8082=DIRECTION('',(-1.,0.,0.));
#8083=DIRECTION('',(0.,1.,0.));
#8084=DIRECTION('',(1.,0.,0.));
#8085=DIRECTION('',(0.,0.,1.));
#8086=DIRECTION('',(-1.,0.,0.));
#8087=DIRECTION('',(0.,0.,-1.));
#8088=DIRECTION('',(1.,-1.86931409049225E-17,0.));
#8089=DIRECTION('',(-5.78241158658921E-15,0.,-1.));
#8090=DIRECTION('',(0.,1.,0.));
#8091=DIRECTION('',(1.,0.,0.));
#8092=DIRECTION('',(0.,-1.,0.));
#8093=DIRECTION('',(0.,0.,-1.));
#8094=DIRECTION('',(0.,1.,0.));
#8095=DIRECTION('',(1.,0.,0.));
#8096=DIRECTION('',(1.,0.,0.));
#8097=DIRECTION('',(0.,0.,-1.));
#8098=DIRECTION('',(1.,-1.86931409049225E-17,0.));
#8099=DIRECTION('',(0.,0.,1.));
#8100=DIRECTION('',(0.,0.,-1.));
#8101=DIRECTION('',(-1.,0.,0.));
#8102=DIRECTION('',(-1.,0.,0.));
#8103=DIRECTION('',(0.,-1.,0.));
#8104=DIRECTION('',(0.,1.,0.));
#8105=DIRECTION('',(-1.,0.,0.));
#8106=DIRECTION('',(1.,0.,0.));
#8107=DIRECTION('',(1.,0.,0.));
#8108=DIRECTION('',(0.345707660946943,-0.938342268664581,0.));
#8109=DIRECTION('',(-1.,0.,0.));
#8110=DIRECTION('',(0.,1.,0.));
#8111=DIRECTION('',(1.,-1.86931409049225E-17,0.));
#8112=DIRECTION('',(0.,1.,0.));
#8113=DIRECTION('',(0.,1.,0.));
#8114=DIRECTION('',(0.,0.,-1.));
#8115=DIRECTION('',(-1.,0.,0.));
#8116=DIRECTION('',(0.,1.,0.));
#8117=DIRECTION('',(0.,0.,-1.));
#8118=DIRECTION('',(-1.,0.,0.));
#8119=DIRECTION('',(0.,0.,-1.));
#8120=DIRECTION('',(-1.,0.,0.));
#8121=DIRECTION('',(0.,-1.,0.));
#8122=DIRECTION('',(0.,0.,-1.));
#8123=DIRECTION('',(-1.,0.,0.));
#8124=DIRECTION('',(1.,-1.86931409049225E-17,0.));
#8125=DIRECTION('',(0.,1.,0.));
#8126=DIRECTION('',(0.,1.,0.));
#8127=DIRECTION('',(0.,-1.,0.));
#8128=DIRECTION('',(-1.,0.,0.));
#8129=DIRECTION('',(0.345707660946943,0.938342268664581,0.));
#8130=DIRECTION('',(0.,-1.,0.));
#8131=DIRECTION('',(0.,1.,0.));
#8132=DIRECTION('',(-1.,0.,0.));
#8133=DIRECTION('',(0.,-1.,0.));
#8134=DIRECTION('',(-1.,0.,0.));
#8135=DIRECTION('',(-1.,0.,0.));
#8136=DIRECTION('',(0.,1.,0.));
#8137=DIRECTION('',(0.,0.,1.));
#8138=DIRECTION('',(0.,0.,-1.));
#8139=DIRECTION('',(0.,0.,-1.));
#8140=DIRECTION('',(-1.,0.,0.));
#8141=DIRECTION('',(0.,1.,0.));
#8142=DIRECTION('',(0.,0.,1.));
#8143=DIRECTION('',(-1.,0.,0.));
#8144=DIRECTION('',(0.,0.,-1.));
#8145=DIRECTION('',(-1.,0.,0.));
#8146=DIRECTION('',(0.,0.,1.));
#8147=DIRECTION('',(1.,0.,0.));
#8148=DIRECTION('',(-1.,0.,0.));
#8149=DIRECTION('',(-1.,0.,0.));
#8150=DIRECTION('',(0.,1.,0.));
#8151=DIRECTION('',(-1.,0.,0.));
#8152=DIRECTION('',(0.,1.,0.));
#8153=DIRECTION('',(0.345707660946943,0.938342268664581,0.));
#8154=DIRECTION('',(-1.,0.,0.));
#8155=DIRECTION('',(0.233445363855905,-0.972369920397677,0.));
#8156=DIRECTION('',(0.,0.,1.));
#8157=DIRECTION('',(1.,0.,0.));
#8158=DIRECTION('',(0.,0.,1.));
#8159=DIRECTION('',(1.,0.,0.));
#8160=DIRECTION('',(0.,1.,0.));
#8161=DIRECTION('',(0.,0.,1.));
#8162=DIRECTION('',(1.,0.,0.));
#8163=DIRECTION('',(1.,-1.86931409049225E-17,0.));
#8164=DIRECTION('',(0.,1.,0.));
#8165=DIRECTION('',(0.,1.,0.));
#8166=DIRECTION('',(0.,1.,0.));
#8167=DIRECTION('',(-1.,0.,0.));
#8168=DIRECTION('',(0.345707660946943,-0.938342268664581,0.));
#8169=DIRECTION('',(-1.,0.,0.));
#8170=DIRECTION('',(0.,-1.,0.));
#8171=DIRECTION('',(1.,0.,0.));
#8172=DIRECTION('',(1.,0.,0.));
#8173=DIRECTION('',(1.,0.,0.));
#8174=DIRECTION('',(0.,1.,0.));
#8175=DIRECTION('',(0.,0.,1.));
#8176=DIRECTION('',(-1.,0.,0.));
#8177=DIRECTION('',(0.,0.,-1.));
#8178=DIRECTION('',(0.,0.,-1.));
#8179=DIRECTION('',(0.,0.,-1.));
#8180=DIRECTION('',(0.,1.,0.));
#8181=DIRECTION('',(0.,0.,1.));
#8182=DIRECTION('',(-1.,0.,0.));
#8183=DIRECTION('',(0.,0.,-1.));
#8184=DIRECTION('',(0.,1.,0.));
#8185=DIRECTION('',(0.,0.,1.));
#8186=DIRECTION('',(0.,0.,-1.));
#8187=DIRECTION('',(-1.,0.,0.));
#8188=DIRECTION('',(0.,0.,1.));
#8189=DIRECTION('',(1.,0.,0.));
#8190=DIRECTION('',(0.,1.,0.));
#8191=DIRECTION('',(-0.345707660946943,-0.938342268664581,0.));
#8192=DIRECTION('',(-1.,0.,0.));
#8193=DIRECTION('',(0.,-1.,0.));
#8194=DIRECTION('',(0.,0.,-1.));
#8195=DIRECTION('',(0.,0.,1.));
#8196=DIRECTION('',(0.,0.,-1.));
#8197=DIRECTION('',(0.,-1.,0.));
#8198=DIRECTION('',(0.,0.,-1.));
#8199=DIRECTION('',(0.,1.,0.));
#8200=DIRECTION('',(1.,0.,0.));
#8201=DIRECTION('',(-1.,0.,0.));
#8202=DIRECTION('',(0.,0.,-1.));
#8203=DIRECTION('',(-1.,0.,0.));
#8204=DIRECTION('',(0.,0.,-1.));
#8205=DIRECTION('',(0.,0.,1.));
#8206=DIRECTION('',(1.,0.,0.));
#8207=DIRECTION('',(0.233445363855905,-0.972369920397677,0.));
#8208=DIRECTION('',(0.,-1.,0.));
#8209=DIRECTION('',(0.,0.,1.));
#8210=DIRECTION('',(1.,0.,0.));
#8211=DIRECTION('',(0.,-1.,0.));
#8212=DIRECTION('',(0.,0.,-1.));
#8213=DIRECTION('',(0.,1.,0.));
#8214=DIRECTION('',(1.,0.,0.));
#8215=DIRECTION('',(0.,0.,-1.));
#8216=DIRECTION('',(0.,0.,-1.));
#8217=DIRECTION('',(1.,0.,0.));
#8218=DIRECTION('',(0.,0.,-1.));
#8219=DIRECTION('',(-1.,0.,0.));
#8220=DIRECTION('',(0.,0.,-1.));
#8221=DIRECTION('',(-1.,0.,0.));
#8222=DIRECTION('',(0.,1.,0.));
#8223=DIRECTION('',(0.,0.,-1.));
#8224=DIRECTION('',(-1.,0.,0.));
#8225=DIRECTION('',(0.,-1.,0.));
#8226=DIRECTION('',(0.,-1.,0.));
#8227=DIRECTION('',(0.,0.,-1.));
#8228=DIRECTION('',(0.,1.,0.));
#8229=DIRECTION('',(1.,0.,0.));
#8230=DIRECTION('',(6.50521303491311E-15,0.,1.));
#8231=DIRECTION('',(0.,0.,1.));
#8232=DIRECTION('',(0.,0.,-1.));
#8233=DIRECTION('',(-1.,0.,0.));
#8234=DIRECTION('',(0.,1.,0.));
#8235=DIRECTION('',(-1.,0.,0.));
#8236=DIRECTION('',(0.,-1.,0.));
#8237=DIRECTION('',(0.,-1.,0.));
#8238=DIRECTION('',(0.345707660946943,0.938342268664581,0.));
#8239=DIRECTION('',(0.,0.,1.));
#8240=DIRECTION('',(1.,0.,0.));
#8241=DIRECTION('',(0.,1.,0.));
#8242=DIRECTION('',(-1.,0.,0.));
#8243=DIRECTION('',(0.,-1.,0.));
#8244=DIRECTION('',(-0.345707660946943,-0.938342268664581,0.));
#8245=DIRECTION('',(0.,1.,0.));
#8246=DIRECTION('',(0.,-1.,0.));
#8247=DIRECTION('',(0.,-1.,0.));
#8248=DIRECTION('',(0.,0.,-1.));
#8249=DIRECTION('',(0.,1.,0.));
#8250=DIRECTION('',(1.,0.,0.));
#8251=DIRECTION('',(0.,0.,-1.));
#8252=DIRECTION('',(0.,0.,-1.));
#8253=DIRECTION('',(-1.,0.,0.));
#8254=DIRECTION('',(0.,0.,1.));
#8255=DIRECTION('',(0.,1.,0.));
#8256=DIRECTION('',(1.,0.,0.));
#8257=DIRECTION('',(1.,0.,0.));
#8258=DIRECTION('',(0.,0.,-1.));
#8259=DIRECTION('',(-1.,0.,0.));
#8260=DIRECTION('',(-1.,0.,0.));
#8261=DIRECTION('',(1.,0.,0.));
#8262=DIRECTION('',(1.,0.,0.));
#8263=DIRECTION('',(0.,0.216780392340893,-0.976220395964215));
#8264=DIRECTION('',(0.,0.976220395964215,0.216780392340893));
#8265=DIRECTION('',(-1.,0.,0.));
#8266=DIRECTION('',(0.,1.,0.));
#8267=DIRECTION('',(0.,0.,1.));
#8268=DIRECTION('',(0.,-1.,0.));
#8269=DIRECTION('',(0.,0.,-1.));
#8270=DIRECTION('',(0.,-1.,0.));
#8271=DIRECTION('',(0.,0.,-1.));
#8272=DIRECTION('',(0.,1.,0.));
#8273=DIRECTION('',(0.,0.,1.));
#8274=DIRECTION('',(0.,1.,0.));
#8275=DIRECTION('',(0.,0.,1.));
#8276=DIRECTION('',(-1.,0.,0.));
#8277=DIRECTION('',(0.,1.,0.));
#8278=DIRECTION('',(1.,0.,0.));
#8279=DIRECTION('',(0.,0.,1.));
#8280=DIRECTION('',(0.,1.,0.));
#8281=DIRECTION('',(1.,0.,0.));
#8282=DIRECTION('',(1.,0.,0.));
#8283=DIRECTION('',(0.,1.,0.));
#8284=DIRECTION('',(1.,0.,0.));
#8285=DIRECTION('',(0.,0.,-1.));
#8286=DIRECTION('',(0.,1.,0.));
#8287=DIRECTION('',(1.,0.,0.));
#8288=DIRECTION('',(-1.,0.,0.));
#8289=DIRECTION('',(0.,1.,0.));
#8290=DIRECTION('',(1.,0.,0.));
#8291=DIRECTION('',(0.,0.,1.));
#8292=DIRECTION('',(0.,1.,0.));
#8293=DIRECTION('',(1.,0.,0.));
#8294=DIRECTION('',(1.,0.,0.));
#8295=DIRECTION('',(0.,1.,0.));
#8296=DIRECTION('',(1.,0.,0.));
#8297=DIRECTION('',(0.,0.,-1.));
#8298=DIRECTION('',(0.,1.,0.));
#8299=DIRECTION('',(1.,0.,0.));
#8300=DIRECTION('',(-1.,0.,0.));
#8301=DIRECTION('',(0.,1.,0.));
#8302=DIRECTION('',(1.,0.,0.));
#8303=DIRECTION('',(0.,0.,1.));
#8304=DIRECTION('',(0.,1.,0.));
#8305=DIRECTION('',(1.,0.,0.));
#8306=DIRECTION('',(1.,0.,0.));
#8307=DIRECTION('',(0.,1.,0.));
#8308=DIRECTION('',(1.,0.,0.));
#8309=DIRECTION('',(0.,0.,-1.));
#8310=DIRECTION('',(0.,1.,0.));
#8311=DIRECTION('',(1.,0.,0.));
#8312=DIRECTION('',(-1.,0.,0.));
#8313=DIRECTION('',(0.,1.,0.));
#8314=DIRECTION('',(1.,0.,0.));
#8315=DIRECTION('',(0.,0.,1.));
#8316=DIRECTION('',(0.,1.,0.));
#8317=DIRECTION('',(1.,0.,0.));
#8318=DIRECTION('',(1.,0.,0.));
#8319=DIRECTION('',(0.,1.,0.));
#8320=DIRECTION('',(1.,0.,0.));
#8321=DIRECTION('',(0.,0.,-1.));
#8322=DIRECTION('',(0.,1.,0.));
#8323=DIRECTION('',(1.,0.,0.));
#8324=DIRECTION('',(-1.,0.,0.));
#8325=DIRECTION('',(0.,0.216780392340893,0.976220395964215));
#8326=DIRECTION('',(0.,-0.976220395964215,0.216780392340893));
#8327=DIRECTION('',(-1.,0.,0.));
#8328=DIRECTION('',(0.,0.,1.));
#8329=DIRECTION('',(1.,0.,0.));
#8330=DIRECTION('',(-1.,0.,0.));
#8331=DIRECTION('',(0.,-1.,0.));
#8332=DIRECTION('',(0.,0.,-1.));
#8333=DIRECTION('',(-1.,0.,0.));
#8334=DIRECTION('',(0.,0.,1.));
#8335=DIRECTION('',(0.,0.,-1.));
#8336=DIRECTION('',(0.,-1.,0.));
#8337=DIRECTION('',(0.,0.,-1.));
#8338=DIRECTION('',(0.,0.,-1.));
#8339=DIRECTION('',(-1.,0.,0.));
#8340=DIRECTION('',(0.,0.,1.));
#8341=DIRECTION('',(0.,0.,-1.));
#8342=DIRECTION('',(-1.,0.,0.));
#8343=DIRECTION('',(-0.233445363855905,0.972369920397677,0.));
#8344=DIRECTION('',(0.345707660946943,0.938342268664581,0.));
#8345=DIRECTION('',(0.,0.,-1.));
#8346=DIRECTION('',(-1.,0.,0.));
#8347=DIRECTION('',(0.,1.,0.));
#8348=DIRECTION('',(0.345707660946943,-0.938342268664581,0.));
#8349=DIRECTION('',(0.,0.,1.));
#8350=DIRECTION('',(1.,0.,0.));
#8351=DIRECTION('',(0.,-1.,0.));
#8352=DIRECTION('',(-1.,0.,0.));
#8353=DIRECTION('',(-0.345707660946943,0.938342268664581,0.));
#8354=DIRECTION('',(0.,-1.,0.));
#8355=DIRECTION('',(0.,0.,-1.));
#8356=DIRECTION('',(0.,0.,-1.));
#8357=DIRECTION('',(0.,0.,1.));
#8358=DIRECTION('',(-0.938342268664581,0.345707660946943,0.));
#8359=DIRECTION('',(-0.345707660946943,-0.938342268664581,0.));
#8360=DIRECTION('',(0.,0.,1.));
#8361=DIRECTION('',(-0.938342268664581,0.345707660946943,0.));
#8362=DIRECTION('',(-0.345707660946943,-0.938342268664581,0.));
#8363=DIRECTION('',(0.,0.,1.));
#8364=DIRECTION('',(-1.,0.,0.));
#8365=DIRECTION('',(0.,0.,1.));
#8366=DIRECTION('',(1.,0.,0.));
#8367=DIRECTION('',(0.,0.,-1.));
#8368=DIRECTION('',(0.,0.,1.));
#8369=DIRECTION('',(0.,-1.,0.));
#8370=DIRECTION('',(0.,0.,-1.));
#8371=DIRECTION('',(0.,0.,-1.));
#8372=DIRECTION('',(1.,0.,0.));
#8373=DIRECTION('',(0.,0.,-1.));
#8374=DIRECTION('',(0.,0.,1.));
#8375=DIRECTION('',(1.,0.,0.));
#8376=DIRECTION('',(0.,0.,-1.));
#8377=DIRECTION('',(0.938342268664581,0.345707660946943,0.));
#8378=DIRECTION('',(-0.345707660946943,0.938342268664581,0.));
#8379=DIRECTION('',(-0.345707660946943,0.938342268664581,0.));
#8380=DIRECTION('',(0.938342268664581,0.345707660946943,0.));
#8381=DIRECTION('',(-0.345707660946943,0.938342268664581,0.));
#8382=DIRECTION('',(-0.345707660946943,0.938342268664581,0.));
#8383=DIRECTION('',(-1.,0.,0.));
#8384=DIRECTION('',(0.,0.,1.));
#8385=DIRECTION('',(-1.,0.,0.));
#8386=DIRECTION('',(0.,0.,1.));
#8387=DIRECTION('',(-1.,0.,0.));
#8388=DIRECTION('',(0.,0.,1.));
#8389=DIRECTION('',(0.,0.,-1.));
#8390=DIRECTION('',(-1.,0.,0.));
#8391=DIRECTION('',(0.,0.,-1.));
#8392=DIRECTION('',(-1.,0.,0.));
#8393=DIRECTION('',(0.,-1.,0.));
#8394=DIRECTION('',(0.,0.,-1.));
#8395=DIRECTION('',(-1.,0.,0.));
#8396=DIRECTION('',(0.,-1.,0.));
#8397=DIRECTION('',(1.,0.,0.));
#8398=DIRECTION('',(0.,0.,-1.));
#8399=DIRECTION('',(0.,0.,1.));
#8400=DIRECTION('',(1.,0.,0.));
#8401=DIRECTION('',(0.,0.,1.));
#8402=DIRECTION('',(1.,0.,0.));
#8403=DIRECTION('',(0.,-1.,0.));
#8404=DIRECTION('',(0.,0.,1.));
#8405=DIRECTION('',(1.,0.,0.));
#8406=DIRECTION('',(0.,1.,0.));
#8407=DIRECTION('',(1.,0.,0.));
#8408=DIRECTION('',(0.,0.,-1.));
#8409=DIRECTION('',(-1.,0.,0.));
#8410=DIRECTION('',(0.,0.,1.));
#8411=DIRECTION('',(0.,0.,-1.));
#8412=DIRECTION('',(-1.,0.,0.));
#8413=DIRECTION('',(0.,0.,-1.));
#8414=DIRECTION('',(1.,0.,0.));
#8415=DIRECTION('',(0.,0.,-1.));
#8416=DIRECTION('',(0.,0.,-1.));
#8417=DIRECTION('',(0.,0.,-1.));
#8418=DIRECTION('',(-1.,0.,0.));
#8419=DIRECTION('',(0.,0.,-1.));
#8420=DIRECTION('',(-1.,0.,0.));
#8421=DIRECTION('',(0.,0.,-1.));
#8422=DIRECTION('',(-1.,0.,0.));
#8423=DIRECTION('',(0.,0.,1.));
#8424=DIRECTION('',(0.,0.,-1.));
#8425=DIRECTION('',(0.,0.,-1.));
#8426=DIRECTION('',(-1.,0.,0.));
#8427=DIRECTION('',(-0.972369920397677,-0.233445363855905,0.));
#8428=DIRECTION('',(0.233445363855905,-0.972369920397677,0.));
#8429=DIRECTION('',(0.,0.,1.));
#8430=DIRECTION('',(0.,0.,1.));
#8431=DIRECTION('',(1.,0.,0.));
#8432=DIRECTION('',(0.,0.,1.));
#8433=DIRECTION('',(1.,0.,0.));
#8434=DIRECTION('',(0.,0.,1.));
#8435=DIRECTION('',(1.,0.,0.));
#8436=DIRECTION('',(0.,0.,-1.));
#8437=DIRECTION('',(0.,0.,1.));
#8438=DIRECTION('',(0.,0.,1.));
#8439=DIRECTION('',(1.,0.,0.));
#8440=DIRECTION('',(1.,0.,0.));
#8441=DIRECTION('',(0.,0.,-1.));
#8442=DIRECTION('',(0.,-1.,0.));
#8443=DIRECTION('',(0.,0.,-1.));
#8444=DIRECTION('',(-1.,0.,0.));
#8445=DIRECTION('',(1.,0.,0.));
#8446=DIRECTION('',(0.,0.,-1.));
#8447=DIRECTION('',(1.,0.,0.));
#8448=DIRECTION('',(0.,0.,-1.));
#8449=DIRECTION('',(-1.,0.,0.));
#8450=DIRECTION('',(0.,0.,1.));
#8451=DIRECTION('',(1.,0.,0.));
#8452=DIRECTION('',(0.,0.,-1.));
#8453=DIRECTION('',(0.,1.,0.));
#8454=DIRECTION('',(0.,0.,1.));
#8455=DIRECTION('',(0.,1.,0.));
#8456=DIRECTION('',(0.,1.,0.));
#8457=DIRECTION('',(1.,0.,0.));
#8458=DIRECTION('',(0.,1.,0.));
#8459=DIRECTION('',(-1.,0.,0.));
#8460=DIRECTION('',(0.,0.,1.));
#8461=DIRECTION('',(0.,0.,1.));
#8462=DIRECTION('',(0.,1.,0.));
#8463=DIRECTION('',(0.,1.,0.));
#8464=DIRECTION('',(0.,0.,1.));
#8465=DIRECTION('',(0.,1.,0.));
#8466=DIRECTION('',(1.,0.,0.));
#8467=DIRECTION('',(0.,1.,0.));
#8468=DIRECTION('',(0.,0.,1.));
#8469=DIRECTION('',(1.,0.,0.));
#8470=DIRECTION('',(1.,0.,0.));
#8471=DIRECTION('',(0.,1.,0.));
#8472=DIRECTION('',(0.,1.,0.));
#8473=DIRECTION('',(0.,0.,1.));
#8474=DIRECTION('',(0.,1.,0.));
#8475=DIRECTION('',(1.,0.,0.));
#8476=DIRECTION('',(0.,1.,0.));
#8477=DIRECTION('',(1.,0.,0.));
#8478=DIRECTION('',(0.,0.,-1.));
#8479=DIRECTION('',(0.,0.,-1.));
#8480=DIRECTION('',(0.,1.,0.));
#8481=DIRECTION('',(0.,1.,0.));
#8482=DIRECTION('',(0.,0.,1.));
#8483=DIRECTION('',(0.,1.,0.));
#8484=DIRECTION('',(1.,0.,0.));
#8485=DIRECTION('',(0.,1.,0.));
#8486=DIRECTION('',(0.,0.,-1.));
#8487=DIRECTION('',(-1.,0.,0.));
#8488=DIRECTION('',(-1.,0.,0.));
#8489=DIRECTION('',(0.,1.,0.));
#8490=DIRECTION('',(0.,0.,1.));
#8491=DIRECTION('',(0.,1.,0.));
#8492=DIRECTION('',(0.,0.,1.));
#8493=DIRECTION('',(0.,1.,0.));
#8494=DIRECTION('',(0.,1.,0.));
#8495=DIRECTION('',(1.,0.,0.));
#8496=DIRECTION('',(0.,1.,0.));
#8497=DIRECTION('',(-1.,0.,0.));
#8498=DIRECTION('',(0.,0.,1.));
#8499=DIRECTION('',(0.,0.,1.));
#8500=DIRECTION('',(0.,1.,0.));
#8501=DIRECTION('',(0.,1.,0.));
#8502=DIRECTION('',(0.,0.,1.));
#8503=DIRECTION('',(0.,1.,0.));
#8504=DIRECTION('',(1.,0.,0.));
#8505=DIRECTION('',(0.,1.,0.));
#8506=DIRECTION('',(0.,0.,1.));
#8507=DIRECTION('',(1.,0.,0.));
#8508=DIRECTION('',(1.,0.,0.));
#8509=DIRECTION('',(0.,1.,0.));
#8510=DIRECTION('',(0.,1.,0.));
#8511=DIRECTION('',(0.,0.,1.));
#8512=DIRECTION('',(0.,1.,0.));
#8513=DIRECTION('',(1.,0.,0.));
#8514=DIRECTION('',(0.,1.,0.));
#8515=DIRECTION('',(1.,0.,0.));
#8516=DIRECTION('',(0.,0.,-1.));
#8517=DIRECTION('',(0.,0.,-1.));
#8518=DIRECTION('',(0.,1.,0.));
#8519=DIRECTION('',(0.,1.,0.));
#8520=DIRECTION('',(0.,0.,1.));
#8521=DIRECTION('',(0.,1.,0.));
#8522=DIRECTION('',(1.,0.,0.));
#8523=DIRECTION('',(0.,1.,0.));
#8524=DIRECTION('',(0.,0.,-1.));
#8525=DIRECTION('',(-1.,0.,0.));
#8526=DIRECTION('',(-1.,0.,0.));
#8527=DIRECTION('',(0.,1.,0.));
#8528=DIRECTION('',(0.,0.,1.));
#8529=DIRECTION('',(0.,1.,0.));
#8530=DIRECTION('',(0.,0.,1.));
#8531=DIRECTION('',(0.,1.,0.));
#8532=DIRECTION('',(0.,1.,0.));
#8533=DIRECTION('',(1.,0.,0.));
#8534=DIRECTION('',(0.,1.,0.));
#8535=DIRECTION('',(-1.,0.,0.));
#8536=DIRECTION('',(0.,0.,1.));
#8537=DIRECTION('',(0.,0.,1.));
#8538=DIRECTION('',(0.,1.,0.));
#8539=DIRECTION('',(0.,1.,0.));
#8540=DIRECTION('',(0.,0.,1.));
#8541=DIRECTION('',(0.,1.,0.));
#8542=DIRECTION('',(1.,0.,0.));
#8543=DIRECTION('',(0.,1.,0.));
#8544=DIRECTION('',(0.,0.,1.));
#8545=DIRECTION('',(1.,0.,0.));
#8546=DIRECTION('',(1.,0.,0.));
#8547=DIRECTION('',(0.,1.,0.));
#8548=DIRECTION('',(0.,1.,0.));
#8549=DIRECTION('',(0.,0.,1.));
#8550=DIRECTION('',(0.,1.,0.));
#8551=DIRECTION('',(1.,0.,0.));
#8552=DIRECTION('',(0.,1.,0.));
#8553=DIRECTION('',(1.,0.,0.));
#8554=DIRECTION('',(0.,0.,-1.));
#8555=DIRECTION('',(0.,0.,-1.));
#8556=DIRECTION('',(0.,1.,0.));
#8557=DIRECTION('',(0.,1.,0.));
#8558=DIRECTION('',(0.,0.,1.));
#8559=DIRECTION('',(0.,1.,0.));
#8560=DIRECTION('',(1.,0.,0.));
#8561=DIRECTION('',(0.,1.,0.));
#8562=DIRECTION('',(0.,0.,-1.));
#8563=DIRECTION('',(-1.,0.,0.));
#8564=DIRECTION('',(-1.,0.,0.));
#8565=DIRECTION('',(0.,1.,0.));
#8566=DIRECTION('',(0.,0.,1.));
#8567=DIRECTION('',(0.,1.,0.));
#8568=DIRECTION('',(0.,0.,1.));
#8569=DIRECTION('',(0.,1.,0.));
#8570=DIRECTION('',(0.,1.,0.));
#8571=DIRECTION('',(1.,0.,0.));
#8572=DIRECTION('',(0.,1.,0.));
#8573=DIRECTION('',(-1.,0.,0.));
#8574=DIRECTION('',(0.,0.,1.));
#8575=DIRECTION('',(0.,0.,1.));
#8576=DIRECTION('',(0.,1.,0.));
#8577=DIRECTION('',(0.,1.,0.));
#8578=DIRECTION('',(0.,0.,1.));
#8579=DIRECTION('',(0.,1.,0.));
#8580=DIRECTION('',(1.,0.,0.));
#8581=DIRECTION('',(0.,1.,0.));
#8582=DIRECTION('',(0.,0.,1.));
#8583=DIRECTION('',(1.,0.,0.));
#8584=DIRECTION('',(1.,0.,0.));
#8585=DIRECTION('',(0.,1.,0.));
#8586=DIRECTION('',(0.,1.,0.));
#8587=DIRECTION('',(0.,0.,1.));
#8588=DIRECTION('',(0.,1.,0.));
#8589=DIRECTION('',(1.,0.,0.));
#8590=DIRECTION('',(0.,1.,0.));
#8591=DIRECTION('',(1.,0.,0.));
#8592=DIRECTION('',(0.,0.,-1.));
#8593=DIRECTION('',(0.,0.,-1.));
#8594=DIRECTION('',(0.,1.,0.));
#8595=DIRECTION('',(0.,1.,0.));
#8596=DIRECTION('',(0.,0.,1.));
#8597=DIRECTION('',(0.,1.,0.));
#8598=DIRECTION('',(1.,0.,0.));
#8599=DIRECTION('',(0.,1.,0.));
#8600=DIRECTION('',(0.,0.,-1.));
#8601=DIRECTION('',(-1.,0.,0.));
#8602=DIRECTION('',(-1.,0.,0.));
#8603=DIRECTION('',(0.,1.,0.));
#8604=DIRECTION('',(0.,0.,1.));
#8605=DIRECTION('',(0.,1.,0.));
#8606=DIRECTION('',(0.,0.,1.));
#8607=DIRECTION('',(0.,1.,0.));
#8608=DIRECTION('',(0.,0.,1.));
#8609=DIRECTION('',(0.,1.,0.));
#8610=DIRECTION('',(0.,0.,1.));
#8611=DIRECTION('',(0.,1.,0.));
#8612=DIRECTION('',(0.,0.,1.));
#8613=DIRECTION('',(0.,1.,0.));
#8614=DIRECTION('',(0.,0.,1.));
#8615=DIRECTION('',(0.,1.,0.));
#8616=DIRECTION('',(0.,0.,1.));
#8617=DIRECTION('',(0.,1.,0.));
#8618=DIRECTION('',(0.,0.,1.));
#8619=DIRECTION('',(0.,1.,0.));
#8620=DIRECTION('',(0.,0.,1.));
#8621=DIRECTION('',(0.,1.,0.));
#8622=DIRECTION('',(0.,0.,1.));
#8623=DIRECTION('',(0.,1.,0.));
#8624=DIRECTION('',(0.,0.,1.));
#8625=DIRECTION('',(0.,-1.,0.));
#8626=DIRECTION('',(0.,0.,-1.));
#8627=DIRECTION('',(0.,-1.,0.));
#8628=DIRECTION('',(0.,0.,-1.));
#8629=DIRECTION('',(0.,-1.,0.));
#8630=DIRECTION('',(0.,0.,-1.));
#8631=DIRECTION('',(0.,-1.,0.));
#8632=DIRECTION('',(0.,0.,-1.));
#8633=DIRECTION('',(0.,-1.,0.));
#8634=DIRECTION('',(0.,0.,-1.));
#8635=DIRECTION('',(0.,-1.,0.));
#8636=DIRECTION('',(0.,0.,-1.));
#8637=DIRECTION('',(-1.,0.,0.));
#8638=DIRECTION('',(0.,0.,1.));
#8639=DIRECTION('',(0.,0.,-1.));
#8640=DIRECTION('',(1.,0.,0.));
#8641=DIRECTION('',(0.,0.,-1.));
#8642=DIRECTION('',(0.,0.,1.));
#8643=DIRECTION('',(1.,0.,0.));
#8644=DIRECTION('',(0.,0.,-1.));
#8645=DIRECTION('',(0.,0.,-1.));
#8646=DIRECTION('',(1.,0.,0.));
#8647=DIRECTION('',(0.,0.,-1.));
#8648=DIRECTION('',(0.,0.,1.));
#8649=DIRECTION('',(1.,0.,0.));
#8650=DIRECTION('',(0.,0.,-1.));
#8651=DIRECTION('',(0.,1.,0.));
#8652=DIRECTION('',(0.,0.,1.));
#8653=DIRECTION('',(0.,1.,0.));
#8654=DIRECTION('',(0.,1.,0.));
#8655=DIRECTION('',(0.,0.,1.));
#8656=DIRECTION('',(0.,1.,0.));
#8657=DIRECTION('',(0.,0.,1.));
#8658=DIRECTION('',(1.,0.,0.));
#8659=DIRECTION('',(0.,1.,0.));
#8660=DIRECTION('',(0.,1.,0.));
#8661=DIRECTION('',(0.,0.,1.));
#8662=DIRECTION('',(0.,1.,0.));
#8663=DIRECTION('',(-1.,0.,0.));
#8664=DIRECTION('',(0.,0.,1.));
#8665=DIRECTION('',(1.,0.,0.));
#8666=DIRECTION('',(0.,0.,-1.));
#8667=DIRECTION('',(0.,1.,0.));
#8668=DIRECTION('',(0.,1.,0.));
#8669=DIRECTION('',(0.,0.,1.));
#8670=DIRECTION('',(0.,0.,1.));
#8671=DIRECTION('',(1.,0.,0.));
#8672=DIRECTION('',(-1.,0.,0.));
#8673=DIRECTION('',(0.,0.,1.));
#8674=DIRECTION('',(1.,0.,0.));
#8675=DIRECTION('',(1.,0.,0.));
#8676=DIRECTION('',(0.,0.,1.));
#8677=DIRECTION('',(1.,0.,0.));
#8678=DIRECTION('',(0.,1.,0.));
#8679=DIRECTION('',(0.,0.,1.));
#8680=DIRECTION('',(0.,1.,0.));
#8681=DIRECTION('',(-1.,0.,0.));
#8682=DIRECTION('',(0.,0.,1.));
#8683=DIRECTION('',(1.,0.,0.));
#8684=DIRECTION('',(0.,0.,-1.));
#8685=DIRECTION('',(0.,1.,0.));
#8686=DIRECTION('',(0.,1.,0.));
#8687=DIRECTION('',(0.,0.,1.));
#8688=DIRECTION('',(0.,1.,0.));
#8689=DIRECTION('',(0.,0.,1.));
#8690=DIRECTION('',(1.,0.,0.));
#8691=DIRECTION('',(0.,1.,0.));
#8692=DIRECTION('',(0.,1.,0.));
#8693=DIRECTION('',(0.,0.,1.));
#8694=DIRECTION('',(0.,1.,0.));
#8695=DIRECTION('',(0.,1.,0.));
#8696=DIRECTION('',(0.,0.,1.));
#8697=DIRECTION('',(0.,1.,0.));
#8698=DIRECTION('',(0.,0.,1.));
#8699=DIRECTION('',(1.,0.,0.));
#8700=DIRECTION('',(0.,0.,1.));
#8701=DIRECTION('',(1.,0.,0.));
#8702=DIRECTION('',(0.,-1.,0.));
#8703=DIRECTION('',(0.,0.,-1.));
#8704=DIRECTION('',(-1.,0.,0.));
#8705=DIRECTION('',(0.,0.,-1.));
#8706=DIRECTION('',(-1.,0.,0.));
#8707=DIRECTION('',(0.,1.,0.));
#8708=DIRECTION('',(0.,1.,0.));
#8709=DIRECTION('',(0.,1.,0.));
#8710=DIRECTION('',(0.,0.,1.));
#8711=DIRECTION('',(0.,1.,0.));
#8712=DIRECTION('',(0.,1.,0.));
#8713=DIRECTION('',(0.,0.,1.));
#8714=DIRECTION('',(0.,1.,0.));
#8715=DIRECTION('',(0.,0.,-1.));
#8716=DIRECTION('',(-1.,0.,0.));
#8717=DIRECTION('',(0.,1.,0.));
#8718=DIRECTION('',(0.,1.,0.));
#8719=DIRECTION('',(0.,0.,1.));
#8720=DIRECTION('',(0.,1.,0.));
#8721=DIRECTION('',(1.,0.,-5.78241158658921E-15));
#8722=DIRECTION('',(-5.78241158658921E-15,0.,-1.));
#8723=DIRECTION('',(-1.,0.,6.50521303491311E-15));
#8724=DIRECTION('',(6.50521303491311E-15,0.,1.));
#8725=DIRECTION('',(0.,1.,0.));
#8726=DIRECTION('',(0.,1.,0.));
#8727=DIRECTION('',(0.,0.,1.));
#8728=DIRECTION('',(0.,1.,0.));
#8729=DIRECTION('',(0.,0.,-1.));
#8730=DIRECTION('',(-1.,0.,0.));
#8731=DIRECTION('',(0.,1.,0.));
#8732=DIRECTION('',(0.,1.,0.));
#8733=DIRECTION('',(0.,0.,1.));
#8734=DIRECTION('',(0.,1.,0.));
#8735=DIRECTION('',(-1.,0.,0.));
#8736=DIRECTION('',(0.,0.,1.));
#8737=DIRECTION('',(1.,0.,0.));
#8738=DIRECTION('',(0.,0.,-1.));
#8739=DIRECTION('',(0.,0.,-1.));
#8740=DIRECTION('',(1.,0.,0.));
#8741=DIRECTION('',(0.,0.,-1.));
#8742=DIRECTION('',(0.,1.,0.));
#8743=DIRECTION('',(0.,0.,-1.));
#8744=DIRECTION('',(-1.,0.,0.));
#8745=DIRECTION('',(0.,1.,0.));
#8746=DIRECTION('',(0.,1.,0.));
#8747=DIRECTION('',(0.,0.,1.));
#8748=DIRECTION('',(0.,1.,0.));
#8749=DIRECTION('',(0.,1.,0.));
#8750=DIRECTION('',(0.,0.,1.));
#8751=DIRECTION('',(0.,1.,0.));
#8752=DIRECTION('',(0.,0.,1.));
#8753=DIRECTION('',(0.,1.,0.));
#8754=DIRECTION('',(0.,1.,0.));
#8755=DIRECTION('',(0.,0.,-1.));
#8756=DIRECTION('',(-1.,0.,0.));
#8757=DIRECTION('',(0.,1.,0.));
#8758=DIRECTION('',(0.,1.,0.));
#8759=DIRECTION('',(0.,0.,1.));
#8760=DIRECTION('',(0.,1.,0.));
#8761=DIRECTION('',(1.,0.,0.));
#8762=DIRECTION('',(0.,0.,-1.));
#8763=DIRECTION('',(0.,1.,0.));
#8764=DIRECTION('',(0.,1.,0.));
#8765=DIRECTION('',(0.,0.,1.));
#8766=DIRECTION('',(0.,1.,0.));
#8767=DIRECTION('',(0.,0.,1.));
#8768=DIRECTION('',(1.,0.,0.));
#8769=DIRECTION('',(0.,1.,0.));
#8770=DIRECTION('',(0.,1.,0.));
#8771=DIRECTION('',(0.,0.,1.));
#8772=DIRECTION('',(0.,1.,0.));
#8773=DIRECTION('',(-1.,0.,0.));
#8774=DIRECTION('',(0.,0.,1.));
#8775=DIRECTION('',(1.,0.,0.));
#8776=DIRECTION('',(0.,0.,-1.));
#8777=DIRECTION('',(1.,0.,0.));
#8778=DIRECTION('',(0.,0.,-1.));
#8779=DIRECTION('',(1.,0.,0.));
#8780=DIRECTION('',(0.,0.,-1.));
#8781=DIRECTION('',(1.,0.,0.));
#8782=DIRECTION('',(0.,0.,-1.));
#8783=DIRECTION('',(1.,0.,0.));
#8784=DIRECTION('',(0.,-1.,0.));
#8785=DIRECTION('',(0.,0.,-1.));
#8786=DIRECTION('',(1.,0.,0.));
#8787=DIRECTION('',(1.,0.,0.));
#8788=DIRECTION('',(0.,0.,-1.));
#8789=DIRECTION('',(0.,1.,0.));
#8790=DIRECTION('',(0.,0.,1.));
#8791=DIRECTION('',(1.,0.,0.));
#8792=DIRECTION('',(1.,0.,0.));
#8793=DIRECTION('',(0.,0.,-1.));
#8794=DIRECTION('',(1.,0.,0.));
#8795=DIRECTION('',(0.,0.,-1.));
#8796=DIRECTION('',(1.,0.,0.));
#8797=DIRECTION('',(0.,1.,0.));
#8798=DIRECTION('',(0.,0.,1.));
#8799=DIRECTION('',(1.,0.,0.));
#8800=DIRECTION('',(0.,0.,-1.));
#8801=DIRECTION('',(1.,0.,0.));
#8802=DIRECTION('',(0.,0.,-1.));
#8803=DIRECTION('',(1.,0.,0.));
#8804=DIRECTION('',(0.,0.,-1.));
#8805=DIRECTION('',(-1.,0.,0.));
#8806=DIRECTION('',(0.,0.,1.));
#8807=DIRECTION('',(-1.,0.,0.));
#8808=DIRECTION('',(0.,1.,0.));
#8809=DIRECTION('',(0.,0.,1.));
#8810=DIRECTION('',(-1.,0.,0.));
#8811=DIRECTION('',(-1.,0.,0.));
#8812=DIRECTION('',(0.,0.,1.));
#8813=DIRECTION('',(0.,-1.,0.));
#8814=DIRECTION('',(0.,0.,-1.));
#8815=DIRECTION('',(-1.,0.,0.));
#8816=DIRECTION('',(-1.,0.,0.));
#8817=DIRECTION('',(0.,0.,1.));
#8818=DIRECTION('',(-1.,0.,0.));
#8819=DIRECTION('',(0.,0.,1.));
#8820=DIRECTION('',(-1.,0.,0.));
#8821=DIRECTION('',(0.,-1.,0.));
#8822=DIRECTION('',(0.,0.,-1.));
#8823=DIRECTION('',(0.,0.,-1.));
#8824=DIRECTION('',(-1.,0.,0.));
#8825=DIRECTION('',(0.,0.,-1.));
#8826=DIRECTION('',(-1.,0.,0.));
#8827=DIRECTION('',(0.,0.,1.));
#8828=DIRECTION('',(1.,0.,0.));
#8829=DIRECTION('',(0.,0.,1.));
#8830=DIRECTION('',(1.,0.,0.));
#8831=DIRECTION('',(1.,0.,0.));
#8832=DIRECTION('',(0.,0.,1.));
#8833=DIRECTION('',(1.,0.,0.));
#8834=DIRECTION('',(0.,0.,1.));
#8835=DIRECTION('',(1.,0.,0.));
#8836=DIRECTION('',(0.,0.,1.));
#8837=DIRECTION('',(0.,-1.,0.));
#8838=DIRECTION('',(0.,0.,-1.));
#8839=DIRECTION('',(0.,0.,1.));
#8840=DIRECTION('',(0.,0.,1.));
#8841=DIRECTION('',(1.,0.,0.));
#8842=DIRECTION('',(-1.,0.,0.));
#8843=DIRECTION('',(0.,0.,1.));
#8844=DIRECTION('',(1.,0.,0.));
#8845=DIRECTION('',(0.,0.,-1.));
#8846=DIRECTION('',(1.,0.,0.));
#8847=DIRECTION('',(0.,0.,-1.));
#8848=DIRECTION('',(1.,0.,0.));
#8849=DIRECTION('',(1.,0.,0.));
#8850=DIRECTION('',(0.,0.,-1.));
#8851=DIRECTION('',(1.,0.,0.));
#8852=DIRECTION('',(0.,0.,-1.));
#8853=DIRECTION('',(1.,0.,0.));
#8854=DIRECTION('',(1.,0.,0.));
#8855=DIRECTION('',(0.,0.,-1.));
#8856=DIRECTION('',(0.,-1.,0.));
#8857=DIRECTION('',(1.22464679914735E-16,0.,-1.));
#8858=DIRECTION('',(0.,-1.,0.));
#8859=DIRECTION('',(0.,1.,0.));
#8860=DIRECTION('',(0.,0.,1.));
#8861=DIRECTION('',(1.,0.,1.91724522101769E-16));
#8862=DIRECTION('',(1.22464679914735E-16,0.,-1.));
#8863=DIRECTION('',(1.,0.,1.91724522101769E-16));
#8864=DIRECTION('',(0.,1.,0.));
#8865=DIRECTION('',(1.,0.,0.));
#8866=DIRECTION('',(0.676618982094545,0.,0.736333316555309));
#8867=DIRECTION('',(0.,1.,0.));
#8868=DIRECTION('',(1.,0.,0.));
#8869=DIRECTION('',(0.73633331655531,0.,-0.676618982094545));
#8870=DIRECTION('',(-0.676618982094545,0.,-0.73633331655531));
#8871=DIRECTION('',(-0.736333316555309,0.,0.676618982094545));
#8872=DIRECTION('',(0.,1.,0.));
#8873=DIRECTION('',(1.,0.,0.));
#8874=DIRECTION('',(-0.676618982094545,0.,-0.73633331655531));
#8875=DIRECTION('',(0.,1.,0.));
#8876=DIRECTION('',(1.,0.,0.));
#8877=DIRECTION('',(0.,-1.,0.));
#8878=DIRECTION('',(0.,0.,-1.));
#8879=DIRECTION('',(-1.,0.,-1.24099780020061E-16));
#8880=DIRECTION('',(0.,1.,0.));
#8881=DIRECTION('',(1.,0.,0.));
#8882=DIRECTION('',(-0.676618982094545,0.,-0.73633331655531));
#8883=DIRECTION('',(0.,1.,0.));
#8884=DIRECTION('',(1.,0.,0.));
#8885=DIRECTION('',(-0.736333316555309,0.,0.676618982094545));
#8886=DIRECTION('',(-0.676618982094545,0.,-0.73633331655531));
#8887=DIRECTION('',(0.73633331655531,0.,-0.676618982094545));
#8888=DIRECTION('',(0.,1.,0.));
#8889=DIRECTION('',(1.,0.,0.));
#8890=DIRECTION('',(0.676618982094545,0.,0.736333316555309));
#8891=DIRECTION('',(0.,1.,0.));
#8892=DIRECTION('',(1.,0.,0.));
#8893=DIRECTION('',(-1.,0.,-1.24099780020061E-16));
#8894=DIRECTION('',(1.22464679914735E-16,0.,-1.));
#8895=DIRECTION('',(1.22464679914735E-16,0.,-1.));
#8896=DIRECTION('',(-1.,0.,-1.22464679914735E-16));
#8897=DIRECTION('',(1.22464679914735E-16,0.,-1.));
#8898=DIRECTION('',(-1.,0.,-1.22464679914735E-16));
#8899=DIRECTION('',(1.22464679914735E-16,0.,-1.));
#8900=DIRECTION('',(-1.,0.,-1.22464679914735E-16));
#8901=DIRECTION('',(1.22464679914735E-16,0.,-1.));
#8902=DIRECTION('',(-0.942641491092179,-0.333806859233771,-1.15440288480952E-16));
#8903=DIRECTION('',(0.333806859233771,-0.942641491092179,0.));
#8904=DIRECTION('',(-0.33380685923377,0.942641491092178,0.));
#8905=DIRECTION('',(-0.33380685923377,0.942641491092178,0.));
#8906=DIRECTION('',(1.22464679914735E-16,0.,-1.));
#8907=DIRECTION('',(-1.,0.,-1.22464679914735E-16));
#8908=DIRECTION('',(1.22464679914735E-16,0.,-1.));
#8909=DIRECTION('',(-1.,0.,-1.22464679914735E-16));
#8910=DIRECTION('',(1.22464679914735E-16,0.,-1.));
#8911=DIRECTION('',(-1.,0.,-1.22464679914735E-16));
#8912=DIRECTION('',(1.22464679914735E-16,0.,-1.));
#8913=DIRECTION('',(-1.,0.,-1.22464679914735E-16));
#8914=DIRECTION('',(0.,1.,0.));
#8915=DIRECTION('',(1.22464679914735E-16,0.,-1.));
#8916=DIRECTION('',(-1.,0.,-1.22464679914735E-16));
#8917=DIRECTION('',(0.,1.,0.));
#8918=DIRECTION('',(0.,1.,0.));
#8919=DIRECTION('',(0.,0.,1.));
#8920=DIRECTION('',(0.,1.,0.));
#8921=DIRECTION('',(-0.736333316555309,0.,0.676618982094545));
#8922=DIRECTION('',(0.676618982094545,0.,0.736333316555309));
#8923=DIRECTION('',(0.,1.,0.));
#8924=DIRECTION('',(0.,1.,0.));
#8925=DIRECTION('',(0.,0.,1.));
#8926=DIRECTION('',(0.,1.,0.));
#8927=DIRECTION('',(0.676618982094545,0.,0.73633331655531));
#8928=DIRECTION('',(0.73633331655531,0.,-0.676618982094545));
#8929=DIRECTION('',(0.,1.,0.));
#8930=DIRECTION('',(0.736333316555309,0.,-0.676618982094545));
#8931=DIRECTION('',(-0.676618982094545,0.,-0.736333316555309));
#8932=DIRECTION('',(0.,1.,0.));
#8933=DIRECTION('',(-0.676618982094545,0.,-0.736333316555309));
#8934=DIRECTION('',(-0.736333316555309,0.,0.676618982094545));
#8935=DIRECTION('',(0.,1.,0.));
#8936=DIRECTION('',(0.,1.,0.));
#8937=DIRECTION('',(0.,0.,1.));
#8938=DIRECTION('',(0.,1.,0.));
#8939=DIRECTION('',(0.73633331655531,0.,-0.676618982094545));
#8940=DIRECTION('',(-0.676618982094545,0.,-0.73633331655531));
#8941=DIRECTION('',(0.,1.,0.));
#8942=DIRECTION('',(0.,1.,0.));
#8943=DIRECTION('',(0.,0.,1.));
#8944=DIRECTION('',(1.,0.,0.));
#8945=DIRECTION('',(0.,0.,-1.));
#8946=DIRECTION('',(1.,0.,0.));
#8947=DIRECTION('',(0.,0.,-1.));
#8948=DIRECTION('',(1.,0.,0.));
#8949=DIRECTION('',(1.,0.,0.));
#8950=DIRECTION('',(0.,0.,-1.));
#8951=DIRECTION('',(0.,0.,-1.));
#8952=DIRECTION('',(-1.,0.,0.));
#8953=DIRECTION('',(0.,1.,0.));
#8954=DIRECTION('',(1.,0.,0.));
#8955=DIRECTION('',(0.,1.,0.));
#8956=DIRECTION('',(1.,0.,0.));
#8957=DIRECTION('',(0.,0.,-1.));
#8958=DIRECTION('',(1.,0.,0.));
#8959=DIRECTION('',(0.,0.,-1.));
#8960=DIRECTION('',(1.,0.,0.));
#8961=DIRECTION('',(1.,0.,0.));
#8962=DIRECTION('',(0.,0.,-1.));
#8963=DIRECTION('',(0.,1.,0.));
#8964=DIRECTION('',(0.,0.,1.));
#8965=DIRECTION('',(0.,0.,1.));
#8966=DIRECTION('',(1.,0.,0.));
#8967=DIRECTION('',(0.,0.,1.));
#8968=DIRECTION('',(0.,0.,-1.));
#8969=DIRECTION('',(-1.,0.,0.));
#8970=DIRECTION('',(0.,1.,0.));
#8971=DIRECTION('',(1.,0.,0.));
#8972=DIRECTION('',(0.,1.,0.));
#8973=DIRECTION('',(0.,-1.,0.));
#8974=DIRECTION('',(0.,0.,-1.));
#8975=DIRECTION('',(0.,0.,-1.));
#8976=DIRECTION('',(1.,0.,0.));
#8977=DIRECTION('',(0.,0.,-1.));
#8978=DIRECTION('',(1.,0.,0.));
#8979=DIRECTION('',(0.,0.,-1.));
#8980=DIRECTION('',(1.,0.,0.));
#8981=DIRECTION('',(0.,0.,-1.));
#8982=DIRECTION('',(1.,0.,0.));
#8983=DIRECTION('',(1.,0.,0.));
#8984=DIRECTION('',(0.,0.,-1.));
#8985=DIRECTION('',(0.,0.,1.));
#8986=DIRECTION('',(1.,0.,0.));
#8987=DIRECTION('',(0.,-1.,0.));
#8988=DIRECTION('',(1.,0.,0.));
#8989=DIRECTION('',(0.,-1.,0.));
#8990=DIRECTION('',(1.,0.,0.));
#8991=DIRECTION('',(0.,0.,-1.));
#8992=DIRECTION('',(1.,0.,0.));
#8993=DIRECTION('',(0.,0.,-1.));
#8994=DIRECTION('',(1.,0.,0.));
#8995=DIRECTION('',(0.,0.,-1.));
#8996=DIRECTION('',(1.,0.,0.));
#8997=DIRECTION('',(0.,0.,-1.));
#8998=DIRECTION('',(1.,0.,0.));
#8999=DIRECTION('',(0.,0.,-1.));
#9000=DIRECTION('',(-1.,0.,0.));
#9001=DIRECTION('',(0.,0.,1.));
#9002=DIRECTION('',(1.,0.,0.));
#9003=DIRECTION('',(0.,0.,-1.));
#9004=DIRECTION('',(1.,0.,0.));
#9005=DIRECTION('',(0.,0.,-1.));
#9006=DIRECTION('',(-1.,0.,0.));
#9007=DIRECTION('',(0.,0.,1.));
#9008=DIRECTION('',(1.,0.,0.));
#9009=DIRECTION('',(0.,1.,0.));
#9010=DIRECTION('',(0.,1.,0.));
#9011=DIRECTION('',(-1.,0.,0.));
#9012=DIRECTION('',(-1.,0.,0.));
#9013=DIRECTION('',(0.,0.,1.));
#9014=DIRECTION('',(1.,0.,0.));
#9015=DIRECTION('',(0.,0.,-1.));
#9016=DIRECTION('',(1.,0.,0.));
#9017=DIRECTION('',(0.,0.,-1.));
#9018=DIRECTION('',(-1.,0.,0.));
#9019=DIRECTION('',(0.,1.,0.));
#9020=DIRECTION('',(0.,0.,1.));
#9021=DIRECTION('',(0.,0.,-1.));
#9022=DIRECTION('',(0.,0.,-1.));
#9023=DIRECTION('',(-1.,0.,0.));
#9024=DIRECTION('',(0.,0.,-1.));
#9025=DIRECTION('',(-1.,0.,0.));
#9026=DIRECTION('',(0.,-1.,0.));
#9027=DIRECTION('',(0.,-1.,0.));
#9028=DIRECTION('',(-1.,0.,0.));
#9029=DIRECTION('',(0.,-1.,0.));
#9030=DIRECTION('',(0.,0.,-1.));
#9031=DIRECTION('',(0.,0.,1.));
#9032=DIRECTION('',(0.,0.,1.));
#9033=DIRECTION('',(-1.,0.,0.));
#9034=DIRECTION('',(-1.,0.,0.));
#9035=DIRECTION('',(0.,0.,1.));
#9036=DIRECTION('',(1.,0.,0.));
#9037=DIRECTION('',(0.,0.,-1.));
#9038=DIRECTION('',(1.,0.,0.));
#9039=DIRECTION('',(0.,0.,-1.));
#9040=DIRECTION('',(-1.,0.,0.));
#9041=DIRECTION('',(0.,0.,-1.));
#9042=DIRECTION('',(-1.,0.,0.));
#9043=DIRECTION('',(0.,-1.,0.));
#9044=DIRECTION('',(0.,-1.,0.));
#9045=DIRECTION('',(-1.,0.,0.));
#9046=DIRECTION('',(-1.,0.,0.));
#9047=DIRECTION('',(0.,0.,1.));
#9048=DIRECTION('',(1.,0.,0.));
#9049=DIRECTION('',(0.,0.,-1.));
#9050=DIRECTION('',(1.,0.,0.));
#9051=DIRECTION('',(0.,0.,-1.));
#9052=DIRECTION('',(1.,0.,0.));
#9053=DIRECTION('',(0.,0.,-1.));
#9054=DIRECTION('',(1.,0.,0.));
#9055=DIRECTION('',(0.,0.,-1.));
#9056=DIRECTION('',(1.,0.,0.));
#9057=DIRECTION('',(0.,0.,-1.));
#9058=DIRECTION('',(1.,0.,0.));
#9059=DIRECTION('',(0.,0.,-1.));
#9060=DIRECTION('',(0.,-1.,0.));
#9061=DIRECTION('',(1.,0.,0.));
#9062=DIRECTION('',(0.,0.,-1.));
#9063=DIRECTION('',(0.,0.,-1.));
#9064=DIRECTION('',(0.,1.,0.));
#9065=DIRECTION('',(0.,0.,1.));
#9066=DIRECTION('',(1.,0.,0.));
#9067=DIRECTION('',(0.,0.,-1.));
#9068=DIRECTION('',(0.,1.,0.));
#9069=DIRECTION('',(1.,0.,0.));
#9070=DIRECTION('',(0.,0.,-1.));
#9071=DIRECTION('',(1.,0.,0.));
#9072=DIRECTION('',(0.,0.,-1.));
#9073=DIRECTION('',(1.,0.,0.));
#9074=DIRECTION('',(0.,0.,-1.));
#9075=DIRECTION('',(1.,0.,0.));
#9076=DIRECTION('',(0.,0.,-1.));
#9077=DIRECTION('',(0.,1.,0.));
#9078=DIRECTION('',(1.,0.,0.));
#9079=DIRECTION('',(0.,0.,-1.));
#9080=DIRECTION('',(0.,0.,1.));
#9081=DIRECTION('',(0.,1.,0.));
#9082=DIRECTION('',(0.,0.,-1.));
#9083=DIRECTION('',(1.,0.,0.));
#9084=DIRECTION('',(0.,0.,-1.));
#9085=DIRECTION('',(0.,-1.,0.));
#9086=DIRECTION('',(-1.,0.,0.));
#9087=DIRECTION('',(0.,0.,1.));
#9088=DIRECTION('',(-1.,0.,0.));
#9089=DIRECTION('',(0.,0.,-1.));
#9090=DIRECTION('',(-1.,0.,0.));
#9091=DIRECTION('',(-1.,0.,0.));
#9092=DIRECTION('',(-1.,0.,0.));
#9093=DIRECTION('',(0.,0.,1.));
#9094=DIRECTION('',(-1.,0.,0.));
#9095=DIRECTION('',(0.,1.,0.));
#9096=DIRECTION('',(0.,0.,1.));
#9097=DIRECTION('',(-1.,0.,0.));
#9098=DIRECTION('',(0.,0.,1.));
#9099=DIRECTION('',(1.,0.,0.));
#9100=DIRECTION('',(-1.,0.,0.));
#9101=DIRECTION('',(0.,-1.,0.));
#9102=DIRECTION('',(0.,0.,-1.));
#9103=DIRECTION('',(-1.,0.,0.));
#9104=DIRECTION('',(-1.,0.,0.));
#9105=DIRECTION('',(0.,0.,1.));
#9106=DIRECTION('',(-1.,0.,0.));
#9107=DIRECTION('',(0.,0.,1.));
#9108=DIRECTION('',(1.,0.,0.));
#9109=DIRECTION('',(-1.,0.,0.));
#9110=DIRECTION('',(-1.,0.,0.));
#9111=DIRECTION('',(0.,0.,1.));
#9112=DIRECTION('',(0.,0.,1.));
#9113=DIRECTION('',(1.,0.,0.));
#9114=DIRECTION('',(0.,1.,0.));
#9115=DIRECTION('',(0.,0.,1.));
#9116=DIRECTION('',(3.61400724161835E-17,0.,1.));
#9117=DIRECTION('',(-1.,0.,0.));
#9118=DIRECTION('',(0.,0.,-1.));
#9119=DIRECTION('',(1.,0.,0.));
#9120=DIRECTION('',(-1.,0.,0.));
#9121=DIRECTION('',(-4.33680868994202E-16,0.,-1.));
#9122=DIRECTION('',(0.707106781186562,0.,-0.707106781186533));
#9123=DIRECTION('',(0.,0.,-1.));
#9124=DIRECTION('',(-0.707106781186562,0.,-0.707106781186533));
#9125=DIRECTION('',(0.,0.,-1.));
#9126=DIRECTION('',(1.,0.,0.));
#9127=DIRECTION('',(-0.923076923076934,0.,0.384615384615359));
#9128=DIRECTION('',(-1.,0.,0.));
#9129=DIRECTION('',(-0.842506117268657,0.,-0.53868677574718));
#9130=DIRECTION('',(1.,0.,0.));
#9131=DIRECTION('',(-0.842506117268645,0.,0.538686775747198));
#9132=DIRECTION('',(-1.,0.,0.));
#9133=DIRECTION('',(-0.923076923076928,0.,-0.384615384615374));
#9134=DIRECTION('',(1.,0.,0.));
#9135=DIRECTION('',(0.,0.,1.));
#9136=DIRECTION('',(-0.707106781186561,0.,0.707106781186534));
#9137=DIRECTION('',(0.,0.,1.));
#9138=DIRECTION('',(0.707106781186563,0.,0.707106781186532));
#9139=DIRECTION('',(0.,0.,1.));
#9140=DIRECTION('',(1.,0.,0.));
#9141=DIRECTION('',(0.,0.,1.));
#9142=DIRECTION('',(-1.,0.,0.));
#9143=DIRECTION('',(0.,0.,-1.));
#9144=DIRECTION('',(-0.707106781186534,0.,-0.707106781186561));
#9145=DIRECTION('',(-0.707106781186561,0.,0.707106781186534));
#9146=DIRECTION('',(0.,1.,0.));
#9147=DIRECTION('',(-0.707106781186561,0.,0.707106781186534));
#9148=DIRECTION('',(0.,1.,0.));
#9149=DIRECTION('',(-1.,0.,0.));
#9150=DIRECTION('',(0.,0.,1.));
#9151=DIRECTION('',(0.,0.,1.));
#9152=DIRECTION('',(0.,1.,0.));
#9153=DIRECTION('',(-0.707106781186532,0.,0.707106781186563));
#9154=DIRECTION('',(0.707106781186563,0.,0.707106781186532));
#9155=DIRECTION('',(0.707106781186563,0.,0.707106781186532));
#9156=DIRECTION('',(0.,1.,0.));
#9157=DIRECTION('',(-1.,0.,0.));
#9158=DIRECTION('',(0.,0.,1.));
#9159=DIRECTION('',(0.,-0.707106781186548,0.707106781186547));
#9160=DIRECTION('',(0.,0.,1.));
#9161=DIRECTION('',(0.,1.,0.));
#9162=DIRECTION('',(0.,0.,1.));
#9163=DIRECTION('',(1.,0.,0.));
#9164=DIRECTION('',(-1.,0.,0.));
#9165=DIRECTION('',(1.,0.,0.));
#9166=DIRECTION('',(0.,1.,0.));
#9167=DIRECTION('',(1.,0.,-4.33680868994202E-16));
#9168=DIRECTION('',(-4.33680868994202E-16,0.,-1.));
#9169=DIRECTION('',(-3.06658683336675E-16,0.707106781186548,-0.707106781186547));
#9170=DIRECTION('',(-4.33680868994202E-16,0.,-1.));
#9171=DIRECTION('',(0.,1.,0.));
#9172=DIRECTION('',(0.707106781186533,0.,0.707106781186562));
#9173=DIRECTION('',(0.707106781186562,0.,-0.707106781186533));
#9174=DIRECTION('',(0.707106781186562,0.,-0.707106781186533));
#9175=DIRECTION('',(0.,1.,0.));
#9176=DIRECTION('',(1.,0.,0.));
#9177=DIRECTION('',(0.,0.,-1.));
#9178=DIRECTION('',(0.,0.,-1.));
#9179=DIRECTION('',(0.,1.,0.));
#9180=DIRECTION('',(0.707106781186533,0.,-0.707106781186562));
#9181=DIRECTION('',(-0.707106781186562,0.,-0.707106781186533));
#9182=DIRECTION('',(-0.707106781186562,0.,-0.707106781186533));
#9183=DIRECTION('',(0.,1.,0.));
#9184=DIRECTION('',(1.,0.,0.));
#9185=DIRECTION('',(0.,0.,-1.));
#9186=DIRECTION('',(0.,-0.707106781186548,-0.707106781186547));
#9187=DIRECTION('',(0.,0.,-1.));
#9188=DIRECTION('',(0.,1.,0.));
#9189=DIRECTION('',(0.,0.,-1.));
#9190=DIRECTION('',(-1.,0.,0.));
#9191=DIRECTION('',(-1.,0.,0.));
#9192=DIRECTION('',(-1.,0.,0.));
#9193=DIRECTION('',(0.,1.,0.));
#9194=DIRECTION('',(-0.384615384615359,0.,-0.923076923076934));
#9195=DIRECTION('',(-0.923076923076934,0.,0.384615384615359));
#9196=DIRECTION('',(-0.861549790341303,0.358979079308848,0.358979079308848));
#9197=DIRECTION('',(-0.923076923076934,0.,0.384615384615359));
#9198=DIRECTION('',(0.,1.,0.));
#9199=DIRECTION('',(0.,0.,-1.));
#9200=DIRECTION('',(-1.,0.,0.));
#9201=DIRECTION('',(-1.,0.,0.));
#9202=DIRECTION('',(0.,1.,0.));
#9203=DIRECTION('',(0.53868677574718,0.,-0.842506117268657));
#9204=DIRECTION('',(-0.842506117268657,0.,-0.53868677574718));
#9205=DIRECTION('',(-0.741732537970507,-0.474253540901821,-0.474253540901821));
#9206=DIRECTION('',(-0.842506117268657,0.,-0.53868677574718));
#9207=DIRECTION('',(0.,1.,0.));
#9208=DIRECTION('',(1.59051663445306E-15,0.,-1.));
#9209=DIRECTION('',(-1.,0.,-1.59051663445306E-15));
#9210=DIRECTION('',(-1.,0.,0.));
#9211=DIRECTION('',(-1.,0.,-1.59051663445306E-15));
#9212=DIRECTION('',(0.,1.,0.));
#9213=DIRECTION('',(-0.538686775747198,0.,-0.842506117268645));
#9214=DIRECTION('',(-0.842506117268645,0.,0.538686775747198));
#9215=DIRECTION('',(-0.741732537970491,0.474253540901833,0.474253540901833));
#9216=DIRECTION('',(-0.842506117268645,0.,0.538686775747198));
#9217=DIRECTION('',(0.,1.,0.));
#9218=DIRECTION('',(0.,0.,-1.));
#9219=DIRECTION('',(-1.,0.,0.));
#9220=DIRECTION('',(-1.,0.,0.));
#9221=DIRECTION('',(0.,1.,0.));
#9222=DIRECTION('',(0.384615384615374,0.,-0.923076923076928));
#9223=DIRECTION('',(-0.923076923076928,0.,-0.384615384615374));
#9224=DIRECTION('',(-0.861549790341293,-0.35897907930886,-0.35897907930886));
#9225=DIRECTION('',(-0.923076923076928,0.,-0.384615384615374));
#9226=DIRECTION('',(0.,1.,0.));
#9227=DIRECTION('',(-1.62630325872826E-15,0.,-1.));
#9228=DIRECTION('',(-1.,0.,1.62630325872826E-15));
#9229=DIRECTION('',(-1.,0.,0.));
#9230=DIRECTION('',(-1.,0.,1.62630325872826E-15));
#9231=DIRECTION('',(0.,1.,0.));
#9232=DIRECTION('',(-1.,0.,0.));
#9233=DIRECTION('',(0.,0.,1.));
#9234=DIRECTION('',(0.,0.707106781186548,0.707106781186547));
#9235=DIRECTION('',(0.,0.,1.));
#9236=DIRECTION('',(0.,1.,0.));
#9237=DIRECTION('',(0.,0.,1.));
#9238=DIRECTION('',(0.,-0.707106781186547,0.707106781186548));
#9239=DIRECTION('',(0.,-0.707106781186548,-0.707106781186547));
#9240=DIRECTION('',(0.,-0.707106781186547,0.707106781186548));
#9241=DIRECTION('',(0.,-0.707106781186548,-0.707106781186547));
#9242=DIRECTION('',(0.,-0.707106781186547,0.707106781186548));
#9243=DIRECTION('',(0.,-0.707106781186548,-0.707106781186547));
#9244=DIRECTION('',(0.,-0.707106781186547,-0.707106781186548));
#9245=DIRECTION('',(0.,0.707106781186548,-0.707106781186547));
#9246=DIRECTION('',(-1.,0.,3.61400724161835E-17));
#9247=DIRECTION('',(3.61400724161835E-17,0.,1.));
#9248=DIRECTION('',(0.,1.,0.));
#9249=DIRECTION('',(3.61400724161835E-17,0.,1.));
#9250=DIRECTION('',(0.,1.,0.));
#9251=DIRECTION('',(0.,0.,1.));
#9252=DIRECTION('',(1.,0.,0.));
#9253=DIRECTION('',(0.,1.,0.));
#9254=DIRECTION('',(1.,0.,0.));
#9255=DIRECTION('',(1.,0.,0.));
#9256=DIRECTION('',(0.,0.,-1.));
#9257=DIRECTION('',(0.,1.,0.));
#9258=DIRECTION('',(0.,0.,-1.));
#9259=DIRECTION('',(0.,0.,-1.));
#9260=DIRECTION('',(-1.,0.,0.));
#9261=DIRECTION('',(-1.,0.,0.));
#9262=DIRECTION('',(0.,1.,0.));
#9263=DIRECTION('',(0.,0.,1.));
#9264=DIRECTION('',(1.,0.,0.));
#9265=DIRECTION('',(0.,0.,-1.));
#9266=DIRECTION('',(0.,-1.,0.));
#9267=DIRECTION('',(0.,0.,1.));
#9268=DIRECTION('',(0.,-1.,0.));
#9269=DIRECTION('',(0.,0.,-1.));
#9270=DIRECTION('',(-1.,0.,0.));
#9271=DIRECTION('',(0.,-1.,0.));
#9272=DIRECTION('',(1.,0.,0.));
#9273=DIRECTION('',(-1.,0.,0.));
#9274=DIRECTION('',(0.,0.,1.));
#9275=DIRECTION('',(0.,-1.,0.));
#9276=DIRECTION('',(0.,0.,-1.));
#9277=DIRECTION('',(0.,0.,1.));
#9278=DIRECTION('',(1.,0.,0.));
#9279=DIRECTION('',(-1.,0.,0.));
#9280=DIRECTION('',(0.,1.,0.));
#9281=DIRECTION('',(0.,0.,1.));
#9282=DIRECTION('',(0.,0.,1.));
#9283=DIRECTION('',(1.,0.,0.));
#9284=CARTESIAN_POINT('',(0.,0.,0.));
#9285=CARTESIAN_POINT('',(-2.8,-2.2,2.));
#9286=CARTESIAN_POINT('',(-2.8,-2.45,2.));
#9287=CARTESIAN_POINT('',(-2.8,-2.45,1.75));
#9288=CARTESIAN_POINT('',(-2.8,-2.45,1.72080992435478));
#9289=CARTESIAN_POINT('',(-2.8,-2.6,1.35));
#9290=CARTESIAN_POINT('',(-2.8,-2.2,1.35));
#9291=CARTESIAN_POINT('',(-2.8,-2.2,2.));
#9292=CARTESIAN_POINT('',(-2.8,-2.2,1.75));
#9293=CARTESIAN_POINT('',(-2.8,0.,1.75));
#9294=CARTESIAN_POINT('',(-2.2,-2.45,2.));
#9295=CARTESIAN_POINT('',(-2.2,-2.2,2.));
#9296=CARTESIAN_POINT('',(-2.2,-2.2,1.75));
#9297=CARTESIAN_POINT('',(-2.2,-2.2,1.35));
#9298=CARTESIAN_POINT('',(-2.2,-2.6,1.35));
#9299=CARTESIAN_POINT('',(-2.2,-2.45,1.72080992435478));
#9300=CARTESIAN_POINT('',(-2.2,-2.45,2.));
#9301=CARTESIAN_POINT('',(-2.2,-2.45,1.75));
#9302=CARTESIAN_POINT('',(-2.2,0.,1.75));
#9303=CARTESIAN_POINT('',(-2.2,-2.2,2.));
#9304=CARTESIAN_POINT('',(-2.2,-2.2,1.35));
#9305=CARTESIAN_POINT('',(4.25,-2.2,1.75));
#9306=CARTESIAN_POINT('',(-0.3,-2.2,2.));
#9307=CARTESIAN_POINT('',(-0.3,-2.2,2.));
#9308=CARTESIAN_POINT('',(-0.3,-2.2,-1.35));
#9309=CARTESIAN_POINT('',(-0.3,-2.2,-1.75));
#9310=CARTESIAN_POINT('',(-0.3,-2.6,-1.35));
#9311=CARTESIAN_POINT('',(-0.3,-2.45,-1.72080992435478));
#9312=CARTESIAN_POINT('',(-0.3,-2.45,2.));
#9313=CARTESIAN_POINT('',(-0.3,-2.45,-1.75));
#9314=CARTESIAN_POINT('',(-0.3,-2.45,-1.75));
#9315=CARTESIAN_POINT('',(0.3,-2.45,2.));
#9316=CARTESIAN_POINT('',(0.3,-2.45,2.));
#9317=CARTESIAN_POINT('',(0.3,-2.45,-1.72080992435478));
#9318=CARTESIAN_POINT('',(0.3,-2.45,-1.75));
#9319=CARTESIAN_POINT('',(0.3,-2.6,-1.35));
#9320=CARTESIAN_POINT('',(0.3,-2.2,-1.35));
#9321=CARTESIAN_POINT('',(0.3,-2.2,2.));
#9322=CARTESIAN_POINT('',(0.3,-2.2,-1.75));
#9323=CARTESIAN_POINT('',(0.3,-2.45,-1.75));
#9324=CARTESIAN_POINT('',(2.8,-2.2,2.));
#9325=CARTESIAN_POINT('',(2.2,-2.2,2.));
#9326=CARTESIAN_POINT('',(2.2,-2.2,1.75));
#9327=CARTESIAN_POINT('',(2.2,-2.2,1.35));
#9328=CARTESIAN_POINT('',(2.2,-2.2,1.35));
#9329=CARTESIAN_POINT('',(2.8,-2.2,1.35));
#9330=CARTESIAN_POINT('',(2.8,-2.2,2.));
#9331=CARTESIAN_POINT('',(2.8,-2.2,1.75));
#9332=CARTESIAN_POINT('',(4.25,-2.2,1.75));
#9333=CARTESIAN_POINT('',(-4.2,0.,1.2));
#9334=CARTESIAN_POINT('',(-1.7,0.,-0.7));
#9335=CARTESIAN_POINT('',(-1.7,0.,-0.8));
#9336=CARTESIAN_POINT('',(-1.8,0.,-0.7));
#9337=CARTESIAN_POINT('',(1.7,0.,-0.8));
#9338=CARTESIAN_POINT('',(1.7,0.,-0.8));
#9339=CARTESIAN_POINT('',(1.7,0.,-0.7));
#9340=CARTESIAN_POINT('',(1.8,0.,-0.7));
#9341=CARTESIAN_POINT('',(1.8,0.,0.7));
#9342=CARTESIAN_POINT('',(1.8,0.,0.7));
#9343=CARTESIAN_POINT('',(1.7,0.,0.7));
#9344=CARTESIAN_POINT('',(1.7,0.,0.8));
#9345=CARTESIAN_POINT('',(-1.7,0.,0.8));
#9346=CARTESIAN_POINT('',(-1.7,0.,0.8));
#9347=CARTESIAN_POINT('',(-1.7,0.,0.7));
#9348=CARTESIAN_POINT('',(-1.8,0.,0.7));
#9349=CARTESIAN_POINT('',(-1.8,0.,-0.7));
#9350=CARTESIAN_POINT('',(-1.875,0.,1.45));
#9351=CARTESIAN_POINT('',(-1.75,1.0842021724855E-16,1.45));
#9352=CARTESIAN_POINT('',(-2.,0.,1.45));
#9353=CARTESIAN_POINT('',(1.775,1.0842021724855E-16,1.45));
#9354=CARTESIAN_POINT('',(1.75,1.0842021724855E-16,1.45));
#9355=CARTESIAN_POINT('',(1.875,0.,1.45000000000001));
#9356=CARTESIAN_POINT('',(2.,0.,1.45000000000001));
#9357=CARTESIAN_POINT('',(2.,0.,1.45000000000001));
#9358=CARTESIAN_POINT('',(2.,0.,1.75));
#9359=CARTESIAN_POINT('',(2.,0.,1.75));
#9360=CARTESIAN_POINT('',(3.05,0.,1.75));
#9361=CARTESIAN_POINT('',(3.05,0.,1.75));
#9362=CARTESIAN_POINT('',(3.05,0.,1.6));
#9363=CARTESIAN_POINT('',(3.25,0.,1.6));
#9364=CARTESIAN_POINT('',(3.25,0.,1.4));
#9365=CARTESIAN_POINT('',(3.25,0.,1.4));
#9366=CARTESIAN_POINT('',(3.79999999999999,0.,1.4));
#9367=CARTESIAN_POINT('',(3.8,0.,1.2));
#9368=CARTESIAN_POINT('',(4.,0.,1.2));
#9369=CARTESIAN_POINT('',(4.,0.,1.2));
#9370=CARTESIAN_POINT('',(4.,0.,-1.19999997658692));
#9371=CARTESIAN_POINT('',(3.8,0.,-1.2));
#9372=CARTESIAN_POINT('',(3.8,0.,-1.4));
#9373=CARTESIAN_POINT('',(3.8,0.,-1.4));
#9374=CARTESIAN_POINT('',(3.25,0.,-1.4));
#9375=CARTESIAN_POINT('',(3.25,0.,-1.6));
#9376=CARTESIAN_POINT('',(3.05,0.,-1.6));
#9377=CARTESIAN_POINT('',(3.05,0.,-1.6));
#9378=CARTESIAN_POINT('',(3.05,0.,-1.75));
#9379=CARTESIAN_POINT('',(3.05,0.,-1.75));
#9380=CARTESIAN_POINT('',(1.05,0.,-1.75));
#9381=CARTESIAN_POINT('',(1.05,0.,-1.75));
#9382=CARTESIAN_POINT('',(1.05,0.,-1.65));
#9383=CARTESIAN_POINT('',(0.85,0.,-1.65));
#9384=CARTESIAN_POINT('',(0.85,0.,-1.45));
#9385=CARTESIAN_POINT('',(0.85,0.,-1.45));
#9386=CARTESIAN_POINT('',(-1.8,0.,-1.45));
#9387=CARTESIAN_POINT('',(-1.925,0.,-1.45));
#9388=CARTESIAN_POINT('',(-2.05,0.,-1.45));
#9389=CARTESIAN_POINT('',(-2.05,0.,-1.45));
#9390=CARTESIAN_POINT('',(-3.05,5.42101086242752E-17,-1.45));
#9391=CARTESIAN_POINT('',(-3.05,0.,-1.45));
#9392=CARTESIAN_POINT('',(-3.05,0.,-1.4));
#9393=CARTESIAN_POINT('',(-3.05,0.,-1.4));
#9394=CARTESIAN_POINT('',(-3.8,0.,-1.4));
#9395=CARTESIAN_POINT('',(-3.8,0.,-1.2));
#9396=CARTESIAN_POINT('',(-4.,-1.62630325872826E-16,-1.2));
#9397=CARTESIAN_POINT('',(-4.,-1.62630325872826E-16,1.2));
#9398=CARTESIAN_POINT('',(-4.,0.,1.2));
#9399=CARTESIAN_POINT('',(-3.8,0.,1.2));
#9400=CARTESIAN_POINT('',(-3.79999999999999,0.,1.4));
#9401=CARTESIAN_POINT('',(-3.79999999999999,0.,1.4));
#9402=CARTESIAN_POINT('',(-3.25,0.,1.4));
#9403=CARTESIAN_POINT('',(-3.25,0.,1.6));
#9404=CARTESIAN_POINT('',(-3.05,0.,1.6));
#9405=CARTESIAN_POINT('',(-3.05,0.,1.6));
#9406=CARTESIAN_POINT('',(-3.05,0.,1.75));
#9407=CARTESIAN_POINT('',(-3.05,0.,1.75));
#9408=CARTESIAN_POINT('',(-2.,0.,1.75));
#9409=CARTESIAN_POINT('',(-2.,0.,1.75));
#9410=CARTESIAN_POINT('',(-1.75,-0.25,1.45));
#9411=CARTESIAN_POINT('',(-1.75,-0.3,1.45));
#9412=CARTESIAN_POINT('',(-1.75,-0.3,1.75));
#9413=CARTESIAN_POINT('',(-1.75,-0.25,1.45));
#9414=CARTESIAN_POINT('',(-1.75,-0.25,1.45));
#9415=CARTESIAN_POINT('',(-1.75,-0.25,1.45));
#9416=CARTESIAN_POINT('',(-1.75,-0.25,1.5));
#9417=CARTESIAN_POINT('',(-1.75,0.,1.5));
#9418=CARTESIAN_POINT('',(-1.75,-0.95,1.5));
#9419=CARTESIAN_POINT('',(-1.75,-0.95,1.5));
#9420=CARTESIAN_POINT('',(-1.75,-0.95,1.75));
#9421=CARTESIAN_POINT('',(-1.75,-0.25,1.75));
#9422=CARTESIAN_POINT('',(1.75,-0.25,1.75));
#9423=CARTESIAN_POINT('',(1.75,-0.3,1.45));
#9424=CARTESIAN_POINT('',(1.75,-0.3,1.75));
#9425=CARTESIAN_POINT('',(1.75,-0.25,1.75));
#9426=CARTESIAN_POINT('',(1.75,-0.95,1.75));
#9427=CARTESIAN_POINT('',(1.75,-0.95,1.5));
#9428=CARTESIAN_POINT('',(1.75,-0.95,1.5));
#9429=CARTESIAN_POINT('',(1.75,-0.95,1.5));
#9430=CARTESIAN_POINT('',(1.75,-0.25,1.5));
#9431=CARTESIAN_POINT('',(1.75,-0.25,1.75));
#9432=CARTESIAN_POINT('',(1.75,-0.25,1.45000000000001));
#9433=CARTESIAN_POINT('',(1.75,-0.25,1.45000000000001));
#9434=CARTESIAN_POINT('',(-4.2,-0.25,1.2));
#9435=CARTESIAN_POINT('',(-1.7,-0.25,-0.7));
#9436=CARTESIAN_POINT('',(-1.7,-0.25,-0.8));
#9437=CARTESIAN_POINT('',(-1.8,-0.25,-0.7));
#9438=CARTESIAN_POINT('',(-1.8,-0.25,-0.7));
#9439=CARTESIAN_POINT('',(-1.8,-0.25,0.7));
#9440=CARTESIAN_POINT('',(-1.7,-0.25,0.7));
#9441=CARTESIAN_POINT('',(-1.7,-0.25,0.8));
#9442=CARTESIAN_POINT('',(-1.7,-0.25,0.8));
#9443=CARTESIAN_POINT('',(1.7,-0.25,0.8));
#9444=CARTESIAN_POINT('',(1.7,-0.25,0.7));
#9445=CARTESIAN_POINT('',(1.8,-0.25,0.7));
#9446=CARTESIAN_POINT('',(1.8,-0.25,0.7));
#9447=CARTESIAN_POINT('',(1.8,-0.25,-0.7));
#9448=CARTESIAN_POINT('',(1.7,-0.25,-0.7));
#9449=CARTESIAN_POINT('',(1.7,-0.25,-0.8));
#9450=CARTESIAN_POINT('',(1.7,-0.25,-0.8));
#9451=CARTESIAN_POINT('',(-4.2,-0.25,1.5));
#9452=CARTESIAN_POINT('',(-1.875,-0.25,1.45));
#9453=CARTESIAN_POINT('',(-1.95,-0.25,1.35));
#9454=CARTESIAN_POINT('',(4.25,-0.25,1.35));
#9455=CARTESIAN_POINT('',(-3.5,-0.25,1.35));
#9456=CARTESIAN_POINT('',(-3.5,-0.25,1.));
#9457=CARTESIAN_POINT('',(-3.5,-0.25,0.999999999999999));
#9458=CARTESIAN_POINT('',(4.25,-0.25,1.));
#9459=CARTESIAN_POINT('',(-3.99210331267794,-0.25,1.));
#9460=CARTESIAN_POINT('',(-3.99210331267794,-0.25,4.25));
#9461=CARTESIAN_POINT('',(-3.99210331267794,-0.25,1.25564456180221));
#9462=CARTESIAN_POINT('',(-3.8,-0.25,1.2));
#9463=CARTESIAN_POINT('',(-4.,-0.25,1.2));
#9464=CARTESIAN_POINT('',(-4.2,-0.25,1.2));
#9465=CARTESIAN_POINT('',(-4.2,-0.25,1.));
#9466=CARTESIAN_POINT('',(-4.2,-0.25,1.));
#9467=CARTESIAN_POINT('',(-4.,-0.25,1.));
#9468=CARTESIAN_POINT('',(-4.,-0.25,1.2));
#9469=CARTESIAN_POINT('',(-4.,-0.25,-1.));
#9470=CARTESIAN_POINT('',(-4.2,-0.25,-1.));
#9471=CARTESIAN_POINT('',(-4.2,-0.25,-1.));
#9472=CARTESIAN_POINT('',(-4.2,-0.25,-1.2));
#9473=CARTESIAN_POINT('',(-4.,-0.25,-1.19999997658691));
#9474=CARTESIAN_POINT('',(-3.8,-0.25,-1.2));
#9475=CARTESIAN_POINT('',(-3.99210331267794,-0.25,-1.25564456180223));
#9476=CARTESIAN_POINT('',(-3.99210331267794,-0.25,-1.45));
#9477=CARTESIAN_POINT('',(-3.99210331267794,-0.25,-1.));
#9478=CARTESIAN_POINT('',(4.25,-0.25,-1.));
#9479=CARTESIAN_POINT('',(-3.5,-0.25,-1.));
#9480=CARTESIAN_POINT('',(-3.5,-0.25,-1.45));
#9481=CARTESIAN_POINT('',(-3.5,-0.25,-1.35));
#9482=CARTESIAN_POINT('',(4.25,-0.25,-1.35));
#9483=CARTESIAN_POINT('',(-3.08998031022997,-0.25,-1.35));
#9484=CARTESIAN_POINT('',(-3.08998031022997,-0.25,-1.45));
#9485=CARTESIAN_POINT('',(-3.08998031022997,-0.25,-1.4));
#9486=CARTESIAN_POINT('',(-3.05,-0.25,-1.4));
#9487=CARTESIAN_POINT('',(-3.05,-0.25,-1.4));
#9488=CARTESIAN_POINT('',(-3.05,-0.25,-1.45));
#9489=CARTESIAN_POINT('',(-3.05,-0.25,-1.45));
#9490=CARTESIAN_POINT('',(-2.05,-0.25,-1.45));
#9491=CARTESIAN_POINT('',(-2.05,-0.25,-1.45));
#9492=CARTESIAN_POINT('',(-1.925,-0.25,-1.45));
#9493=CARTESIAN_POINT('',(-1.8,-0.25,-1.45));
#9494=CARTESIAN_POINT('',(0.85,-0.25,-1.45));
#9495=CARTESIAN_POINT('',(0.85,-0.25,-1.45));
#9496=CARTESIAN_POINT('',(0.85,-0.25,-1.65));
#9497=CARTESIAN_POINT('',(0.95,-0.25,-1.47679491924311));
#9498=CARTESIAN_POINT('',(0.95,-0.25,-2.));
#9499=CARTESIAN_POINT('',(0.95,-0.25,-1.35));
#9500=CARTESIAN_POINT('',(4.25,-0.25,-1.35));
#9501=CARTESIAN_POINT('',(3.5,-0.25,-1.35));
#9502=CARTESIAN_POINT('',(3.5,-0.25,-1.45));
#9503=CARTESIAN_POINT('',(3.5,-0.25,-1.));
#9504=CARTESIAN_POINT('',(4.25,-0.25,-1.));
#9505=CARTESIAN_POINT('',(3.99210331267794,-0.25,-1.));
#9506=CARTESIAN_POINT('',(3.99210331267794,-0.25,4.25));
#9507=CARTESIAN_POINT('',(3.99210331267794,-0.25,-1.25564456180222));
#9508=CARTESIAN_POINT('',(3.8,-0.25,-1.2));
#9509=CARTESIAN_POINT('',(4.,-0.25,-1.19999997658692));
#9510=CARTESIAN_POINT('',(4.2,-0.25,-1.2));
#9511=CARTESIAN_POINT('',(4.2,-0.25,-1.));
#9512=CARTESIAN_POINT('',(-4.2,-0.25,-1.));
#9513=CARTESIAN_POINT('',(4.,-0.25,-1.));
#9514=CARTESIAN_POINT('',(4.,-0.25,1.2));
#9515=CARTESIAN_POINT('',(4.,-0.25,1.));
#9516=CARTESIAN_POINT('',(-4.2,-0.25,1.));
#9517=CARTESIAN_POINT('',(4.2,-0.25,1.));
#9518=CARTESIAN_POINT('',(4.2,-0.25,1.2));
#9519=CARTESIAN_POINT('',(4.,-0.25,1.20000000000001));
#9520=CARTESIAN_POINT('',(3.8,-0.25,1.2));
#9521=CARTESIAN_POINT('',(3.99210331267794,-0.25,1.25564456180221));
#9522=CARTESIAN_POINT('',(3.99210331267794,-0.25,1.));
#9523=CARTESIAN_POINT('',(3.99210331267794,-0.25,1.));
#9524=CARTESIAN_POINT('',(4.25,-0.25,1.));
#9525=CARTESIAN_POINT('',(3.5,-0.25,1.));
#9526=CARTESIAN_POINT('',(3.5,-0.25,1.));
#9527=CARTESIAN_POINT('',(3.5,-0.25,1.35));
#9528=CARTESIAN_POINT('',(-3.5,-0.25,1.35));
#9529=CARTESIAN_POINT('',(1.94999999999999,-0.25,1.35));
#9530=CARTESIAN_POINT('',(1.875,-0.25,1.45000000000001));
#9531=CARTESIAN_POINT('',(4.25,0.,0.));
#9532=CARTESIAN_POINT('',(4.25,-0.25,-1.));
#9533=CARTESIAN_POINT('',(4.25,-0.95,-1.));
#9534=CARTESIAN_POINT('',(4.25,-0.25,-1.));
#9535=CARTESIAN_POINT('',(4.25,-0.25,1.2));
#9536=CARTESIAN_POINT('',(4.25,-0.25,1.));
#9537=CARTESIAN_POINT('',(4.25,-0.25,1.));
#9538=CARTESIAN_POINT('',(4.25,-0.95,1.));
#9539=CARTESIAN_POINT('',(4.25,-0.95,0.));
#9540=CARTESIAN_POINT('',(4.25,-0.95,1.75));
#9541=CARTESIAN_POINT('',(4.25,0.,1.75));
#9542=CARTESIAN_POINT('',(4.25,-1.35,1.75));
#9543=CARTESIAN_POINT('',(4.25,-1.35,0.));
#9544=CARTESIAN_POINT('',(4.25,-1.35,1.));
#9545=CARTESIAN_POINT('',(4.25,-1.25,1.));
#9546=CARTESIAN_POINT('',(4.25,-1.12,1.));
#9547=CARTESIAN_POINT('',(4.25,-1.245,1.));
#9548=CARTESIAN_POINT('',(4.25,-1.37,1.));
#9549=CARTESIAN_POINT('',(4.25,-1.37,1.));
#9550=CARTESIAN_POINT('',(4.25,-1.37,1.75));
#9551=CARTESIAN_POINT('',(4.25,-1.37,1.75));
#9552=CARTESIAN_POINT('',(4.25,-2.,1.75));
#9553=CARTESIAN_POINT('',(4.25,-2.,1.55));
#9554=CARTESIAN_POINT('',(4.25,-2.2,1.55));
#9555=CARTESIAN_POINT('',(4.25,-2.2,1.55));
#9556=CARTESIAN_POINT('',(4.25,-2.2,-1.55));
#9557=CARTESIAN_POINT('',(4.25,-2.,-1.55));
#9558=CARTESIAN_POINT('',(4.25,-2.,-1.75));
#9559=CARTESIAN_POINT('',(4.25,-2.,-1.75));
#9560=CARTESIAN_POINT('',(4.25,-1.37,-1.75));
#9561=CARTESIAN_POINT('',(4.25,-1.37,-1.75));
#9562=CARTESIAN_POINT('',(4.25,-1.37,-1.));
#9563=CARTESIAN_POINT('',(4.25,-1.245,-1.));
#9564=CARTESIAN_POINT('',(4.25,-1.12,-1.));
#9565=CARTESIAN_POINT('',(4.25,-0.25,-1.));
#9566=CARTESIAN_POINT('',(4.25,-1.35,-1.));
#9567=CARTESIAN_POINT('',(4.25,-1.35,0.));
#9568=CARTESIAN_POINT('',(4.25,-1.35,-1.75));
#9569=CARTESIAN_POINT('',(4.25,-2.45,-1.75));
#9570=CARTESIAN_POINT('',(4.25,-0.95,-1.75));
#9571=CARTESIAN_POINT('',(4.25,-0.95,0.));
#9572=CARTESIAN_POINT('',(-4.25,-0.25,1.));
#9573=CARTESIAN_POINT('',(-4.,-0.250000000000001,1.));
#9574=CARTESIAN_POINT('',(-4.25,-0.25,1.));
#9575=CARTESIAN_POINT('',(-4.20000000000001,-0.100000000000008,1.));
#9576=CARTESIAN_POINT('',(-4.25,-0.25,1.));
#9577=CARTESIAN_POINT('',(-4.25,-0.95,1.));
#9578=CARTESIAN_POINT('',(-4.25,-0.95,1.));
#9579=CARTESIAN_POINT('',(-4.,-0.27143370348351,1.));
#9580=CARTESIAN_POINT('',(-4.,0.,1.));
#9581=CARTESIAN_POINT('',(-4.20000000000001,-0.25,1.));
#9582=CARTESIAN_POINT('',(-4.2,-0.25,-1.));
#9583=CARTESIAN_POINT('',(-4.,-0.250000000000001,-1.));
#9584=CARTESIAN_POINT('',(-4.2,-0.100000000000001,-1.));
#9585=CARTESIAN_POINT('',(-4.25,-0.25,-1.));
#9586=CARTESIAN_POINT('',(-4.2,-0.25,-1.));
#9587=CARTESIAN_POINT('',(-4.,-1.12,-1.));
#9588=CARTESIAN_POINT('',(-4.,-0.271433703483512,-1.));
#9589=CARTESIAN_POINT('',(-3.00705833427467,2.4236732915891,-1.));
#9590=CARTESIAN_POINT('',(-4.25,-0.95,-1.));
#9591=CARTESIAN_POINT('',(-4.25,-0.25,-1.));
#9592=CARTESIAN_POINT('',(-4.,-4.,4.25));
#9593=CARTESIAN_POINT('',(-4.,0.,1.75));
#9594=CARTESIAN_POINT('',(-4.,-2.45,1.75));
#9595=CARTESIAN_POINT('',(-4.,-2.,1.75));
#9596=CARTESIAN_POINT('',(-4.,-2.,1.55));
#9597=CARTESIAN_POINT('',(-4.,-2.2,1.55));
#9598=CARTESIAN_POINT('',(-4.,-2.2,1.55));
#9599=CARTESIAN_POINT('',(-4.,-2.2,-1.55));
#9600=CARTESIAN_POINT('',(-4.,-2.,-1.55));
#9601=CARTESIAN_POINT('',(-4.,-2.,-1.75));
#9602=CARTESIAN_POINT('',(-4.,-4.,-1.75));
#9603=CARTESIAN_POINT('',(-4.,-2.45,-1.75));
#9604=CARTESIAN_POINT('',(-4.,-2.45,-1.4));
#9605=CARTESIAN_POINT('',(-4.,-2.45,-1.4));
#9606=CARTESIAN_POINT('',(-4.,-2.74967311138127,-1.4));
#9607=CARTESIAN_POINT('',(-4.,-2.74967311138127,-1.4));
#9608=CARTESIAN_POINT('',(-4.,-3.2,-1.3));
#9609=CARTESIAN_POINT('',(-4.,-3.2,-1.3));
#9610=CARTESIAN_POINT('',(-4.,-3.2,1.3));
#9611=CARTESIAN_POINT('',(-4.,-3.2,1.3));
#9612=CARTESIAN_POINT('',(-4.,-2.74967311138127,1.4));
#9613=CARTESIAN_POINT('',(-4.,-2.74967311138127,1.4));
#9614=CARTESIAN_POINT('',(-4.,-2.45,1.4));
#9615=CARTESIAN_POINT('',(-4.,-2.45,1.4));
#9616=CARTESIAN_POINT('',(-4.,-2.45,1.75));
#9617=CARTESIAN_POINT('',(-4.,-4.,4.25));
#9618=CARTESIAN_POINT('',(-4.,-4.,-1.75));
#9619=CARTESIAN_POINT('',(-4.,-1.37,-1.75));
#9620=CARTESIAN_POINT('',(-4.,-1.35,-1.75));
#9621=CARTESIAN_POINT('',(-4.,-1.37,-1.75));
#9622=CARTESIAN_POINT('',(-4.,-1.37,-1.));
#9623=CARTESIAN_POINT('',(-4.,-1.245,-1.));
#9624=CARTESIAN_POINT('',(-4.,-1.25,-0.875100040032032));
#9625=CARTESIAN_POINT('',(-4.,-1.25,-1.));
#9626=CARTESIAN_POINT('',(-4.,-1.25,-1.));
#9627=CARTESIAN_POINT('',(-4.,-2.,-1.));
#9628=CARTESIAN_POINT('',(-4.,-1.35,-1.));
#9629=CARTESIAN_POINT('',(-4.,-1.35,4.25));
#9630=CARTESIAN_POINT('',(-4.,-1.35,4.25));
#9631=CARTESIAN_POINT('',(-4.25,-1.35,0.));
#9632=CARTESIAN_POINT('',(-4.25,-1.35,1.75));
#9633=CARTESIAN_POINT('',(-4.25,-1.35,1.));
#9634=CARTESIAN_POINT('',(-4.,-1.35,1.));
#9635=CARTESIAN_POINT('',(-4.,-1.35,1.));
#9636=CARTESIAN_POINT('',(-4.,-1.35,4.25));
#9637=CARTESIAN_POINT('',(-4.,-1.35,1.75));
#9638=CARTESIAN_POINT('',(4.25,-1.35000000000001,1.75));
#9639=CARTESIAN_POINT('',(-4.,-1.35,4.25));
#9640=CARTESIAN_POINT('',(-4.,-1.35,-1.));
#9641=CARTESIAN_POINT('',(-4.25,-1.35,-1.));
#9642=CARTESIAN_POINT('',(-4.25,-1.35,0.));
#9643=CARTESIAN_POINT('',(-4.25,-1.35,-1.75));
#9644=CARTESIAN_POINT('',(-4.,-1.35,-1.75));
#9645=CARTESIAN_POINT('',(4.25,-0.25,-1.));
#9646=CARTESIAN_POINT('',(4.,-1.12,-1.));
#9647=CARTESIAN_POINT('',(4.,-1.12,-1.));
#9648=CARTESIAN_POINT('',(4.,-1.12,-1.));
#9649=CARTESIAN_POINT('',(4.,-0.271433703483511,-1.));
#9650=CARTESIAN_POINT('',(4.02292552239262,-0.333659650786185,-1.));
#9651=CARTESIAN_POINT('',(3.5,-0.25,-1.));
#9652=CARTESIAN_POINT('',(3.5,-1.25,-0.999999999999999));
#9653=CARTESIAN_POINT('',(4.25,-1.25,-1.));
#9654=CARTESIAN_POINT('',(4.,-1.25,-1.));
#9655=CARTESIAN_POINT('',(4.,-2.,-1.));
#9656=CARTESIAN_POINT('',(4.,-1.35,-1.));
#9657=CARTESIAN_POINT('',(4.25,-1.35,-1.));
#9658=CARTESIAN_POINT('',(4.25,-1.25,1.));
#9659=CARTESIAN_POINT('',(4.,-1.12,1.));
#9660=CARTESIAN_POINT('',(4.,-1.12,1.));
#9661=CARTESIAN_POINT('',(4.25,-1.35,1.));
#9662=CARTESIAN_POINT('',(4.,-1.35,1.));
#9663=CARTESIAN_POINT('',(4.,-1.,1.));
#9664=CARTESIAN_POINT('',(4.,-1.25,1.));
#9665=CARTESIAN_POINT('',(4.25,-1.25,1.));
#9666=CARTESIAN_POINT('',(3.5,-1.25,1.));
#9667=CARTESIAN_POINT('',(3.5,-1.25,1.));
#9668=CARTESIAN_POINT('',(4.3473176332603,-1.21414586394878,1.));
#9669=CARTESIAN_POINT('',(4.,-0.27143370348351,1.));
#9670=CARTESIAN_POINT('',(4.,0.,1.));
#9671=CARTESIAN_POINT('',(4.,-1.35,4.25));
#9672=CARTESIAN_POINT('',(4.,-2.,1.55));
#9673=CARTESIAN_POINT('',(4.,-2.,1.75));
#9674=CARTESIAN_POINT('',(4.,-2.2,1.55));
#9675=CARTESIAN_POINT('',(4.,0.,1.75));
#9676=CARTESIAN_POINT('',(4.,-2.45,1.75));
#9677=CARTESIAN_POINT('',(4.,-2.45,1.75));
#9678=CARTESIAN_POINT('',(4.,-2.45,1.4));
#9679=CARTESIAN_POINT('',(4.,-2.45,1.4));
#9680=CARTESIAN_POINT('',(4.,-2.74967311138127,1.4));
#9681=CARTESIAN_POINT('',(4.,-2.74967311138127,1.4));
#9682=CARTESIAN_POINT('',(4.,-3.2,1.3));
#9683=CARTESIAN_POINT('',(4.,-3.2,1.3));
#9684=CARTESIAN_POINT('',(4.,-3.2,-1.3));
#9685=CARTESIAN_POINT('',(4.,-3.2,-1.3));
#9686=CARTESIAN_POINT('',(4.,-2.74967311138127,-1.4));
#9687=CARTESIAN_POINT('',(4.,-2.74967311138127,-1.4));
#9688=CARTESIAN_POINT('',(4.,-2.45,-1.4));
#9689=CARTESIAN_POINT('',(4.,-2.45,-1.4));
#9690=CARTESIAN_POINT('',(4.,-2.45,-1.75));
#9691=CARTESIAN_POINT('',(4.,-1.35,-1.75));
#9692=CARTESIAN_POINT('',(4.,-2.,-1.75));
#9693=CARTESIAN_POINT('',(4.,-2.,-1.55));
#9694=CARTESIAN_POINT('',(4.,-2.2,-1.55));
#9695=CARTESIAN_POINT('',(4.,-2.2,1.55));
#9696=CARTESIAN_POINT('',(4.,-1.35,4.25));
#9697=CARTESIAN_POINT('',(4.,-1.37,1.));
#9698=CARTESIAN_POINT('',(4.,-1.37,1.));
#9699=CARTESIAN_POINT('',(4.,-1.37,1.75));
#9700=CARTESIAN_POINT('',(4.,-1.245,1.));
#9701=CARTESIAN_POINT('',(4.,-1.25,0.875100040032032));
#9702=CARTESIAN_POINT('',(4.,-1.25,-1.));
#9703=CARTESIAN_POINT('',(4.,-1.35,4.25));
#9704=CARTESIAN_POINT('',(4.,-1.35,1.75));
#9705=CARTESIAN_POINT('',(4.,0.,1.75));
#9706=CARTESIAN_POINT('',(4.25,-1.25,-1.));
#9707=CARTESIAN_POINT('',(4.25,-1.25,-1.));
#9708=CARTESIAN_POINT('',(-3.5,-1.25,-1.));
#9709=CARTESIAN_POINT('',(-4.,-1.25,-1.));
#9710=CARTESIAN_POINT('',(-4.,-1.25,0.875100040032032));
#9711=CARTESIAN_POINT('',(-4.,-1.25,-1.));
#9712=CARTESIAN_POINT('',(-4.,-1.25,1.));
#9713=CARTESIAN_POINT('',(4.25,-1.25,1.));
#9714=CARTESIAN_POINT('',(-3.5,-1.25,0.999999999999999));
#9715=CARTESIAN_POINT('',(-3.5,-1.25,-1.35));
#9716=CARTESIAN_POINT('',(-3.5,-1.25,1.35));
#9717=CARTESIAN_POINT('',(-3.5,-1.25,1.35));
#9718=CARTESIAN_POINT('',(-1.7,-1.25,1.35));
#9719=CARTESIAN_POINT('',(-1.7,-1.25,2.));
#9720=CARTESIAN_POINT('',(-1.7,-1.25,1.75));
#9721=CARTESIAN_POINT('',(4.25,-1.25,1.75));
#9722=CARTESIAN_POINT('',(1.7,-1.25,1.75));
#9723=CARTESIAN_POINT('',(1.7,-1.25,2.));
#9724=CARTESIAN_POINT('',(1.7,-1.25,1.35));
#9725=CARTESIAN_POINT('',(-3.5,-1.25,1.35));
#9726=CARTESIAN_POINT('',(3.5,-1.25,1.35));
#9727=CARTESIAN_POINT('',(3.5,-1.25,1.35));
#9728=CARTESIAN_POINT('',(4.,-1.25,-1.));
#9729=CARTESIAN_POINT('',(4.,-1.25,-0.875100040032032));
#9730=CARTESIAN_POINT('',(4.,-1.25,-1.));
#9731=CARTESIAN_POINT('',(3.5,-1.25,1.35));
#9732=CARTESIAN_POINT('',(3.5,-1.25,-1.35));
#9733=CARTESIAN_POINT('',(3.5,-1.25,-1.35));
#9734=CARTESIAN_POINT('',(0.75,-1.25,-1.35));
#9735=CARTESIAN_POINT('',(0.75,-1.25,-2.));
#9736=CARTESIAN_POINT('',(0.75,-1.25,-1.75));
#9737=CARTESIAN_POINT('',(4.25,-1.25,-1.75));
#9738=CARTESIAN_POINT('',(-2.77106790769135,-1.25,-1.75));
#9739=CARTESIAN_POINT('',(-2.77106790769135,-1.25,-2.));
#9740=CARTESIAN_POINT('',(-2.77106790769135,-1.25,-1.35));
#9741=CARTESIAN_POINT('',(3.5,-1.25,-1.35));
#9742=CARTESIAN_POINT('',(-3.5,-1.25,-1.35));
#9743=CARTESIAN_POINT('',(-3.5,-1.25,-1.35));
#9744=CARTESIAN_POINT('',(4.25,-1.35,4.25));
#9745=CARTESIAN_POINT('',(4.25,-1.35,1.75));
#9746=CARTESIAN_POINT('',(4.25,-0.25,1.));
#9747=CARTESIAN_POINT('',(-3.79999999999999,-0.25,1.4));
#9748=CARTESIAN_POINT('',(-3.79999999999999,-0.25,1.4));
#9749=CARTESIAN_POINT('',(-3.25,-0.25,1.4));
#9750=CARTESIAN_POINT('',(-3.8,-0.25,1.2));
#9751=CARTESIAN_POINT('',(-3.99210331267794,-0.25,1.));
#9752=CARTESIAN_POINT('',(-3.99210331267794,-0.25,1.45));
#9753=CARTESIAN_POINT('',(4.25,-0.25,1.45));
#9754=CARTESIAN_POINT('',(-3.15,-0.25,1.45));
#9755=CARTESIAN_POINT('',(-3.15,-0.25,2.));
#9756=CARTESIAN_POINT('',(-3.15,-0.25,1.75));
#9757=CARTESIAN_POINT('',(4.25,-0.25,1.75));
#9758=CARTESIAN_POINT('',(-3.05,-0.25,1.75));
#9759=CARTESIAN_POINT('',(-3.05,-0.25,1.6));
#9760=CARTESIAN_POINT('',(-3.05,-0.25,1.6));
#9761=CARTESIAN_POINT('',(-3.25,-0.25,1.6));
#9762=CARTESIAN_POINT('',(4.25,-0.25,-1.45));
#9763=CARTESIAN_POINT('',(3.8,-0.25,-1.4));
#9764=CARTESIAN_POINT('',(3.8,-0.25,-1.4));
#9765=CARTESIAN_POINT('',(3.25,-0.25,-1.4));
#9766=CARTESIAN_POINT('',(3.8,-0.25,-1.2));
#9767=CARTESIAN_POINT('',(3.99210331267794,-0.25,-1.45));
#9768=CARTESIAN_POINT('',(3.99210331267794,-0.25,-1.45));
#9769=CARTESIAN_POINT('',(4.25,-0.25,-1.45));
#9770=CARTESIAN_POINT('',(3.15,-0.25,-1.45));
#9771=CARTESIAN_POINT('',(3.15,-0.25,4.25));
#9772=CARTESIAN_POINT('',(3.15,-0.25,-1.75));
#9773=CARTESIAN_POINT('',(-2.65,-0.25,-1.75));
#9774=CARTESIAN_POINT('',(3.05,-0.25,-1.75));
#9775=CARTESIAN_POINT('',(3.05,-0.25,-1.6));
#9776=CARTESIAN_POINT('',(3.05,-0.25,-1.6));
#9777=CARTESIAN_POINT('',(3.25,-0.25,-1.6));
#9778=CARTESIAN_POINT('',(4.25,-0.25,1.));
#9779=CARTESIAN_POINT('',(1.875,-0.25,1.45000000000001));
#9780=CARTESIAN_POINT('',(2.,-0.25,1.45000000000001));
#9781=CARTESIAN_POINT('',(4.25,-0.25,1.35));
#9782=CARTESIAN_POINT('',(1.9,-0.25,1.35));
#9783=CARTESIAN_POINT('',(1.9,-0.25,2.));
#9784=CARTESIAN_POINT('',(1.9,-0.25,1.75));
#9785=CARTESIAN_POINT('',(4.25,-0.25,1.75));
#9786=CARTESIAN_POINT('',(2.,-0.25,1.75));
#9787=CARTESIAN_POINT('',(2.,-0.25,1.45000000000001));
#9788=CARTESIAN_POINT('',(4.25,0.,1.75));
#9789=CARTESIAN_POINT('',(4.25,-2.45,1.75));
#9790=CARTESIAN_POINT('',(2.2,-2.45,1.75));
#9791=CARTESIAN_POINT('',(2.2,0.,1.75));
#9792=CARTESIAN_POINT('',(2.8,0.,1.75));
#9793=CARTESIAN_POINT('',(2.8,-2.45,1.75));
#9794=CARTESIAN_POINT('',(4.25,-2.45,1.75));
#9795=CARTESIAN_POINT('',(4.,-2.,1.75));
#9796=CARTESIAN_POINT('',(4.,-1.37,1.75));
#9797=CARTESIAN_POINT('',(3.9418274946757,-0.113538097495536,1.75));
#9798=CARTESIAN_POINT('',(3.89999735292006,0.,1.75));
#9799=CARTESIAN_POINT('',(4.25,0.,1.75));
#9800=CARTESIAN_POINT('',(3.15,0.,1.75));
#9801=CARTESIAN_POINT('',(3.15,0.,1.75));
#9802=CARTESIAN_POINT('',(3.15,-0.25,1.75));
#9803=CARTESIAN_POINT('',(4.25,-0.25,1.75));
#9804=CARTESIAN_POINT('',(3.05,-0.25,1.75));
#9805=CARTESIAN_POINT('',(3.05,-0.25,1.75));
#9806=CARTESIAN_POINT('',(2.,-0.25,1.75));
#9807=CARTESIAN_POINT('',(1.9,-0.35,1.75));
#9808=CARTESIAN_POINT('',(1.8,-0.35,1.75));
#9809=CARTESIAN_POINT('',(1.8,0.,1.75));
#9810=CARTESIAN_POINT('',(1.8,-1.15,1.75));
#9811=CARTESIAN_POINT('',(1.7,-1.15,1.75));
#9812=CARTESIAN_POINT('',(-1.7,-1.15,1.75));
#9813=CARTESIAN_POINT('',(-1.8,-1.15,1.75));
#9814=CARTESIAN_POINT('',(-1.8,0.,1.75));
#9815=CARTESIAN_POINT('',(-1.8,-0.35,1.75));
#9816=CARTESIAN_POINT('',(-1.9,-0.35,1.75));
#9817=CARTESIAN_POINT('',(-1.9,-0.25,1.75));
#9818=CARTESIAN_POINT('',(4.25,-0.25,1.75));
#9819=CARTESIAN_POINT('',(-2.,-0.25,1.75));
#9820=CARTESIAN_POINT('',(-2.,-0.25,1.75));
#9821=CARTESIAN_POINT('',(-3.05,-0.25,1.75));
#9822=CARTESIAN_POINT('',(-3.15,0.,1.75));
#9823=CARTESIAN_POINT('',(-3.15,0.,1.75));
#9824=CARTESIAN_POINT('',(4.25,0.,1.75));
#9825=CARTESIAN_POINT('',(-3.89999735292006,0.,1.75));
#9826=CARTESIAN_POINT('',(-2.92596030655775,2.64379484487975,1.75));
#9827=CARTESIAN_POINT('',(-4.25,-0.95,1.75));
#9828=CARTESIAN_POINT('',(-4.25,0.,1.75));
#9829=CARTESIAN_POINT('',(-4.,0.,1.75));
#9830=CARTESIAN_POINT('',(-4.,-1.37,1.75));
#9831=CARTESIAN_POINT('',(-4.,-1.37,1.75));
#9832=CARTESIAN_POINT('',(-4.25,-1.37,1.75));
#9833=CARTESIAN_POINT('',(-4.25,-1.37,1.75));
#9834=CARTESIAN_POINT('',(-4.25,-2.,1.75));
#9835=CARTESIAN_POINT('',(-4.,-2.,1.75));
#9836=CARTESIAN_POINT('',(4.25,-2.45,1.75));
#9837=CARTESIAN_POINT('',(4.25,-2.45,1.75));
#9838=CARTESIAN_POINT('',(2.8,-2.45,2.));
#9839=CARTESIAN_POINT('',(2.8,-2.45,1.72080992435478));
#9840=CARTESIAN_POINT('',(2.8,-2.45,1.75));
#9841=CARTESIAN_POINT('',(2.8,-2.45,1.4));
#9842=CARTESIAN_POINT('',(4.25,-2.45,1.4));
#9843=CARTESIAN_POINT('',(4.25,-2.45,-1.4));
#9844=CARTESIAN_POINT('',(4.25,-2.45,-1.4));
#9845=CARTESIAN_POINT('',(0.3,-2.45,-1.4));
#9846=CARTESIAN_POINT('',(0.3,-2.45,2.));
#9847=CARTESIAN_POINT('',(4.25,-2.45,-1.75));
#9848=CARTESIAN_POINT('',(4.25,-2.45,-1.75));
#9849=CARTESIAN_POINT('',(4.25,-2.45,-1.75));
#9850=CARTESIAN_POINT('',(-4.,-2.,-1.75));
#9851=CARTESIAN_POINT('',(-4.25,-2.,-1.75));
#9852=CARTESIAN_POINT('',(-4.25,-2.,-1.75));
#9853=CARTESIAN_POINT('',(-4.25,-1.37,-1.75));
#9854=CARTESIAN_POINT('',(-4.,-1.37,-1.75));
#9855=CARTESIAN_POINT('',(-4.25,-2.45,-1.75));
#9856=CARTESIAN_POINT('',(-4.25,-0.95,-1.75));
#9857=CARTESIAN_POINT('',(-4.25,-0.95,-1.75));
#9858=CARTESIAN_POINT('',(-3.89999735292006,0.,-1.75));
#9859=CARTESIAN_POINT('',(4.25,0.,-1.75));
#9860=CARTESIAN_POINT('',(-3.15,0.,-1.75));
#9861=CARTESIAN_POINT('',(-2.19058577731602,-3.99624784116707,-1.75));
#9862=CARTESIAN_POINT('',(-2.86830489973111,-1.17334453638559,-1.75));
#9863=CARTESIAN_POINT('',(-2.77106790769135,-1.15,-1.75));
#9864=CARTESIAN_POINT('',(0.75,-1.15,-1.75));
#9865=CARTESIAN_POINT('',(0.85,-1.15,-1.75));
#9866=CARTESIAN_POINT('',(0.85,-2.45,-1.75));
#9867=CARTESIAN_POINT('',(0.85,-0.35,-1.75));
#9868=CARTESIAN_POINT('',(0.95,-0.35,-1.75));
#9869=CARTESIAN_POINT('',(0.95,-0.25,-1.75));
#9870=CARTESIAN_POINT('',(-2.65,-0.25,-1.75));
#9871=CARTESIAN_POINT('',(1.05,-0.25,-1.75));
#9872=CARTESIAN_POINT('',(1.05,-0.25,-1.75));
#9873=CARTESIAN_POINT('',(3.05,-0.25,-1.75));
#9874=CARTESIAN_POINT('',(3.15,-0.25,-1.75));
#9875=CARTESIAN_POINT('',(3.15,0.,-1.75));
#9876=CARTESIAN_POINT('',(4.25,0.,-1.75));
#9877=CARTESIAN_POINT('',(3.89999735292006,5.42101086242752E-17,-1.75));
#9878=CARTESIAN_POINT('',(3.58683708974328,0.85,-1.75));
#9879=CARTESIAN_POINT('',(4.25,-1.35,-1.75));
#9880=CARTESIAN_POINT('',(4.,-1.35,-1.75));
#9881=CARTESIAN_POINT('',(4.,-1.35,-1.75));
#9882=CARTESIAN_POINT('',(4.,-1.37,-1.75));
#9883=CARTESIAN_POINT('',(4.,-1.37,-1.75));
#9884=CARTESIAN_POINT('',(4.,-2.,-1.75));
#9885=CARTESIAN_POINT('',(4.25,-2.2,-1.75));
#9886=CARTESIAN_POINT('',(4.25,-2.45,1.75));
#9887=CARTESIAN_POINT('',(4.25,-2.45,1.4));
#9888=CARTESIAN_POINT('',(2.2,-2.45,1.4));
#9889=CARTESIAN_POINT('',(-2.2,-2.45,1.4));
#9890=CARTESIAN_POINT('',(2.2,-2.45,1.75));
#9891=CARTESIAN_POINT('',(2.2,-2.45,1.72080992435478));
#9892=CARTESIAN_POINT('',(2.2,-2.45,2.));
#9893=CARTESIAN_POINT('',(-2.2,-2.45,1.75));
#9894=CARTESIAN_POINT('',(4.25,-2.45,1.75));
#9895=CARTESIAN_POINT('',(4.25,-2.45,1.4));
#9896=CARTESIAN_POINT('',(-2.8,-2.45,1.4));
#9897=CARTESIAN_POINT('',(-2.8,-2.45,1.75));
#9898=CARTESIAN_POINT('',(4.25,-2.45,-1.4));
#9899=CARTESIAN_POINT('',(-0.3,-2.45,2.));
#9900=CARTESIAN_POINT('',(-0.3,-2.45000000000001,-1.4));
#9901=CARTESIAN_POINT('',(4.25,-2.45,-1.4));
#9902=CARTESIAN_POINT('',(4.25,-0.25,1.45));
#9903=CARTESIAN_POINT('',(-3.15,-0.25,1.45));
#9904=CARTESIAN_POINT('',(-3.15,0.,1.45));
#9905=CARTESIAN_POINT('',(-3.00705833427467,2.4236732915891,1.45));
#9906=CARTESIAN_POINT('',(-3.89999735292006,0.,1.45));
#9907=CARTESIAN_POINT('',(4.25,0.,1.45));
#9908=CARTESIAN_POINT('',(4.25,0.,1.45));
#9909=CARTESIAN_POINT('',(-3.15,0.,1.45));
#9910=CARTESIAN_POINT('',(-3.89999735292006,0.,1.45));
#9911=CARTESIAN_POINT('',(4.25,-0.25,-1.45));
#9912=CARTESIAN_POINT('',(-3.8,-0.25,-1.2));
#9913=CARTESIAN_POINT('',(-3.8,-0.25,-1.4));
#9914=CARTESIAN_POINT('',(-3.05,-0.25,-1.4));
#9915=CARTESIAN_POINT('',(-3.08998031022997,-0.25,-1.45));
#9916=CARTESIAN_POINT('',(-3.08998031022997,-0.25,-1.45));
#9917=CARTESIAN_POINT('',(4.25,-0.25,-1.45));
#9918=CARTESIAN_POINT('',(-3.99210331267794,-0.25,-1.45));
#9919=CARTESIAN_POINT('',(-3.99210331267794,-0.25,-1.45));
#9920=CARTESIAN_POINT('',(3.5,1.25,-1.35));
#9921=CARTESIAN_POINT('',(-3.07134075526354,-0.327639334016263,-1.35));
#9922=CARTESIAN_POINT('',(-2.86830489973111,-1.17334453638559,-1.35));
#9923=CARTESIAN_POINT('',(-3.5,1.25,-1.35));
#9924=CARTESIAN_POINT('',(-2.77106790769135,-1.15,-1.35));
#9925=CARTESIAN_POINT('',(4.25,-0.25,1.));
#9926=CARTESIAN_POINT('',(-1.875,-0.25,1.45));
#9927=CARTESIAN_POINT('',(-2.,-0.25,1.45));
#9928=CARTESIAN_POINT('',(-2.,-0.25,1.75));
#9929=CARTESIAN_POINT('',(-1.9,-0.25,2.));
#9930=CARTESIAN_POINT('',(-1.9,-0.25,1.35));
#9931=CARTESIAN_POINT('',(4.25,-0.25,1.35));
#9932=CARTESIAN_POINT('',(-3.5,1.25,1.35));
#9933=CARTESIAN_POINT('',(1.7,-1.15,1.35));
#9934=CARTESIAN_POINT('',(1.8,-1.15,1.35));
#9935=CARTESIAN_POINT('',(1.8,1.25,1.35));
#9936=CARTESIAN_POINT('',(1.8,-0.35,1.35));
#9937=CARTESIAN_POINT('',(1.9,-0.35,1.35));
#9938=CARTESIAN_POINT('',(3.5,1.25,1.35));
#9939=CARTESIAN_POINT('',(4.25,-0.25,-1.45));
#9940=CARTESIAN_POINT('',(0.85,-0.25,-1.65));
#9941=CARTESIAN_POINT('',(1.05,-0.25,-1.65));
#9942=CARTESIAN_POINT('',(1.05,-0.25,-1.75));
#9943=CARTESIAN_POINT('',(0.95,-0.25,-2.));
#9944=CARTESIAN_POINT('',(4.25,-0.25,-1.));
#9945=CARTESIAN_POINT('',(-4.,-1.12,-1.));
#9946=CARTESIAN_POINT('',(-4.,-1.12,-1.));
#9947=CARTESIAN_POINT('',(-4.,-1.12,-1.));
#9948=CARTESIAN_POINT('',(-4.25,-1.12,-1.));
#9949=CARTESIAN_POINT('',(-4.25,-0.25,-1.));
#9950=CARTESIAN_POINT('',(-3.5,-0.25,-1.));
#9951=CARTESIAN_POINT('',(-3.00705833427467,2.4236732915891,-1.));
#9952=CARTESIAN_POINT('',(4.25,-1.25,1.));
#9953=CARTESIAN_POINT('',(-4.25,-1.25,1.));
#9954=CARTESIAN_POINT('',(-4.25,-1.12,1.));
#9955=CARTESIAN_POINT('',(-4.,-1.12,1.));
#9956=CARTESIAN_POINT('',(-4.,-1.12,1.));
#9957=CARTESIAN_POINT('',(-4.,0.,1.));
#9958=CARTESIAN_POINT('',(-3.33145044514235,1.54318707842651,1.));
#9959=CARTESIAN_POINT('',(-3.5,-1.25,1.));
#9960=CARTESIAN_POINT('',(-4.,-1.,1.));
#9961=CARTESIAN_POINT('',(4.25,-0.25,1.));
#9962=CARTESIAN_POINT('',(3.25,-0.25,1.6));
#9963=CARTESIAN_POINT('',(3.25,-0.25,1.4));
#9964=CARTESIAN_POINT('',(3.05,-0.25,1.6));
#9965=CARTESIAN_POINT('',(3.05,-0.25,1.75));
#9966=CARTESIAN_POINT('',(3.15,-0.25,4.25));
#9967=CARTESIAN_POINT('',(3.15,-0.25,1.45));
#9968=CARTESIAN_POINT('',(4.25,-0.25,1.45));
#9969=CARTESIAN_POINT('',(3.99210331267794,-0.25,1.45));
#9970=CARTESIAN_POINT('',(3.99210331267794,-0.25,1.));
#9971=CARTESIAN_POINT('',(3.8,-0.25,1.2));
#9972=CARTESIAN_POINT('',(3.79999999999999,-0.25,1.4));
#9973=CARTESIAN_POINT('',(3.25,-0.25,1.4));
#9974=CARTESIAN_POINT('',(4.25,-2.45,1.4));
#9975=CARTESIAN_POINT('',(4.25,-2.74967311138127,1.4));
#9976=CARTESIAN_POINT('',(4.25,-2.45,1.4));
#9977=CARTESIAN_POINT('',(4.25,-2.45,1.4));
#9978=CARTESIAN_POINT('',(4.25,-2.74967311138127,1.4));
#9979=CARTESIAN_POINT('',(4.25,-3.2,1.3));
#9980=CARTESIAN_POINT('',(4.25,-3.2,1.3));
#9981=CARTESIAN_POINT('',(0.,-3.2,0.));
#9982=CARTESIAN_POINT('',(0.,-3.2,-0.4));
#9983=CARTESIAN_POINT('',(-1.5,-3.2,0.));
#9984=CARTESIAN_POINT('',(-1.5,-3.2,-0.5));
#9985=CARTESIAN_POINT('',(3.4,-3.2,0.));
#9986=CARTESIAN_POINT('',(3.4,-3.2,0.4));
#9987=CARTESIAN_POINT('',(-3.4,-3.2,0.));
#9988=CARTESIAN_POINT('',(-3.4,-3.2,0.4));
#9989=CARTESIAN_POINT('',(3.55,-3.2,0.65));
#9990=CARTESIAN_POINT('',(3.55,-3.2,0.65));
#9991=CARTESIAN_POINT('',(3.25,-3.2,0.65));
#9992=CARTESIAN_POINT('',(3.25,-3.2,0.750000000000001));
#9993=CARTESIAN_POINT('',(3.15,-3.2,0.75));
#9994=CARTESIAN_POINT('',(3.15,-3.2,0.75));
#9995=CARTESIAN_POINT('',(3.15,-3.2,1.05));
#9996=CARTESIAN_POINT('',(3.25,-3.2,1.05));
#9997=CARTESIAN_POINT('',(3.25,-3.2,1.15));
#9998=CARTESIAN_POINT('',(3.25,-3.2,1.15));
#9999=CARTESIAN_POINT('',(3.55,-3.2,1.15));
#10000=CARTESIAN_POINT('',(3.55,-3.2,1.05));
#10001=CARTESIAN_POINT('',(3.65,-3.2,1.05));
#10002=CARTESIAN_POINT('',(3.65,-3.2,1.05));
#10003=CARTESIAN_POINT('',(3.65,-3.2,0.75));
#10004=CARTESIAN_POINT('',(3.55,-3.2,0.75));
#10005=CARTESIAN_POINT('',(-3.25,-3.2,0.65));
#10006=CARTESIAN_POINT('',(-3.25,-3.2,0.65));
#10007=CARTESIAN_POINT('',(-3.55,-3.2,0.65));
#10008=CARTESIAN_POINT('',(-3.55,-3.2,0.75));
#10009=CARTESIAN_POINT('',(-3.65,-3.2,0.75));
#10010=CARTESIAN_POINT('',(-3.65,-3.2,0.75));
#10011=CARTESIAN_POINT('',(-3.65,-3.2,1.05));
#10012=CARTESIAN_POINT('',(-3.55,-3.2,1.05));
#10013=CARTESIAN_POINT('',(-3.55,-3.2,1.15));
#10014=CARTESIAN_POINT('',(-3.55,-3.2,1.15));
#10015=CARTESIAN_POINT('',(-3.25,-3.2,1.15));
#10016=CARTESIAN_POINT('',(-3.25,-3.2,1.05));
#10017=CARTESIAN_POINT('',(-3.15,-3.2,1.05));
#10018=CARTESIAN_POINT('',(-3.15,-3.2,1.05));
#10019=CARTESIAN_POINT('',(-3.15,-3.2,0.75));
#10020=CARTESIAN_POINT('',(-3.25,-3.2,0.750000000000001));
#10021=CARTESIAN_POINT('',(3.55,-3.2,-1.15));
#10022=CARTESIAN_POINT('',(3.55,-3.2,-1.15));
#10023=CARTESIAN_POINT('',(3.25,-3.2,-1.15));
#10024=CARTESIAN_POINT('',(3.25,-3.2,-1.05));
#10025=CARTESIAN_POINT('',(3.15,-3.2,-1.05));
#10026=CARTESIAN_POINT('',(3.15,-3.2,-1.05));
#10027=CARTESIAN_POINT('',(3.15,-3.2,-0.75));
#10028=CARTESIAN_POINT('',(3.25,-3.2,-0.750000000000001));
#10029=CARTESIAN_POINT('',(3.25,-3.2,-0.65));
#10030=CARTESIAN_POINT('',(3.25,-3.2,-0.65));
#10031=CARTESIAN_POINT('',(3.55,-3.2,-0.65));
#10032=CARTESIAN_POINT('',(3.55,-3.2,-0.75));
#10033=CARTESIAN_POINT('',(3.65,-3.2,-0.75));
#10034=CARTESIAN_POINT('',(3.65,-3.2,-0.75));
#10035=CARTESIAN_POINT('',(3.65,-3.2,-1.05));
#10036=CARTESIAN_POINT('',(3.55,-3.2,-1.05));
#10037=CARTESIAN_POINT('',(-3.25,-3.2,-1.15));
#10038=CARTESIAN_POINT('',(-3.25,-3.2,-1.15));
#10039=CARTESIAN_POINT('',(-3.55,-3.2,-1.15));
#10040=CARTESIAN_POINT('',(-3.55,-3.2,-1.05));
#10041=CARTESIAN_POINT('',(-3.65,-3.2,-1.05));
#10042=CARTESIAN_POINT('',(-3.65,-3.2,-1.05));
#10043=CARTESIAN_POINT('',(-3.65,-3.2,-0.75));
#10044=CARTESIAN_POINT('',(-3.55,-3.2,-0.75));
#10045=CARTESIAN_POINT('',(-3.55,-3.2,-0.65));
#10046=CARTESIAN_POINT('',(-3.55,-3.2,-0.65));
#10047=CARTESIAN_POINT('',(-3.25,-3.2,-0.65));
#10048=CARTESIAN_POINT('',(-3.25,-3.2,-0.750000000000001));
#10049=CARTESIAN_POINT('',(-3.15,-3.2,-0.75));
#10050=CARTESIAN_POINT('',(-3.15,-3.2,-0.75));
#10051=CARTESIAN_POINT('',(-3.15,-3.2,-1.05));
#10052=CARTESIAN_POINT('',(-3.25,-3.2,-1.05));
#10053=CARTESIAN_POINT('',(4.25,-3.2,-1.3));
#10054=CARTESIAN_POINT('',(4.25,-3.2,-1.3));
#10055=CARTESIAN_POINT('',(4.25,-2.74967311138127,-1.4));
#10056=CARTESIAN_POINT('',(4.25,-2.74967311138127,-1.4));
#10057=CARTESIAN_POINT('',(4.25,-2.45,-1.4));
#10058=CARTESIAN_POINT('',(4.25,0.,-1.75));
#10059=CARTESIAN_POINT('',(4.25,0.,-1.45));
#10060=CARTESIAN_POINT('',(-3.15,0.,-1.45));
#10061=CARTESIAN_POINT('',(-3.89999735292006,4.33680868994202E-16,-1.45));
#10062=CARTESIAN_POINT('',(-3.15,0.,-2.));
#10063=CARTESIAN_POINT('',(-3.89999735292006,0.,-1.75));
#10064=CARTESIAN_POINT('',(4.25,0.,-1.75));
#10065=CARTESIAN_POINT('',(3.15,0.,-1.75));
#10066=CARTESIAN_POINT('',(3.15,0.,-1.45));
#10067=CARTESIAN_POINT('',(4.25,0.,-1.45));
#10068=CARTESIAN_POINT('',(3.89999735292006,0.,-1.45));
#10069=CARTESIAN_POINT('',(3.89999735292006,0.,-1.75));
#10070=CARTESIAN_POINT('',(4.25,0.,-1.45));
#10071=CARTESIAN_POINT('',(-2.74672413949696,-1.67976484903632,-1.45));
#10072=CARTESIAN_POINT('',(-2.92596030655775,2.64379484487975,-1.45));
#10073=CARTESIAN_POINT('',(4.25,0.,-1.45));
#10074=CARTESIAN_POINT('',(3.15,0.,-1.45));
#10075=CARTESIAN_POINT('',(3.9418274946757,-0.113538097495536,-1.45));
#10076=CARTESIAN_POINT('',(4.25,-0.25,1.45));
#10077=CARTESIAN_POINT('',(3.15,-0.25,1.45));
#10078=CARTESIAN_POINT('',(3.15,0.,1.45));
#10079=CARTESIAN_POINT('',(4.25,0.,1.45));
#10080=CARTESIAN_POINT('',(3.89999735292006,0.,1.45));
#10081=CARTESIAN_POINT('',(4.02292552239262,-0.333659650786185,1.45));
#10082=CARTESIAN_POINT('',(4.25,0.,1.45));
#10083=CARTESIAN_POINT('',(3.15,0.,1.45));
#10084=CARTESIAN_POINT('',(3.89999735292006,0.,1.45));
#10085=CARTESIAN_POINT('',(-4.25,-0.95,4.25));
#10086=CARTESIAN_POINT('',(-4.25,-0.95,0.));
#10087=CARTESIAN_POINT('',(-4.25,-0.95,4.25));
#10088=CARTESIAN_POINT('',(-4.25,-0.95,0.));
#10089=CARTESIAN_POINT('',(-4.,-4.,4.25));
#10090=CARTESIAN_POINT('',(-4.,-1.245,1.));
#10091=CARTESIAN_POINT('',(-4.,-1.37,1.));
#10092=CARTESIAN_POINT('',(-4.,-1.37,1.));
#10093=CARTESIAN_POINT('',(4.25,-1.35,4.25));
#10094=CARTESIAN_POINT('',(4.,-1.35,4.25));
#10095=CARTESIAN_POINT('',(4.,-1.35,4.25));
#10096=CARTESIAN_POINT('',(4.,-1.37,-1.75));
#10097=CARTESIAN_POINT('',(4.,-1.37,-1.));
#10098=CARTESIAN_POINT('',(4.,-1.245,-1.));
#10099=CARTESIAN_POINT('',(3.58683708974328,0.85,4.25));
#10100=CARTESIAN_POINT('',(4.3473176332603,-1.21414586394878,1.));
#10101=CARTESIAN_POINT('',(3.58683708974328,0.85,4.25));
#10102=CARTESIAN_POINT('',(3.58683708974328,0.85,-1.));
#10103=CARTESIAN_POINT('',(3.15,-0.25,4.25));
#10104=CARTESIAN_POINT('',(3.15,-0.25,4.25));
#10105=CARTESIAN_POINT('',(3.5,1.25,1.35));
#10106=CARTESIAN_POINT('',(-3.5,1.25,1.35));
#10107=CARTESIAN_POINT('',(-1.9,-0.35,1.35));
#10108=CARTESIAN_POINT('',(-1.8,-0.35,1.35));
#10109=CARTESIAN_POINT('',(-1.8,1.25,1.35));
#10110=CARTESIAN_POINT('',(-1.8,-1.15,1.35));
#10111=CARTESIAN_POINT('',(-1.7,-1.15,1.35));
#10112=CARTESIAN_POINT('',(-3.5,1.25,1.35));
#10113=CARTESIAN_POINT('',(-3.5,1.25,-1.35));
#10114=CARTESIAN_POINT('',(3.5,1.25,-1.35));
#10115=CARTESIAN_POINT('',(0.75,-1.15,-1.35));
#10116=CARTESIAN_POINT('',(0.85,-1.15,-1.35));
#10117=CARTESIAN_POINT('',(3.5,1.25,-1.35));
#10118=CARTESIAN_POINT('',(0.95,-0.35,-1.35));
#10119=CARTESIAN_POINT('',(0.85,-0.35,-1.35));
#10120=CARTESIAN_POINT('',(0.85,1.25,-1.35));
#10121=CARTESIAN_POINT('',(-3.5,1.25,-1.35));
#10122=CARTESIAN_POINT('',(3.5,1.25,1.35));
#10123=CARTESIAN_POINT('',(-1.9,-0.35,2.));
#10124=CARTESIAN_POINT('',(-1.8,-0.35,2.));
#10125=CARTESIAN_POINT('',(-1.8,-0.35,2.));
#10126=CARTESIAN_POINT('',(-1.8,-1.15,2.));
#10127=CARTESIAN_POINT('',(-1.7,-1.15,2.));
#10128=CARTESIAN_POINT('',(1.7,-1.15,2.));
#10129=CARTESIAN_POINT('',(1.8,-1.15,2.));
#10130=CARTESIAN_POINT('',(1.8,-1.15,2.));
#10131=CARTESIAN_POINT('',(1.8,-0.35,2.));
#10132=CARTESIAN_POINT('',(1.9,-0.35,2.));
#10133=CARTESIAN_POINT('',(-3.15,0.,-2.));
#10134=CARTESIAN_POINT('',(-2.86830489973111,-1.17334453638559,-2.));
#10135=CARTESIAN_POINT('',(-2.77106790769135,-1.15,-2.));
#10136=CARTESIAN_POINT('',(0.75,-1.15,-2.));
#10137=CARTESIAN_POINT('',(0.85,-1.15,-2.));
#10138=CARTESIAN_POINT('',(0.85,-1.15,-2.));
#10139=CARTESIAN_POINT('',(0.85,-0.35,-2.));
#10140=CARTESIAN_POINT('',(0.95,-0.35,-2.));
#10141=CARTESIAN_POINT('',(-3.15,0.75,2.));
#10142=CARTESIAN_POINT('',(0.3,-2.2,2.));
#10143=CARTESIAN_POINT('',(0.3,-2.20000000000001,-1.35));
#10144=CARTESIAN_POINT('',(2.2,-2.2,2.));
#10145=CARTESIAN_POINT('',(2.2,-2.6,1.35));
#10146=CARTESIAN_POINT('',(2.8,-2.45,2.));
#10147=CARTESIAN_POINT('',(2.8,-2.6,1.35));
#10148=CARTESIAN_POINT('',(-3.55,-3.5,-1.05));
#10149=CARTESIAN_POINT('',(-3.55,-3.5,-1.15));
#10150=CARTESIAN_POINT('',(-3.55,-3.5,-1.15));
#10151=CARTESIAN_POINT('',(-3.55,-3.5,-1.05));
#10152=CARTESIAN_POINT('',(-3.65,-3.5,-1.05));
#10153=CARTESIAN_POINT('',(-3.65,-3.5,-1.05));
#10154=CARTESIAN_POINT('',(-3.65,-3.5,-1.05));
#10155=CARTESIAN_POINT('',(-3.65,-3.5,-1.05));
#10156=CARTESIAN_POINT('',(-3.65,-3.5,-0.75));
#10157=CARTESIAN_POINT('',(-3.65,-3.5,-0.75));
#10158=CARTESIAN_POINT('',(-3.55,-3.5,-0.75));
#10159=CARTESIAN_POINT('',(-3.55,-3.5,-0.75));
#10160=CARTESIAN_POINT('',(-3.55,-3.5,-0.65));
#10161=CARTESIAN_POINT('',(-3.55,-3.5,-0.65));
#10162=CARTESIAN_POINT('',(-3.55,-3.5,-0.65));
#10163=CARTESIAN_POINT('',(-3.55,-3.5,-0.65));
#10164=CARTESIAN_POINT('',(-3.25,-3.5,-0.65));
#10165=CARTESIAN_POINT('',(-3.25,-3.5,-0.65));
#10166=CARTESIAN_POINT('',(-3.25,-3.5,-0.750000000000001));
#10167=CARTESIAN_POINT('',(-3.25,-3.5,-0.750000000000001));
#10168=CARTESIAN_POINT('',(-3.15,-3.5,-0.75));
#10169=CARTESIAN_POINT('',(-3.15,-3.5,-0.75));
#10170=CARTESIAN_POINT('',(-3.15,-3.5,-0.75));
#10171=CARTESIAN_POINT('',(-3.15,-3.5,-0.75));
#10172=CARTESIAN_POINT('',(-3.15,-3.5,-1.05));
#10173=CARTESIAN_POINT('',(-3.15,-3.5,-1.05));
#10174=CARTESIAN_POINT('',(-3.25,-3.5,-1.05));
#10175=CARTESIAN_POINT('',(-3.25,-3.5,-1.05));
#10176=CARTESIAN_POINT('',(-3.25,-3.5,-1.15));
#10177=CARTESIAN_POINT('',(-3.25,-3.5,-1.15));
#10178=CARTESIAN_POINT('',(-3.25,-3.5,-1.15));
#10179=CARTESIAN_POINT('',(-3.25,-3.5,-1.15));
#10180=CARTESIAN_POINT('',(-3.55,-3.5,-1.05));
#10181=CARTESIAN_POINT('',(3.25,-3.5,-1.05));
#10182=CARTESIAN_POINT('',(3.25,-3.5,-1.15));
#10183=CARTESIAN_POINT('',(3.25,-3.5,-1.15));
#10184=CARTESIAN_POINT('',(3.25,-3.5,-1.05));
#10185=CARTESIAN_POINT('',(3.15,-3.5,-1.05));
#10186=CARTESIAN_POINT('',(3.15,-3.5,-1.05));
#10187=CARTESIAN_POINT('',(3.15,-3.5,-1.05));
#10188=CARTESIAN_POINT('',(3.15,-3.5,-1.05));
#10189=CARTESIAN_POINT('',(3.15,-3.5,-0.75));
#10190=CARTESIAN_POINT('',(3.15,-3.5,-0.75));
#10191=CARTESIAN_POINT('',(3.25,-3.5,-0.750000000000001));
#10192=CARTESIAN_POINT('',(3.25,-3.5,-0.750000000000001));
#10193=CARTESIAN_POINT('',(3.25,-3.5,-0.65));
#10194=CARTESIAN_POINT('',(3.25,-3.5,-0.65));
#10195=CARTESIAN_POINT('',(3.25,-3.5,-0.65));
#10196=CARTESIAN_POINT('',(3.25,-3.5,-0.65));
#10197=CARTESIAN_POINT('',(3.55,-3.5,-0.65));
#10198=CARTESIAN_POINT('',(3.55,-3.5,-0.65));
#10199=CARTESIAN_POINT('',(3.55,-3.5,-0.75));
#10200=CARTESIAN_POINT('',(3.55,-3.5,-0.75));
#10201=CARTESIAN_POINT('',(3.65,-3.5,-0.75));
#10202=CARTESIAN_POINT('',(3.65,-3.5,-0.75));
#10203=CARTESIAN_POINT('',(3.65,-3.5,-0.75));
#10204=CARTESIAN_POINT('',(3.65,-3.5,-0.75));
#10205=CARTESIAN_POINT('',(3.65,-3.5,-1.05));
#10206=CARTESIAN_POINT('',(3.65,-3.5,-1.05));
#10207=CARTESIAN_POINT('',(3.55,-3.5,-1.05));
#10208=CARTESIAN_POINT('',(3.55,-3.5,-1.05));
#10209=CARTESIAN_POINT('',(3.55,-3.5,-1.15));
#10210=CARTESIAN_POINT('',(3.55,-3.5,-1.15));
#10211=CARTESIAN_POINT('',(3.55,-3.5,-1.15));
#10212=CARTESIAN_POINT('',(3.55,-3.5,-1.15));
#10213=CARTESIAN_POINT('',(3.25,-3.5,-1.05));
#10214=CARTESIAN_POINT('',(-3.55,-3.5,0.75));
#10215=CARTESIAN_POINT('',(-3.55,-3.5,0.65));
#10216=CARTESIAN_POINT('',(-3.55,-3.5,0.65));
#10217=CARTESIAN_POINT('',(-3.55,-3.5,0.75));
#10218=CARTESIAN_POINT('',(-3.65,-3.5,0.75));
#10219=CARTESIAN_POINT('',(-3.65,-3.5,0.75));
#10220=CARTESIAN_POINT('',(-3.65,-3.5,0.75));
#10221=CARTESIAN_POINT('',(-3.65,-3.5,0.75));
#10222=CARTESIAN_POINT('',(-3.65,-3.5,1.05));
#10223=CARTESIAN_POINT('',(-3.65,-3.5,1.05));
#10224=CARTESIAN_POINT('',(-3.55,-3.5,1.05));
#10225=CARTESIAN_POINT('',(-3.55,-3.5,1.05));
#10226=CARTESIAN_POINT('',(-3.55,-3.5,1.15));
#10227=CARTESIAN_POINT('',(-3.55,-3.5,1.15));
#10228=CARTESIAN_POINT('',(-3.55,-3.5,1.15));
#10229=CARTESIAN_POINT('',(-3.55,-3.5,1.15));
#10230=CARTESIAN_POINT('',(-3.25,-3.5,1.15));
#10231=CARTESIAN_POINT('',(-3.25,-3.5,1.15));
#10232=CARTESIAN_POINT('',(-3.25,-3.5,1.05));
#10233=CARTESIAN_POINT('',(-3.25,-3.5,1.05));
#10234=CARTESIAN_POINT('',(-3.15,-3.5,1.05));
#10235=CARTESIAN_POINT('',(-3.15,-3.5,1.05));
#10236=CARTESIAN_POINT('',(-3.15,-3.5,1.05));
#10237=CARTESIAN_POINT('',(-3.15,-3.5,1.05));
#10238=CARTESIAN_POINT('',(-3.15,-3.5,0.75));
#10239=CARTESIAN_POINT('',(-3.15,-3.5,0.75));
#10240=CARTESIAN_POINT('',(-3.25,-3.5,0.750000000000001));
#10241=CARTESIAN_POINT('',(-3.25,-3.5,0.750000000000001));
#10242=CARTESIAN_POINT('',(-3.25,-3.5,0.65));
#10243=CARTESIAN_POINT('',(-3.25,-3.5,0.65));
#10244=CARTESIAN_POINT('',(-3.25,-3.5,0.65));
#10245=CARTESIAN_POINT('',(-3.25,-3.5,0.65));
#10246=CARTESIAN_POINT('',(-3.55,-3.5,0.75));
#10247=CARTESIAN_POINT('',(3.25,-3.5,0.750000000000001));
#10248=CARTESIAN_POINT('',(3.25,-3.5,0.65));
#10249=CARTESIAN_POINT('',(3.25,-3.5,0.65));
#10250=CARTESIAN_POINT('',(3.25,-3.5,0.750000000000001));
#10251=CARTESIAN_POINT('',(3.15,-3.5,0.75));
#10252=CARTESIAN_POINT('',(3.15,-3.5,0.75));
#10253=CARTESIAN_POINT('',(3.15,-3.5,0.75));
#10254=CARTESIAN_POINT('',(3.15,-3.5,0.75));
#10255=CARTESIAN_POINT('',(3.15,-3.5,1.05));
#10256=CARTESIAN_POINT('',(3.15,-3.5,1.05));
#10257=CARTESIAN_POINT('',(3.25,-3.5,1.05));
#10258=CARTESIAN_POINT('',(3.25,-3.5,1.05));
#10259=CARTESIAN_POINT('',(3.25,-3.5,1.15));
#10260=CARTESIAN_POINT('',(3.25,-3.5,1.15));
#10261=CARTESIAN_POINT('',(3.25,-3.5,1.15));
#10262=CARTESIAN_POINT('',(3.25,-3.5,1.15));
#10263=CARTESIAN_POINT('',(3.55,-3.5,1.15));
#10264=CARTESIAN_POINT('',(3.55,-3.5,1.15));
#10265=CARTESIAN_POINT('',(3.55,-3.5,1.05));
#10266=CARTESIAN_POINT('',(3.55,-3.5,1.05));
#10267=CARTESIAN_POINT('',(3.65,-3.5,1.05));
#10268=CARTESIAN_POINT('',(3.65,-3.5,1.05));
#10269=CARTESIAN_POINT('',(3.65,-3.5,1.05));
#10270=CARTESIAN_POINT('',(3.65,-3.5,1.05));
#10271=CARTESIAN_POINT('',(3.65,-3.5,0.75));
#10272=CARTESIAN_POINT('',(3.65,-3.5,0.75));
#10273=CARTESIAN_POINT('',(3.55,-3.5,0.75));
#10274=CARTESIAN_POINT('',(3.55,-3.5,0.75));
#10275=CARTESIAN_POINT('',(3.55,-3.5,0.65));
#10276=CARTESIAN_POINT('',(3.55,-3.5,0.65));
#10277=CARTESIAN_POINT('',(3.55,-3.5,0.65));
#10278=CARTESIAN_POINT('',(3.55,-3.5,0.65));
#10279=CARTESIAN_POINT('',(3.25,-3.5,0.750000000000001));
#10280=CARTESIAN_POINT('',(-3.4,-4.3,0.));
#10281=CARTESIAN_POINT('',(-3.4,-4.3,0.));
#10282=CARTESIAN_POINT('',(-3.4,-4.3,0.2));
#10283=CARTESIAN_POINT('',(-3.4,-4.3,0.));
#10284=CARTESIAN_POINT('',(-3.4,-4.1,0.));
#10285=CARTESIAN_POINT('',(-3.4,-4.1,0.4));
#10286=CARTESIAN_POINT('',(-3.4,-3.2,0.));
#10287=CARTESIAN_POINT('',(3.4,-4.3,0.));
#10288=CARTESIAN_POINT('',(3.4,-4.3,0.));
#10289=CARTESIAN_POINT('',(3.4,-4.3,0.2));
#10290=CARTESIAN_POINT('',(3.4,-4.3,0.));
#10291=CARTESIAN_POINT('',(3.4,-4.1,0.));
#10292=CARTESIAN_POINT('',(3.4,-4.1,0.4));
#10293=CARTESIAN_POINT('',(3.4,-3.2,0.));
#10294=CARTESIAN_POINT('',(-1.5,-2.9,0.));
#10295=CARTESIAN_POINT('',(-1.5,-2.9,0.));
#10296=CARTESIAN_POINT('',(-1.5,-2.9,-0.5));
#10297=CARTESIAN_POINT('',(-1.5,-3.2,0.));
#10298=CARTESIAN_POINT('',(0.,-2.9,0.));
#10299=CARTESIAN_POINT('',(0.,-2.9,0.));
#10300=CARTESIAN_POINT('',(0.,-2.9,-0.4));
#10301=CARTESIAN_POINT('',(0.,-3.2,0.));
#10302=CARTESIAN_POINT('',(-4.25,-0.25,-1.));
#10303=CARTESIAN_POINT('',(-4.25,-0.25,1.2));
#10304=CARTESIAN_POINT('',(-4.25,-1.245,-1.));
#10305=CARTESIAN_POINT('',(-4.25,-1.37,-1.));
#10306=CARTESIAN_POINT('',(-4.25,-1.37,-1.75));
#10307=CARTESIAN_POINT('',(-4.25,-2.,-1.55));
#10308=CARTESIAN_POINT('',(-4.25,-2.2,-1.55));
#10309=CARTESIAN_POINT('',(-4.25,-2.2,1.55));
#10310=CARTESIAN_POINT('',(-4.25,-2.2,1.55));
#10311=CARTESIAN_POINT('',(-4.25,-2.,1.55));
#10312=CARTESIAN_POINT('',(-4.25,-1.37,1.));
#10313=CARTESIAN_POINT('',(-4.25,-1.37,1.));
#10314=CARTESIAN_POINT('',(-4.25,-1.245,1.));
#10315=CARTESIAN_POINT('',(-4.2,-0.25,1.2));
#10316=CARTESIAN_POINT('',(-4.,-0.25,1.2));
#10317=CARTESIAN_POINT('',(-4.,-1.62630325872826E-16,1.2));
#10318=CARTESIAN_POINT('',(-4.,-1.62630325872828E-16,1.14206121972251));
#10319=CARTESIAN_POINT('',(-4.05563375419107,0.00733034203488903,1.02649988805115));
#10320=CARTESIAN_POINT('',(-4.16523578558476,-0.053647714112842,0.999999999999982));
#10321=CARTESIAN_POINT('',(-4.20000000000008,-0.0999999999999354,0.999999999999997));
#10322=CARTESIAN_POINT('',(-3.8,-0.25,1.2));
#10323=CARTESIAN_POINT('',(-3.79999999999999,-0.25,1.4));
#10324=CARTESIAN_POINT('',(-3.79999999999999,-0.25,1.4));
#10325=CARTESIAN_POINT('',(-3.25,-0.25,1.4));
#10326=CARTESIAN_POINT('',(-3.25,-0.25,1.6));
#10327=CARTESIAN_POINT('',(-3.05,-0.25,1.6));
#10328=CARTESIAN_POINT('',(-3.05,-0.25,1.6));
#10329=CARTESIAN_POINT('',(-2.,-0.25,1.75));
#10330=CARTESIAN_POINT('',(-2.,-0.25,1.45));
#10331=CARTESIAN_POINT('',(-1.875,-0.25,1.45));
#10332=CARTESIAN_POINT('',(-1.75,-0.25,1.75));
#10333=CARTESIAN_POINT('',(1.775,-0.3,1.75));
#10334=CARTESIAN_POINT('',(-1.55,-0.949999999999999,1.75));
#10335=CARTESIAN_POINT('',(-1.55,-1.15,1.75));
#10336=CARTESIAN_POINT('',(-1.55,-1.15,1.75));
#10337=CARTESIAN_POINT('',(1.55,-1.15,1.75));
#10338=CARTESIAN_POINT('',(1.55,-0.949999999999999,1.75));
#10339=CARTESIAN_POINT('',(1.875,-0.25,1.45000000000001));
#10340=CARTESIAN_POINT('',(2.,-0.25,1.45000000000001));
#10341=CARTESIAN_POINT('',(2.,-0.25,1.45000000000001));
#10342=CARTESIAN_POINT('',(3.05,-0.25,1.75));
#10343=CARTESIAN_POINT('',(3.05,-0.25,1.6));
#10344=CARTESIAN_POINT('',(3.25,-0.25,1.6));
#10345=CARTESIAN_POINT('',(3.25,-0.25,1.4));
#10346=CARTESIAN_POINT('',(3.25,-0.25,1.4));
#10347=CARTESIAN_POINT('',(3.79999999999999,-0.25,1.4));
#10348=CARTESIAN_POINT('',(3.8,-0.25,1.2));
#10349=CARTESIAN_POINT('',(4.,-0.25,1.20000000000001));
#10350=CARTESIAN_POINT('',(4.2,-0.25,1.2));
#10351=CARTESIAN_POINT('',(4.20000000000001,-0.25,1.));
#10352=CARTESIAN_POINT('',(4.20000000000001,-0.100000000000008,1.));
#10353=CARTESIAN_POINT('',(4.20000000000001,-0.100000000000008,1.));
#10354=CARTESIAN_POINT('',(4.16528932490046,-0.0537190998672796,0.999999999999999));
#10355=CARTESIAN_POINT('',(4.05645786230694,0.00712040364459833,1.02576712145738));
#10356=CARTESIAN_POINT('',(4.,4.76456035591775E-19,1.1420582788527));
#10357=CARTESIAN_POINT('',(4.,4.76456035591557E-19,1.2));
#10358=CARTESIAN_POINT('',(4.20000000000001,-0.25,1.));
#10359=CARTESIAN_POINT('',(4.,-0.250000000000001,1.));
#10360=CARTESIAN_POINT('',(4.,0.,1.));
#10361=CARTESIAN_POINT('',(4.25,-0.25,-1.));
#10362=CARTESIAN_POINT('',(4.,-0.250000000000001,-1.));
#10363=CARTESIAN_POINT('',(4.2,-0.100000000000001,-1.));
#10364=CARTESIAN_POINT('',(4.,-1.12,-1.));
#10365=CARTESIAN_POINT('',(4.2,-0.25,-1.));
#10366=CARTESIAN_POINT('',(4.2,-0.25,-1.2));
#10367=CARTESIAN_POINT('',(4.,-0.25,-1.19999997658692));
#10368=CARTESIAN_POINT('',(4.,0.,-1.19999997658692));
#10369=CARTESIAN_POINT('',(4.00000000678263,-7.05958864215853E-23,-1.14206120024265));
#10370=CARTESIAN_POINT('',(4.05563376704455,0.00733033859791032,-1.02649988270955));
#10371=CARTESIAN_POINT('',(4.16523578795081,-0.0536477172675716,-0.999999999999983));
#10372=CARTESIAN_POINT('',(4.20000000000008,-0.0999999999999279,-0.999999999999997));
#10373=CARTESIAN_POINT('',(3.8,-0.25,-1.2));
#10374=CARTESIAN_POINT('',(3.8,-0.25,-1.4));
#10375=CARTESIAN_POINT('',(3.8,-0.25,-1.4));
#10376=CARTESIAN_POINT('',(3.25,-0.25,-1.4));
#10377=CARTESIAN_POINT('',(3.25,-0.25,-1.6));
#10378=CARTESIAN_POINT('',(3.05,-0.25,-1.6));
#10379=CARTESIAN_POINT('',(3.05,-0.25,-1.6));
#10380=CARTESIAN_POINT('',(1.05,-0.25,-1.75));
#10381=CARTESIAN_POINT('',(1.05,-0.25,-1.65));
#10382=CARTESIAN_POINT('',(0.85,-0.25,-1.65));
#10383=CARTESIAN_POINT('',(0.85,-0.25,-1.45));
#10384=CARTESIAN_POINT('',(0.85,-0.25,-1.45));
#10385=CARTESIAN_POINT('',(-1.8,-0.25,-1.45));
#10386=CARTESIAN_POINT('',(-1.925,-0.25,-1.45));
#10387=CARTESIAN_POINT('',(-2.05,-0.25,-1.45));
#10388=CARTESIAN_POINT('',(-3.05,-0.25,-1.45));
#10389=CARTESIAN_POINT('',(-3.05,-0.3,-1.45));
#10390=CARTESIAN_POINT('',(-3.05,-0.3,-1.75));
#10391=CARTESIAN_POINT('',(-3.05,-0.3,-1.5));
#10392=CARTESIAN_POINT('',(-3.05,-0.3,-1.5));
#10393=CARTESIAN_POINT('',(-3.05,-0.3,-1.45));
#10394=CARTESIAN_POINT('',(-3.05,-0.25,-1.4));
#10395=CARTESIAN_POINT('',(-3.05,-0.25,-1.4));
#10396=CARTESIAN_POINT('',(-3.8,-0.25,-1.4));
#10397=CARTESIAN_POINT('',(-3.8,-0.25,-1.2));
#10398=CARTESIAN_POINT('',(-4.,-0.25,-1.19999997658691));
#10399=CARTESIAN_POINT('',(-4.2,-0.25,-1.2));
#10400=CARTESIAN_POINT('',(-4.2,-0.100000000000001,-1.));
#10401=CARTESIAN_POINT('',(-4.16528932490046,-0.0537190998672757,-1.));
#10402=CARTESIAN_POINT('',(-4.05645786230694,0.00712040364459662,-1.02576712145738));
#10403=CARTESIAN_POINT('',(-4.,-1.56365259910885E-16,-1.1420582788527));
#10404=CARTESIAN_POINT('',(-4.,-1.56365259910884E-16,-1.2));
#10405=CARTESIAN_POINT('',(-1.7,-0.25,-0.7));
#10406=CARTESIAN_POINT('',(-1.8,-0.25,-0.7));
#10407=CARTESIAN_POINT('',(-1.7,-0.25,-0.8));
#10408=CARTESIAN_POINT('',(1.7,-0.25,-0.8));
#10409=CARTESIAN_POINT('',(1.7,-0.25,-0.8));
#10410=CARTESIAN_POINT('',(1.7,-0.25,-0.7));
#10411=CARTESIAN_POINT('',(1.8,-0.25,-0.7));
#10412=CARTESIAN_POINT('',(1.8,-0.25,0.7));
#10413=CARTESIAN_POINT('',(1.8,-0.25,0.7));
#10414=CARTESIAN_POINT('',(1.7,-0.25,0.7));
#10415=CARTESIAN_POINT('',(1.7,-0.25,0.8));
#10416=CARTESIAN_POINT('',(-1.7,-0.25,0.8));
#10417=CARTESIAN_POINT('',(-1.7,-0.25,0.8));
#10418=CARTESIAN_POINT('',(-1.7,-0.25,0.7));
#10419=CARTESIAN_POINT('',(-1.8,-0.25,0.7));
#10420=CARTESIAN_POINT('',(-1.8,-0.25,-0.7));
#10421=CARTESIAN_POINT('',(4.,-2.,1.55));
#10422=CARTESIAN_POINT('',(4.,-1.245,-1.));
#10423=CARTESIAN_POINT('',(4.,-1.245,1.));
#10424=CARTESIAN_POINT('',(4.,-2.,1.55));
#10425=CARTESIAN_POINT('',(4.,-2.2,1.55));
#10426=CARTESIAN_POINT('',(4.,-2.2,1.55));
#10427=CARTESIAN_POINT('',(4.,-2.2,-1.55));
#10428=CARTESIAN_POINT('',(4.,-2.,-1.55));
#10429=CARTESIAN_POINT('',(4.,-1.37,-1.75));
#10430=CARTESIAN_POINT('',(4.,-1.37,-1.));
#10431=CARTESIAN_POINT('',(4.,-1.245,-1.));
#10432=CARTESIAN_POINT('',(4.,-1.245,1.));
#10433=CARTESIAN_POINT('',(4.,-1.37,1.));
#10434=CARTESIAN_POINT('',(4.,-1.37,1.));
#10435=CARTESIAN_POINT('',(-4.,-2.,1.55));
#10436=CARTESIAN_POINT('',(-4.,-1.245,-1.));
#10437=CARTESIAN_POINT('',(-4.,-1.245,1.));
#10438=CARTESIAN_POINT('',(-4.,-2.,1.55));
#10439=CARTESIAN_POINT('',(-4.,-2.2,1.55));
#10440=CARTESIAN_POINT('',(-4.,-2.2,1.55));
#10441=CARTESIAN_POINT('',(-4.,-2.2,-1.55));
#10442=CARTESIAN_POINT('',(-4.,-2.,-1.55));
#10443=CARTESIAN_POINT('',(-4.,-1.37,-1.75));
#10444=CARTESIAN_POINT('',(-4.,-1.37,-1.));
#10445=CARTESIAN_POINT('',(-4.,-1.245,-1.));
#10446=CARTESIAN_POINT('',(-4.,-1.245,1.));
#10447=CARTESIAN_POINT('',(-4.,-1.37,1.));
#10448=CARTESIAN_POINT('',(-4.,-1.37,1.));
#10449=CARTESIAN_POINT('',(4.,-0.250000000000001,1.2));
#10450=CARTESIAN_POINT('',(-4.,-0.250000000000001,1.2));
#10451=CARTESIAN_POINT('',(-1.55,-0.949999999999999,1.5));
#10452=CARTESIAN_POINT('',(1.55,-0.949999999999999,1.5));
#10453=CARTESIAN_POINT('',(1.55,-1.15,1.5));
#10454=CARTESIAN_POINT('',(-1.55,-1.15,1.5));
#10455=CARTESIAN_POINT('',(-1.55,-1.15,1.5));
#10456=CARTESIAN_POINT('',(-1.55,-0.949999999999999,1.5));
#10457=CARTESIAN_POINT('',(-1.55,-0.949999999999999,1.5));
#10458=CARTESIAN_POINT('',(-1.55,-1.15,1.5));
#10459=CARTESIAN_POINT('',(-1.55,-1.15,1.5));
#10460=CARTESIAN_POINT('',(1.55,-1.15,1.5));
#10461=CARTESIAN_POINT('',(1.55,-0.949999999999999,1.5));
#10462=CARTESIAN_POINT('',(1.775,-0.3,1.45));
#10463=CARTESIAN_POINT('',(-3.05,-0.3,-1.45));
#10464=CARTESIAN_POINT('',(-2.05,-0.3,-1.45));
#10465=CARTESIAN_POINT('',(-2.05,-0.3,-1.5));
#10466=CARTESIAN_POINT('',(-3.05,-0.3,-1.5));
#10467=CARTESIAN_POINT('',(-3.05,-0.3,-1.45));
#10468=CARTESIAN_POINT('',(-2.05,-0.3,-1.45));
#10469=CARTESIAN_POINT('',(-2.05,-0.3,-1.75));
#10470=CARTESIAN_POINT('',(-3.05,-0.3,-1.75));
#10471=CARTESIAN_POINT('',(-2.05,-0.3,-1.45));
#10472=CARTESIAN_POINT('',(-2.05,-0.3,-1.5));
#10473=CARTESIAN_POINT('',(-2.05,-0.35,-1.5));
#10474=CARTESIAN_POINT('',(-2.05,-0.35,-1.5));
#10475=CARTESIAN_POINT('',(-2.05,-0.35,-1.75));
#10476=CARTESIAN_POINT('',(-2.05,-0.3,-1.75));
#10477=CARTESIAN_POINT('',(-1.85,-0.55,-1.5));
#10478=CARTESIAN_POINT('',(-1.85,-0.55,-1.75));
#10479=CARTESIAN_POINT('',(-1.85,-0.55,-1.75));
#10480=CARTESIAN_POINT('',(-0.696629870583921,-0.55,-1.75));
#10481=CARTESIAN_POINT('',(-1.85,-0.55,-1.5));
#10482=CARTESIAN_POINT('',(-1.85,-0.55,-1.5));
#10483=CARTESIAN_POINT('',(-1.85,-0.55,-1.5));
#10484=CARTESIAN_POINT('',(-0.696629870583921,-0.55,-1.5));
#10485=CARTESIAN_POINT('',(-0.69662987058392,-0.55,-1.3));
#10486=CARTESIAN_POINT('',(-0.549363207272859,-0.55,-1.43532379641891));
#10487=CARTESIAN_POINT('',(-0.549363207272859,-0.55,-1.43532379641891));
#10488=CARTESIAN_POINT('',(-0.508113544921023,-0.55,-1.39043368619426));
#10489=CARTESIAN_POINT('',(0.00731977666769342,-0.55,-1.86406697366044));
#10490=CARTESIAN_POINT('',(0.480953064133875,-0.55,-1.34863365207173));
#10491=CARTESIAN_POINT('',(0.480953064133875,-0.55,-1.34863365207173));
#10492=CARTESIAN_POINT('',(0.551,-0.55,-1.413));
#10493=CARTESIAN_POINT('',(0.551,-0.55,-1.413));
#10494=CARTESIAN_POINT('',(0.381845254476364,-0.55,-1.59708332913883));
#10495=CARTESIAN_POINT('',(0.381845254476364,-0.55,-1.59708332913883));
#10496=CARTESIAN_POINT('',(0.274981652782473,-0.55,-1.49888603210583));
#10497=CARTESIAN_POINT('',(0.00433405994465524,-0.55,-1.79341935872795));
#10498=CARTESIAN_POINT('',(-0.290199266677469,-0.55,-1.52277176589013));
#10499=CARTESIAN_POINT('',(-0.290199266677469,-0.55,-1.52277176589013));
#10500=CARTESIAN_POINT('',(-0.365279878134031,-0.55,-1.60447854194255));
#10501=CARTESIAN_POINT('',(-0.696629870583921,-0.55,-1.3));
#10502=CARTESIAN_POINT('',(-0.719,-1.15,-1.5));
#10503=CARTESIAN_POINT('',(-0.719,-1.15,-1.75));
#10504=CARTESIAN_POINT('',(-0.696629870583921,-1.15,-1.75));
#10505=CARTESIAN_POINT('',(-2.46630716252719,-1.15,-1.75));
#10506=CARTESIAN_POINT('',(-0.696629870583921,-1.15,-1.3));
#10507=CARTESIAN_POINT('',(-0.365279878134031,-1.15,-1.60447854194255));
#10508=CARTESIAN_POINT('',(-0.290199266677469,-1.15,-1.52277176589013));
#10509=CARTESIAN_POINT('',(-0.290199266677469,-1.15,-1.52277176589013));
#10510=CARTESIAN_POINT('',(0.00433405994465524,-1.15,-1.79341935872795));
#10511=CARTESIAN_POINT('',(0.274981652782473,-1.15,-1.49888603210583));
#10512=CARTESIAN_POINT('',(0.381845254476364,-1.15,-1.59708332913883));
#10513=CARTESIAN_POINT('',(0.381845254476364,-1.15,-1.59708332913883));
#10514=CARTESIAN_POINT('',(0.551,-1.15,-1.413));
#10515=CARTESIAN_POINT('',(0.551,-1.15,-1.413));
#10516=CARTESIAN_POINT('',(0.480953064133875,-1.15,-1.34863365207173));
#10517=CARTESIAN_POINT('',(0.480953064133875,-1.15,-1.34863365207173));
#10518=CARTESIAN_POINT('',(0.00731977666769342,-1.15,-1.86406697366044));
#10519=CARTESIAN_POINT('',(-0.508113544921023,-1.15,-1.39043368619426));
#10520=CARTESIAN_POINT('',(-0.549363207272859,-1.15,-1.43532379641891));
#10521=CARTESIAN_POINT('',(-0.549363207272859,-1.15,-1.43532379641891));
#10522=CARTESIAN_POINT('',(-0.69662987058392,-1.15,-1.3));
#10523=CARTESIAN_POINT('',(-0.696629870583921,-1.15,-1.5));
#10524=CARTESIAN_POINT('',(-0.719,-1.15,-1.5));
#10525=CARTESIAN_POINT('',(-2.46630716252719,-1.15,-1.5));
#10526=CARTESIAN_POINT('',(-2.46630716252719,-1.15,-1.5));
#10527=CARTESIAN_POINT('',(-2.46630716252719,-0.749999999999998,-1.5));
#10528=CARTESIAN_POINT('',(-2.46630716252719,-0.749999999999998,-1.75));
#10529=CARTESIAN_POINT('',(-2.84336375896406,-0.883522743693508,-1.75));
#10530=CARTESIAN_POINT('',(-2.46630716252719,-0.749999999999998,-1.5));
#10531=CARTESIAN_POINT('',(-2.84336375896406,-0.883522743693508,-1.5));
#10532=CARTESIAN_POINT('',(-2.84336375896406,-0.883522743693508,-1.5));
#10533=CARTESIAN_POINT('',(-2.84336375896406,-0.883522743693508,-1.5));
#10534=CARTESIAN_POINT('',(-2.84336375896406,-0.883522743693508,-1.75));
#10535=CARTESIAN_POINT('',(-2.84336375896406,-0.883522743693508,-1.5));
#10536=CARTESIAN_POINT('',(-1.85,-0.35,-1.5));
#10537=CARTESIAN_POINT('',(-1.85,-0.35,-1.75));
#10538=CARTESIAN_POINT('',(-1.85,-0.35,-1.5));
#10539=CARTESIAN_POINT('',(-2.46630716252719,-0.749999999999998,-1.5));
#10540=CARTESIAN_POINT('',(-0.696629870583921,-1.15,-1.5));
#10541=CARTESIAN_POINT('',(-2.46630716252719,-0.749999999999998,-1.75));
#10542=CARTESIAN_POINT('',(-0.696629870583921,-1.15,-1.75));
#10543=CARTESIAN_POINT('',(-0.69662987058392,-1.15,-1.3));
#10544=CARTESIAN_POINT('',(-0.549363207272859,-1.15,-1.43532379641891));
#10545=CARTESIAN_POINT('',(-0.549363207272859,-1.15,-1.43532379641891));
#10546=CARTESIAN_POINT('',(-0.508113544921023,-1.15,-1.39043368619426));
#10547=CARTESIAN_POINT('',(0.00731977666769342,-1.15,-1.86406697366044));
#10548=CARTESIAN_POINT('',(0.480953064133875,-1.15,-1.34863365207173));
#10549=CARTESIAN_POINT('',(0.480953064133875,-1.15,-1.34863365207173));
#10550=CARTESIAN_POINT('',(0.551,-1.15,-1.413));
#10551=CARTESIAN_POINT('',(0.551,-1.15,-1.413));
#10552=CARTESIAN_POINT('',(0.381845254476364,-1.15,-1.59708332913883));
#10553=CARTESIAN_POINT('',(0.381845254476364,-1.15,-1.59708332913883));
#10554=CARTESIAN_POINT('',(0.274981652782473,-1.15,-1.49888603210583));
#10555=CARTESIAN_POINT('',(0.00433405994465524,-1.15,-1.79341935872795));
#10556=CARTESIAN_POINT('',(-0.290199266677469,-1.15,-1.52277176589013));
#10557=CARTESIAN_POINT('',(-0.290199266677469,-1.15,-1.52277176589013));
#10558=CARTESIAN_POINT('',(-0.365279878134031,-1.15,-1.60447854194255));
#10559=CARTESIAN_POINT('',(-0.696629870583921,-1.15,-1.3));
#10560=CARTESIAN_POINT('',(2.2,-2.55,1.4));
#10561=CARTESIAN_POINT('',(2.8,-2.55,1.4));
#10562=CARTESIAN_POINT('',(2.8,-2.55,1.5));
#10563=CARTESIAN_POINT('',(2.2,-2.55,1.5));
#10564=CARTESIAN_POINT('',(2.2,-2.55,1.5));
#10565=CARTESIAN_POINT('',(2.2,-2.55,1.4));
#10566=CARTESIAN_POINT('',(2.2,-3.1,1.5));
#10567=CARTESIAN_POINT('',(2.8,-3.1,1.5));
#10568=CARTESIAN_POINT('',(2.8,-3.1,1.5));
#10569=CARTESIAN_POINT('',(2.2,-3.1,1.5));
#10570=CARTESIAN_POINT('',(2.2,-3.1,1.5));
#10571=CARTESIAN_POINT('',(2.2,-3.1,1.5));
#10572=CARTESIAN_POINT('',(2.2,-3.1,1.35));
#10573=CARTESIAN_POINT('',(2.8,-3.1,1.35));
#10574=CARTESIAN_POINT('',(2.8,-3.25,1.35));
#10575=CARTESIAN_POINT('',(2.2,-3.25,1.35));
#10576=CARTESIAN_POINT('',(2.2,-3.25,1.35));
#10577=CARTESIAN_POINT('',(2.2,-3.1,1.35));
#10578=CARTESIAN_POINT('',(2.2,-3.25,0.75));
#10579=CARTESIAN_POINT('',(2.8,-3.25,0.75));
#10580=CARTESIAN_POINT('',(2.8,-3.25,0.75));
#10581=CARTESIAN_POINT('',(2.2,-3.25,0.75));
#10582=CARTESIAN_POINT('',(2.2,-3.25,0.75));
#10583=CARTESIAN_POINT('',(2.2,-3.25,0.75));
#10584=CARTESIAN_POINT('',(2.2,-3.5,0.75));
#10585=CARTESIAN_POINT('',(2.8,-3.5,0.75));
#10586=CARTESIAN_POINT('',(2.8,-3.5,0.75));
#10587=CARTESIAN_POINT('',(2.2,-3.5,0.75));
#10588=CARTESIAN_POINT('',(2.2,-3.5,0.75));
#10589=CARTESIAN_POINT('',(2.2,-3.5,0.75));
#10590=CARTESIAN_POINT('',(2.2,-3.5,1.35));
#10591=CARTESIAN_POINT('',(2.8,-3.5,1.35));
#10592=CARTESIAN_POINT('',(2.8,-3.5,1.35));
#10593=CARTESIAN_POINT('',(2.2,-3.5,1.35));
#10594=CARTESIAN_POINT('',(2.2,-3.5,1.35));
#10595=CARTESIAN_POINT('',(2.2,-3.5,1.35));
#10596=CARTESIAN_POINT('',(2.2,-3.1,1.35));
#10597=CARTESIAN_POINT('',(2.8,-3.1,1.35));
#10598=CARTESIAN_POINT('',(2.8,-3.1,1.75));
#10599=CARTESIAN_POINT('',(2.2,-3.1,1.75));
#10600=CARTESIAN_POINT('',(2.2,-3.1,1.75));
#10601=CARTESIAN_POINT('',(2.2,-3.1,1.35));
#10602=CARTESIAN_POINT('',(2.2,-2.6,1.75));
#10603=CARTESIAN_POINT('',(2.8,-2.6,1.75));
#10604=CARTESIAN_POINT('',(2.8,-2.6,1.75));
#10605=CARTESIAN_POINT('',(2.2,-2.6,1.75));
#10606=CARTESIAN_POINT('',(2.2,-2.6,1.75));
#10607=CARTESIAN_POINT('',(2.2,-2.6,1.75));
#10608=CARTESIAN_POINT('',(2.2,-2.6,1.35));
#10609=CARTESIAN_POINT('',(2.2,-2.6,1.35));
#10610=CARTESIAN_POINT('',(2.8,-2.6,1.35));
#10611=CARTESIAN_POINT('',(2.8,-2.6,1.35));
#10612=CARTESIAN_POINT('',(2.2,-2.6,1.35));
#10613=CARTESIAN_POINT('',(0.3,-2.6,-1.35));
#10614=CARTESIAN_POINT('',(-0.3,-2.6,-1.35));
#10615=CARTESIAN_POINT('',(-0.3,-2.6,-1.75));
#10616=CARTESIAN_POINT('',(0.3,-2.6,-1.35));
#10617=CARTESIAN_POINT('',(0.3,-2.6,-1.75));
#10618=CARTESIAN_POINT('',(0.3,-2.6,-1.75));
#10619=CARTESIAN_POINT('',(0.3,-3.1,-1.75));
#10620=CARTESIAN_POINT('',(-0.3,-3.1,-1.75));
#10621=CARTESIAN_POINT('',(-0.3,-3.1,-1.75));
#10622=CARTESIAN_POINT('',(0.3,-3.1,-1.75));
#10623=CARTESIAN_POINT('',(0.3,-3.1,-1.75));
#10624=CARTESIAN_POINT('',(0.3,-3.1,-1.75));
#10625=CARTESIAN_POINT('',(0.3,-3.1,-1.35));
#10626=CARTESIAN_POINT('',(-0.3,-3.1,-1.35));
#10627=CARTESIAN_POINT('',(-0.3,-3.5,-1.35));
#10628=CARTESIAN_POINT('',(0.3,-3.1,-1.35));
#10629=CARTESIAN_POINT('',(0.3,-3.5,-1.35));
#10630=CARTESIAN_POINT('',(0.3,-3.5,-1.35));
#10631=CARTESIAN_POINT('',(0.3,-3.5,-0.75));
#10632=CARTESIAN_POINT('',(-0.3,-3.5,-0.75));
#10633=CARTESIAN_POINT('',(-0.3,-3.5,-0.75));
#10634=CARTESIAN_POINT('',(0.3,-3.5,-0.75));
#10635=CARTESIAN_POINT('',(0.3,-3.5,-0.75));
#10636=CARTESIAN_POINT('',(0.3,-3.5,-0.75));
#10637=CARTESIAN_POINT('',(0.3,-3.25,-0.75));
#10638=CARTESIAN_POINT('',(-0.3,-3.25,-0.75));
#10639=CARTESIAN_POINT('',(-0.3,-3.25,-0.75));
#10640=CARTESIAN_POINT('',(0.3,-3.25,-0.75));
#10641=CARTESIAN_POINT('',(0.3,-3.25,-0.75));
#10642=CARTESIAN_POINT('',(0.3,-3.25,-0.75));
#10643=CARTESIAN_POINT('',(0.3,-3.25,-1.35));
#10644=CARTESIAN_POINT('',(-0.3,-3.25,-1.35));
#10645=CARTESIAN_POINT('',(-0.3,-3.25,-1.35));
#10646=CARTESIAN_POINT('',(0.3,-3.25,-1.35));
#10647=CARTESIAN_POINT('',(0.3,-3.25,-1.35));
#10648=CARTESIAN_POINT('',(0.3,-3.25,-1.35));
#10649=CARTESIAN_POINT('',(0.3,-3.1,-1.35));
#10650=CARTESIAN_POINT('',(-0.3,-3.1,-1.35));
#10651=CARTESIAN_POINT('',(-0.3,-3.1,-1.5));
#10652=CARTESIAN_POINT('',(0.3,-3.1,-1.35));
#10653=CARTESIAN_POINT('',(0.3,-3.1,-1.5));
#10654=CARTESIAN_POINT('',(0.3,-3.1,-1.5));
#10655=CARTESIAN_POINT('',(0.3,-2.54999999999999,-1.5));
#10656=CARTESIAN_POINT('',(-0.3,-2.54999999999999,-1.5));
#10657=CARTESIAN_POINT('',(-0.3,-2.54999999999999,-1.5));
#10658=CARTESIAN_POINT('',(0.3,-2.54999999999999,-1.5));
#10659=CARTESIAN_POINT('',(0.3,-2.54999999999999,-1.5));
#10660=CARTESIAN_POINT('',(0.3,-2.54999999999999,-1.5));
#10661=CARTESIAN_POINT('',(0.3,-2.55000000000001,-1.4));
#10662=CARTESIAN_POINT('',(-0.3,-2.55000000000001,-1.4));
#10663=CARTESIAN_POINT('',(0.3,-2.55000000000001,-1.4));
#10664=CARTESIAN_POINT('',(-0.3,-2.55000000000001,-1.4));
#10665=CARTESIAN_POINT('',(0.3,-2.55000000000001,-1.4));
#10666=CARTESIAN_POINT('',(-2.2,-2.6,1.35));
#10667=CARTESIAN_POINT('',(-2.2,-2.6,1.35));
#10668=CARTESIAN_POINT('',(-2.2,-2.6,1.75));
#10669=CARTESIAN_POINT('',(-2.2,-2.6,1.75));
#10670=CARTESIAN_POINT('',(-2.2,-3.1,1.75));
#10671=CARTESIAN_POINT('',(-2.2,-3.1,1.35));
#10672=CARTESIAN_POINT('',(-2.2,-3.5,1.35));
#10673=CARTESIAN_POINT('',(-2.2,-3.5,1.35));
#10674=CARTESIAN_POINT('',(-2.2,-3.5,0.75));
#10675=CARTESIAN_POINT('',(-2.2,-3.5,0.75));
#10676=CARTESIAN_POINT('',(-2.2,-3.25,0.75));
#10677=CARTESIAN_POINT('',(-2.2,-3.25,0.75));
#10678=CARTESIAN_POINT('',(-2.2,-3.25,1.35));
#10679=CARTESIAN_POINT('',(-2.2,-3.1,1.35));
#10680=CARTESIAN_POINT('',(-2.2,-3.1,1.5));
#10681=CARTESIAN_POINT('',(-2.2,-3.1,1.5));
#10682=CARTESIAN_POINT('',(-2.2,-2.55,1.5));
#10683=CARTESIAN_POINT('',(-2.2,-2.55,1.4));
#10684=CARTESIAN_POINT('',(-2.8,-2.6,1.35));
#10685=CARTESIAN_POINT('',(-2.8,-2.6,1.35));
#10686=CARTESIAN_POINT('',(-2.8,-2.6,1.75));
#10687=CARTESIAN_POINT('',(-2.8,-2.55,1.4));
#10688=CARTESIAN_POINT('',(-2.8,-2.55,1.5));
#10689=CARTESIAN_POINT('',(-2.8,-3.1,1.5));
#10690=CARTESIAN_POINT('',(-2.8,-3.1,1.5));
#10691=CARTESIAN_POINT('',(-2.8,-3.1,1.35));
#10692=CARTESIAN_POINT('',(-2.8,-3.25,1.35));
#10693=CARTESIAN_POINT('',(-2.8,-3.25,0.75));
#10694=CARTESIAN_POINT('',(-2.8,-3.25,0.75));
#10695=CARTESIAN_POINT('',(-2.8,-3.5,0.75));
#10696=CARTESIAN_POINT('',(-2.8,-3.5,0.75));
#10697=CARTESIAN_POINT('',(-2.8,-3.5,1.35));
#10698=CARTESIAN_POINT('',(-2.8,-3.5,1.35));
#10699=CARTESIAN_POINT('',(-2.8,-3.1,1.35));
#10700=CARTESIAN_POINT('',(-2.8,-3.1,1.75));
#10701=CARTESIAN_POINT('',(-2.8,-2.6,1.75));
#10702=CARTESIAN_POINT('',(-2.2,-2.6,1.35));
#10703=CARTESIAN_POINT('',(-2.2,-2.6,1.75));
#10704=CARTESIAN_POINT('',(-2.2,-2.6,1.75));
#10705=CARTESIAN_POINT('',(-2.2,-3.1,1.75));
#10706=CARTESIAN_POINT('',(-2.2,-3.1,1.35));
#10707=CARTESIAN_POINT('',(-2.2,-3.5,1.35));
#10708=CARTESIAN_POINT('',(-2.2,-3.5,1.35));
#10709=CARTESIAN_POINT('',(-2.2,-3.5,0.75));
#10710=CARTESIAN_POINT('',(-2.2,-3.5,0.75));
#10711=CARTESIAN_POINT('',(-2.2,-3.25,0.75));
#10712=CARTESIAN_POINT('',(-2.2,-3.25,0.75));
#10713=CARTESIAN_POINT('',(-2.2,-3.25,1.35));
#10714=CARTESIAN_POINT('',(-2.2,-3.1,1.35));
#10715=CARTESIAN_POINT('',(-2.2,-3.1,1.5));
#10716=CARTESIAN_POINT('',(-2.2,-3.1,1.5));
#10717=CARTESIAN_POINT('',(-2.2,-2.55,1.5));
#10718=CARTESIAN_POINT('',(-2.2,-2.55,1.4));
#10719=CARTESIAN_POINT('',(0.,0.,0.));
#10720=CARTESIAN_POINT('',(0.,0.,0.));
#10721=CARTESIAN_POINT('',(0.2,0.,-0.75));
#10722=CARTESIAN_POINT('',(0.2,0.,-0.75));
#10723=CARTESIAN_POINT('',(0.2,0.,0.75));
#10724=CARTESIAN_POINT('',(1.2,0.,-0.75));
#10725=CARTESIAN_POINT('',(1.2,0.,-0.75));
#10726=CARTESIAN_POINT('',(1.2,0.,0.75));
#10727=CARTESIAN_POINT('',(1.2,0.,0.75));
#10728=CARTESIAN_POINT('',(0.2,0.,0.75));
#10729=CARTESIAN_POINT('',(0.,0.,1.25));
#10730=CARTESIAN_POINT('',(1.7,0.,1.25));
#10731=CARTESIAN_POINT('',(-3.5,0.,1.25));
#10732=CARTESIAN_POINT('',(1.7,0.,1.4));
#10733=CARTESIAN_POINT('',(1.7,0.,0.899999999999997));
#10734=CARTESIAN_POINT('',(1.7,0.,0.899999999999997));
#10735=CARTESIAN_POINT('',(1.9,0.,0.700000000000006));
#10736=CARTESIAN_POINT('',(1.9,0.,0.700000000000006));
#10737=CARTESIAN_POINT('',(1.9,0.,-0.700000000000006));
#10738=CARTESIAN_POINT('',(1.9,0.,-0.700000000000006));
#10739=CARTESIAN_POINT('',(1.7,0.,-0.899999999999997));
#10740=CARTESIAN_POINT('',(1.7,0.,-0.899999999999997));
#10741=CARTESIAN_POINT('',(1.7,0.,-1.25));
#10742=CARTESIAN_POINT('',(0.,0.,-1.25));
#10743=CARTESIAN_POINT('',(0.339999999999971,0.,-1.25));
#10744=CARTESIAN_POINT('',(0.699999999999994,0.,-1.4));
#10745=CARTESIAN_POINT('',(0.1,0.,-1.15000000000002));
#10746=CARTESIAN_POINT('',(0.1,0.,-1.15000000000002));
#10747=CARTESIAN_POINT('',(-0.2,0.,-1.15000000000002));
#10748=CARTESIAN_POINT('',(-0.2,0.,-1.15000000000002));
#10749=CARTESIAN_POINT('',(-0.356399999999982,0.,-1.25));
#10750=CARTESIAN_POINT('',(0.,0.,-1.25));
#10751=CARTESIAN_POINT('',(-1.6436,0.,-1.25));
#10752=CARTESIAN_POINT('',(-1.409,0.,-1.4));
#10753=CARTESIAN_POINT('',(-1.8,0.,-1.15000000000001));
#10754=CARTESIAN_POINT('',(-1.8,0.,-1.15000000000001));
#10755=CARTESIAN_POINT('',(-2.1,0.,-1.15000000000001));
#10756=CARTESIAN_POINT('',(-2.1,0.,-1.15000000000001));
#10757=CARTESIAN_POINT('',(-2.33999999999999,0.,-1.25));
#10758=CARTESIAN_POINT('',(0.,0.,-1.25));
#10759=CARTESIAN_POINT('',(-3.5,0.,-1.25));
#10760=CARTESIAN_POINT('',(-3.5,0.,-1.4));
#10761=CARTESIAN_POINT('',(-3.5,0.,-0.899999999999998));
#10762=CARTESIAN_POINT('',(-3.5,0.,-0.899999999999998));
#10763=CARTESIAN_POINT('',(-3.7,0.,-0.700000000000006));
#10764=CARTESIAN_POINT('',(-3.7,0.,-0.700000000000006));
#10765=CARTESIAN_POINT('',(-3.7,0.,0.700000000000006));
#10766=CARTESIAN_POINT('',(-3.7,0.,0.700000000000006));
#10767=CARTESIAN_POINT('',(-3.5,0.,0.899999999999997));
#10768=CARTESIAN_POINT('',(-3.5,0.,0.899999999999997));
#10769=CARTESIAN_POINT('',(-1.75,0.,0.75));
#10770=CARTESIAN_POINT('',(-1.75,0.,0.75));
#10771=CARTESIAN_POINT('',(-0.25,0.,0.75));
#10772=CARTESIAN_POINT('',(-1.75,0.,-0.75));
#10773=CARTESIAN_POINT('',(-1.75,0.,-0.75));
#10774=CARTESIAN_POINT('',(-0.25,0.,-0.75));
#10775=CARTESIAN_POINT('',(-0.25,0.,-0.75));
#10776=CARTESIAN_POINT('',(-0.25,0.,0.75));
#10777=CARTESIAN_POINT('',(-3.5,-1.,-0.899999999999998));
#10778=CARTESIAN_POINT('',(-3.5,-1.,-0.899999999999998));
#10779=CARTESIAN_POINT('',(-3.5,-1.,-0.899999999999998));
#10780=CARTESIAN_POINT('',(-3.5,-1.,-0.899999999999998));
#10781=CARTESIAN_POINT('',(-3.7,-1.,-0.700000000000006));
#10782=CARTESIAN_POINT('',(-3.7,-1.,-0.700000000000006));
#10783=CARTESIAN_POINT('',(-3.7,-1.,-0.700000000000006));
#10784=CARTESIAN_POINT('',(-3.7,-1.,-0.700000000000006));
#10785=CARTESIAN_POINT('',(-3.7,-1.,0.700000000000006));
#10786=CARTESIAN_POINT('',(-3.7,-1.,0.700000000000006));
#10787=CARTESIAN_POINT('',(-3.7,-1.,0.700000000000006));
#10788=CARTESIAN_POINT('',(-3.7,-1.,0.700000000000006));
#10789=CARTESIAN_POINT('',(-3.5,-1.,0.899999999999997));
#10790=CARTESIAN_POINT('',(-3.5,-1.,0.899999999999997));
#10791=CARTESIAN_POINT('',(-3.5,-1.,0.899999999999997));
#10792=CARTESIAN_POINT('',(-3.5,-0.324999999999999,1.575));
#10793=CARTESIAN_POINT('',(-3.5,-0.15,1.4));
#10794=CARTESIAN_POINT('',(-3.5,-1.,0.899999999999997));
#10795=CARTESIAN_POINT('',(-3.5,-1.,1.4));
#10796=CARTESIAN_POINT('',(-3.5,-1.,1.4));
#10797=CARTESIAN_POINT('',(-3.5,-1.,1.4));
#10798=CARTESIAN_POINT('',(5.,-0.15,1.4));
#10799=CARTESIAN_POINT('',(1.7,-0.15,1.4));
#10800=CARTESIAN_POINT('',(-3.5,-1.,1.4));
#10801=CARTESIAN_POINT('',(1.7,-1.,1.4));
#10802=CARTESIAN_POINT('',(1.7,-1.,1.4));
#10803=CARTESIAN_POINT('',(1.7,-1.,1.4));
#10804=CARTESIAN_POINT('',(1.7,-0.574999999999999,1.825));
#10805=CARTESIAN_POINT('',(1.7,-1.,1.4));
#10806=CARTESIAN_POINT('',(1.7,-1.,0.899999999999997));
#10807=CARTESIAN_POINT('',(1.7,-1.,0.899999999999997));
#10808=CARTESIAN_POINT('',(1.7,-1.,0.899999999999997));
#10809=CARTESIAN_POINT('',(1.7,-1.,0.899999999999997));
#10810=CARTESIAN_POINT('',(1.9,-1.,0.700000000000006));
#10811=CARTESIAN_POINT('',(1.9,-1.,0.700000000000006));
#10812=CARTESIAN_POINT('',(1.9,-1.,0.700000000000006));
#10813=CARTESIAN_POINT('',(1.9,-1.,0.700000000000006));
#10814=CARTESIAN_POINT('',(1.9,-1.,-0.700000000000006));
#10815=CARTESIAN_POINT('',(1.9,-1.,-0.700000000000006));
#10816=CARTESIAN_POINT('',(1.9,-1.,-0.700000000000006));
#10817=CARTESIAN_POINT('',(1.9,-1.,-0.700000000000006));
#10818=CARTESIAN_POINT('',(1.7,-1.,-0.899999999999997));
#10819=CARTESIAN_POINT('',(1.7,-1.,-0.899999999999997));
#10820=CARTESIAN_POINT('',(1.7,-1.,-0.899999999999997));
#10821=CARTESIAN_POINT('',(1.7,-0.324999999999999,-1.575));
#10822=CARTESIAN_POINT('',(1.7,-0.15,-1.4));
#10823=CARTESIAN_POINT('',(1.7,-1.,-0.899999999999997));
#10824=CARTESIAN_POINT('',(1.7,-1.,-1.4));
#10825=CARTESIAN_POINT('',(1.7,-1.,-1.4));
#10826=CARTESIAN_POINT('',(1.7,-1.,-1.4));
#10827=CARTESIAN_POINT('',(5.,-0.15,-1.4));
#10828=CARTESIAN_POINT('',(0.7,-0.15,-1.4));
#10829=CARTESIAN_POINT('',(1.7,-1.,-1.4));
#10830=CARTESIAN_POINT('',(0.699999999999994,-1.,-1.4));
#10831=CARTESIAN_POINT('',(0.699999999999994,-1.,-1.4));
#10832=CARTESIAN_POINT('',(0.699999999999994,-1.,-1.4));
#10833=CARTESIAN_POINT('',(0.962886597938129,-0.259536082474212,-1.50953608247421));
#10834=CARTESIAN_POINT('',(0.699999999999994,-1.,-1.4));
#10835=CARTESIAN_POINT('',(0.1,-1.,-1.15000000000002));
#10836=CARTESIAN_POINT('',(0.1,-1.,-1.15000000000002));
#10837=CARTESIAN_POINT('',(0.1,-1.,-1.15000000000002));
#10838=CARTESIAN_POINT('',(0.1,-1.,-1.15000000000002));
#10839=CARTESIAN_POINT('',(-0.2,-1.,-1.15000000000002));
#10840=CARTESIAN_POINT('',(-0.2,-1.,-1.15000000000002));
#10841=CARTESIAN_POINT('',(-0.2,-1.,-1.15000000000002));
#10842=CARTESIAN_POINT('',(-0.586946210788061,-0.147408063163722,-1.39740806316372));
#10843=CARTESIAN_POINT('',(-0.590999999999996,-0.15,-1.4));
#10844=CARTESIAN_POINT('',(-0.2,-1.,-1.15000000000002));
#10845=CARTESIAN_POINT('',(-0.590999999999996,-1.,-1.4));
#10846=CARTESIAN_POINT('',(-0.590999999999996,-1.,-1.4));
#10847=CARTESIAN_POINT('',(-0.590999999999996,-1.,-1.4));
#10848=CARTESIAN_POINT('',(5.,-0.15,-1.4));
#10849=CARTESIAN_POINT('',(-1.409,-0.15,-1.4));
#10850=CARTESIAN_POINT('',(-0.590999999999996,-1.,-1.4));
#10851=CARTESIAN_POINT('',(-1.409,-1.,-1.4));
#10852=CARTESIAN_POINT('',(-1.409,-1.,-1.4));
#10853=CARTESIAN_POINT('',(-1.409,-1.,-1.4));
#10854=CARTESIAN_POINT('',(-1.10999610984558,-0.341178957899237,-1.59117895789924));
#10855=CARTESIAN_POINT('',(-1.409,-1.,-1.4));
#10856=CARTESIAN_POINT('',(-1.8,-1.,-1.15000000000001));
#10857=CARTESIAN_POINT('',(-1.8,-1.,-1.15000000000001));
#10858=CARTESIAN_POINT('',(-1.8,-1.,-1.15000000000001));
#10859=CARTESIAN_POINT('',(-1.8,-1.,-1.15000000000001));
#10860=CARTESIAN_POINT('',(-2.1,-1.,-1.15000000000001));
#10861=CARTESIAN_POINT('',(-2.1,-1.,-1.15000000000001));
#10862=CARTESIAN_POINT('',(-2.1,-1.,-1.15000000000001));
#10863=CARTESIAN_POINT('',(-2.440206185567,-0.0417525773195856,-1.29175257731959));
#10864=CARTESIAN_POINT('',(-2.7,-0.15,-1.4));
#10865=CARTESIAN_POINT('',(-2.1,-1.,-1.15000000000001));
#10866=CARTESIAN_POINT('',(-2.7,-1.,-1.4));
#10867=CARTESIAN_POINT('',(-2.7,-1.,-1.4));
#10868=CARTESIAN_POINT('',(-2.7,-1.,-1.4));
#10869=CARTESIAN_POINT('',(5.,-0.15,-1.4));
#10870=CARTESIAN_POINT('',(-3.5,-0.15,-1.4));
#10871=CARTESIAN_POINT('',(-2.7,-1.,-1.4));
#10872=CARTESIAN_POINT('',(-3.5,-1.,-1.4));
#10873=CARTESIAN_POINT('',(-3.5,-1.,-1.4));
#10874=CARTESIAN_POINT('',(-3.5,-1.,-1.4));
#10875=CARTESIAN_POINT('',(-3.5,-0.574999999999999,-1.825));
#10876=CARTESIAN_POINT('',(-3.5,-1.,-1.4));
#10877=CARTESIAN_POINT('',(0.,-1.,0.));
#10878=CARTESIAN_POINT('',(5.,-0.15,-1.4));
#10879=CARTESIAN_POINT('',(5.,-0.15,-1.4));
#10880=CARTESIAN_POINT('',(5.,-0.15,-1.4));
#10881=CARTESIAN_POINT('',(5.,0.,1.25));
#10882=CARTESIAN_POINT('',(0.2,-0.5,-0.75));
#10883=CARTESIAN_POINT('',(0.2,-0.5,0.75));
#10884=CARTESIAN_POINT('',(0.2,-0.5,0.75));
#10885=CARTESIAN_POINT('',(0.2,-0.5,-0.75));
#10886=CARTESIAN_POINT('',(0.2,-0.5,-0.75));
#10887=CARTESIAN_POINT('',(0.2,-0.5,-0.75));
#10888=CARTESIAN_POINT('',(0.2,-0.5,0.75));
#10889=CARTESIAN_POINT('',(1.2,-0.5,0.75));
#10890=CARTESIAN_POINT('',(1.2,-0.5,0.75));
#10891=CARTESIAN_POINT('',(0.2,-0.5,0.75));
#10892=CARTESIAN_POINT('',(1.2,-0.5,0.75));
#10893=CARTESIAN_POINT('',(1.2,-0.5,-0.75));
#10894=CARTESIAN_POINT('',(1.2,-0.5,-0.75));
#10895=CARTESIAN_POINT('',(1.2,-0.5,0.75));
#10896=CARTESIAN_POINT('',(1.2,-0.5,-0.75));
#10897=CARTESIAN_POINT('',(1.2,-0.5,-0.75));
#10898=CARTESIAN_POINT('',(0.,-0.5,0.));
#10899=CARTESIAN_POINT('',(-1.75,2.25,-0.75));
#10900=CARTESIAN_POINT('',(-1.75,2.25,0.75));
#10901=CARTESIAN_POINT('',(-1.75,2.25,0.75));
#10902=CARTESIAN_POINT('',(-1.75,2.25,-0.75));
#10903=CARTESIAN_POINT('',(-1.75,2.25,-0.75));
#10904=CARTESIAN_POINT('',(-1.75,2.25,-0.75));
#10905=CARTESIAN_POINT('',(-1.75,2.25,0.75));
#10906=CARTESIAN_POINT('',(-0.25,2.25,0.75));
#10907=CARTESIAN_POINT('',(-0.25,2.25,0.75));
#10908=CARTESIAN_POINT('',(-1.75,2.25,0.75));
#10909=CARTESIAN_POINT('',(-0.25,2.25,0.75));
#10910=CARTESIAN_POINT('',(-0.25,2.25,-0.75));
#10911=CARTESIAN_POINT('',(-0.25,2.25,-0.75));
#10912=CARTESIAN_POINT('',(-0.25,2.25,0.75));
#10913=CARTESIAN_POINT('',(-0.25,2.25,-0.75));
#10914=CARTESIAN_POINT('',(-0.25,2.25,-0.75));
#10915=CARTESIAN_POINT('',(0.,2.25,0.));
#10916=CARTESIAN_POINT('',(0.,-0.25,-3.06161699786838E-17));
#10917=MECHANICAL_DESIGN_GEOMETRIC_PRESENTATION_REPRESENTATION('',(#5280,
#5281,#5282,#5283,#5284,#5285,#5286,#5287,#5288,#5289,#5290,#5291,#5292,
#5293,#5294,#5295,#5296,#5297,#5298,#5299,#5300,#5301,#5302,#5303,#5304,
#5305,#5306,#5307,#5308,#5309,#5310,#5311,#5312,#5313,#5314,#5315,#5316,
#5317,#5318,#5319,#5320,#5321,#5322,#5323,#5324,#5325,#5326,#5327,#5328,
#5329,#5330,#5331,#5332,#5333,#5334,#5335,#5336,#5337,#5338,#5339,#5340,
#5341,#5342,#5343,#5344,#5345,#5346,#5347,#5348,#5349,#5350,#5351,#5352,
#5353,#5354,#5355,#5356,#5357,#5358,#5359,#5360,#5361,#5362,#5363,#5364,
#5365,#5366,#5367,#5368,#5369,#5370,#5371,#5372,#5373,#5374,#5375,#5376,
#5377,#5378,#5379,#5380,#5381,#5382,#5383,#5384,#5385,#5386,#5387,#5388,
#5389,#5390,#5391,#5392,#5393,#5394,#5395,#5396,#5397,#5398,#5399,#5400,
#5401,#5402,#5403,#5404,#5405,#5406,#5407,#5408,#5409,#5410,#5411,#5412,
#5413,#5414,#5415,#5416,#5417,#5418,#5419,#5420,#5421,#5422,#5423,#5424,
#5425,#5426,#5427,#5428,#5429,#5430,#5431,#5432,#5433,#5434,#5435,#5436,
#5437,#5438,#5439,#5440,#5441,#5442,#5443,#5444,#5445,#5446,#5447,#5448,
#5449,#5450,#5451,#5452,#5453,#5454,#5455,#5456,#5457,#5458,#5459,#5460,
#5461,#5462,#5463,#5464,#5465,#5466,#5467,#5468,#5469,#5470,#5471,#5472,
#5473,#5474,#5475,#5476,#5477,#5478,#5479,#5480,#5481,#5482,#5483,#5484,
#5485,#5486,#5487,#5488,#5489,#5490,#5491,#5492,#5493,#5494,#5495,#5496,
#5497,#5498,#5499,#5500,#5501,#5502,#5503,#5504,#5505,#5506,#5507,#5508,
#5509,#5510,#5511,#5512,#5513,#5514,#5515,#5516,#5517,#5518,#5519,#5520,
#5521,#5522,#5523,#5524),#10918);
#10918=(
GEOMETRIC_REPRESENTATION_CONTEXT(3)
GLOBAL_UNCERTAINTY_ASSIGNED_CONTEXT((#10921))
GLOBAL_UNIT_ASSIGNED_CONTEXT((#10926,#10925,#10924))
REPRESENTATION_CONTEXT('CL-SB-12A-01T','TOP_LEVEL_ASSEMBLY_PART')
);
#10919=(
GEOMETRIC_REPRESENTATION_CONTEXT(3)
GLOBAL_UNCERTAINTY_ASSIGNED_CONTEXT((#10922))
GLOBAL_UNIT_ASSIGNED_CONTEXT((#10926,#10925,#10924))
REPRESENTATION_CONTEXT('12A-01_c','COMPONENT_PART')
);
#10920=(
GEOMETRIC_REPRESENTATION_CONTEXT(3)
GLOBAL_UNCERTAINTY_ASSIGNED_CONTEXT((#10923))
GLOBAL_UNIT_ASSIGNED_CONTEXT((#10926,#10925,#10924))
REPRESENTATION_CONTEXT('2Top setting_s','COMPONENT_PART')
);
#10921=UNCERTAINTY_MEASURE_WITH_UNIT(LENGTH_MEASURE(1.E-5),#10926,
'DISTANCE_ACCURACY_VALUE','Maximum Tolerance applied to model');
#10922=UNCERTAINTY_MEASURE_WITH_UNIT(LENGTH_MEASURE(1.E-5),#10926,
'DISTANCE_ACCURACY_VALUE','Maximum Tolerance applied to model');
#10923=UNCERTAINTY_MEASURE_WITH_UNIT(LENGTH_MEASURE(1.E-5),#10926,
'DISTANCE_ACCURACY_VALUE','Maximum Tolerance applied to model');
#10924=(
NAMED_UNIT(*)
SI_UNIT($,.STERADIAN.)
SOLID_ANGLE_UNIT()
);
#10925=(
NAMED_UNIT(*)
PLANE_ANGLE_UNIT()
SI_UNIT($,.RADIAN.)
);
#10926=(
LENGTH_UNIT()
NAMED_UNIT(*)
SI_UNIT(.MILLI.,.METRE.)
);
#10927=PRODUCT_DEFINITION_SHAPE('','',#10932);
#10928=PRODUCT_DEFINITION_SHAPE('','',#10933);
#10929=PRODUCT_DEFINITION_SHAPE(' ','NAUO PRDDFN',#13);
#10930=PRODUCT_DEFINITION_SHAPE('','',#10934);
#10931=PRODUCT_DEFINITION_SHAPE(' ','NAUO PRDDFN',#14);
#10932=PRODUCT_DEFINITION('','',#10938,#10935);
#10933=PRODUCT_DEFINITION('','',#10939,#10936);
#10934=PRODUCT_DEFINITION('','',#10940,#10937);
#10935=PRODUCT_DEFINITION_CONTEXT('',#10954,'design');
#10936=PRODUCT_DEFINITION_CONTEXT('',#10954,'design');
#10937=PRODUCT_DEFINITION_CONTEXT('',#10954,'design');
#10938=PRODUCT_DEFINITION_FORMATION_WITH_SPECIFIED_SOURCE('','',#10944,
 .NOT_KNOWN.);
#10939=PRODUCT_DEFINITION_FORMATION_WITH_SPECIFIED_SOURCE('','',#10945,
 .NOT_KNOWN.);
#10940=PRODUCT_DEFINITION_FORMATION_WITH_SPECIFIED_SOURCE('','',#10946,
 .NOT_KNOWN.);
#10941=PRODUCT_RELATED_PRODUCT_CATEGORY('','',(#10944));
#10942=PRODUCT_RELATED_PRODUCT_CATEGORY('','',(#10945));
#10943=PRODUCT_RELATED_PRODUCT_CATEGORY('','',(#10946));
#10944=PRODUCT('CL-SB-12A-01T','CL-SB-12A-01T','CL-SB-12A-01T',(#10950));
#10945=PRODUCT('12A-01_c','12A-01_c','12A-01_c',(#10951));
#10946=PRODUCT('2Top setting_s','2Top setting_s','2Top setting_s',(#10952));
#10947=PRODUCT_CATEGORY('','');
#10948=PRODUCT_CATEGORY('','');
#10949=PRODUCT_CATEGORY('','');
#10950=PRODUCT_CONTEXT('',#10954,'mechanical');
#10951=PRODUCT_CONTEXT('',#10954,'mechanical');
#10952=PRODUCT_CONTEXT('',#10954,'mechanical');
#10953=APPLICATION_PROTOCOL_DEFINITION('international standard',
'ap242_managed_model_based_3d_engineering',2011,#10954);
#10954=APPLICATION_CONTEXT('managed model based 3d engineering');
ENDSEC;
END-ISO-10303-21;
